transaction_id,txn_datetime,amount_inr,txn_type,merchant_category,sender_state,sender_bank,payment_app,device_type,sender_age_group,sender_account_age_days,is_new_payee,txn_count_last_24h,txn_status,is_fraud,fraud_type,fraud_reported_delay_hrs
283593751407,2022-01-01 15:55:53,300.0,P2M,Entertainment & OTT,Odisha,HDFC Bank,PhonePe,Android,26-35,755,0,1,SUCCESS,0,Not fraud,
275137658926,2022-01-01 17:18:14,872.24,P2P,Not applicable,Uttar Pradesh,HDFC Bank,Google Pay,Android,18-25,891,1,4,SUCCESS,0,Not fraud,
854733312906,2022-01-01 23:22:27,650.0,Autopay/Mandate,Entertainment & OTT,Bihar,HDFC Bank,Google Pay,Android,18-25,273,0,1,SUCCESS,0,Not fraud,
528701632385,2022-01-02 12:12:16,33.55,P2M,Others,Maharashtra,Yes Bank,Google Pay,iOS,18-25,629,0,6,SUCCESS,0,Not fraud,
818247803340,2022-01-02 20:42:54,689.56,P2P,Not applicable,West Bengal,Other,PhonePe,iOS,18-25,29,1,3,SUCCESS,0,Not fraud,
959075994445,2022-01-03 00:31:43,300.0,P2M,Telecom & Recharge,Gujarat,Bank of Baroda,Google Pay,Android,18-25,204,0,4,DEEMED,0,Not fraud,
269817089478,2022-01-03 07:57:36,1280.0,P2P,Not applicable,Andhra Pradesh,Union Bank of India,PhonePe,Android,36-45,3053,1,2,SUCCESS,0,Not fraud,
800013644553,2022-01-03 08:03:10,1900.0,P2P,Not applicable,Punjab,State Bank of India,Google Pay,Android,26-35,1590,0,1,SUCCESS,0,Not fraud,
175202339690,2022-01-03 12:49:35,390.0,P2M,Grocery & Supermarkets,Uttar Pradesh,State Bank of India,PhonePe,Android,26-35,5540,0,6,SUCCESS,0,Not fraud,
686412309714,2022-01-05 12:49:58,890.0,Collect Request,Not applicable,Tamil Nadu,Indian Bank,Google Pay,Android,18-25,1292,1,4,SUCCESS,0,Not fraud,
220586701433,2022-01-05 14:47:06,280.0,P2M,Grocery & Supermarkets,Chhattisgarh,Punjab National Bank,Google Pay,Android,46-59,6000,0,3,SUCCESS,0,Not fraud,
409804054313,2022-01-06 23:12:47,3837.66,P2P,Not applicable,Andhra Pradesh,Other,PhonePe,Android,18-25,742,1,6,SUCCESS,0,Not fraud,
744197888092,2022-01-07 05:18:30,740.51,P2P,Not applicable,Jharkhand,Punjab National Bank,PhonePe,Android,46-59,703,0,4,SUCCESS,0,Not fraud,
112572856626,2022-01-07 10:48:53,630.0,Autopay/Mandate,Telecom & Recharge,Kerala,HDFC Bank,Google Pay,iOS,26-35,448,0,3,SUCCESS,0,Not fraud,
181545227357,2022-01-07 12:22:39,1498.96,P2M,Utilities,Uttarakhand,Other,Amazon Pay,Android,26-35,714,0,5,SUCCESS,0,Not fraud,
539672316502,2022-01-07 17:25:34,1910.0,P2M,Telecom & Recharge,Jharkhand,HDFC Bank,Google Pay,Android,36-45,224,1,3,SUCCESS,0,Not fraud,
530221047130,2022-01-08 07:58:37,780.0,P2P,Not applicable,Delhi,Indian Bank,PhonePe,Android,18-25,537,1,3,SUCCESS,0,Not fraud,
825884664732,2022-01-08 09:46:04,578.8,P2P,Not applicable,Tamil Nadu,Other,Paytm,Android,26-35,361,0,5,SUCCESS,0,Not fraud,
493045760885,2022-01-08 09:57:11,1360.0,P2P,Not applicable,Telangana,State Bank of India,PhonePe,iOS,46-59,189,1,1,SUCCESS,0,Not fraud,
306300466440,2022-01-09 19:27:00,270.86,P2M,Utilities,Tamil Nadu,State Bank of India,Google Pay,Android,46-59,584,0,6,SUCCESS,0,Not fraud,
256908133913,2022-01-10 12:51:05,175.91,P2M,E-commerce,Kerala,ICICI Bank,Google Pay,Android,26-35,737,0,4,SUCCESS,0,Not fraud,
251464215953,2022-01-10 15:03:25,610.0,P2M,Others,Karnataka,HDFC Bank,CRED,Android,36-45,554,0,11,SUCCESS,0,Not fraud,
798199827994,2022-01-11 07:24:40,200.0,P2M,Financial Services,Rajasthan,ICICI Bank,Google Pay,Android,18-25,253,0,7,SUCCESS,0,Not fraud,
752721811509,2022-01-11 17:31:43,2200.0,P2M,E-commerce,Madhya Pradesh,Other,Google Pay,Android,36-45,100,0,2,SUCCESS,0,Not fraud,
327832378808,2022-01-12 21:24:56,270.0,Bill Payment,Education,Maharashtra,Axis Bank,PhonePe,Android,26-35,853,0,2,SUCCESS,0,Not fraud,
206185372169,2022-01-13 12:12:39,560.0,P2M,Grocery & Supermarkets,Uttar Pradesh,Kotak Mahindra Bank,PhonePe,Android,46-59,1662,0,2,SUCCESS,0,Not fraud,
338026866810,2022-01-15 07:27:41,92196.69,P2P,Not applicable,Haryana,HDFC Bank,Google Pay,Feature Phone (USSD),46-59,324,1,4,SUCCESS,1,SIM Swap/Account Takeover,37.1
793236645672,2022-01-15 12:43:54,182.57,P2P,Not applicable,Karnataka,ICICI Bank,Google Pay,Android,18-25,509,1,1,SUCCESS,0,Not fraud,
944310915688,2022-01-15 22:35:11,830.0,P2M,Healthcare,Uttar Pradesh,ICICI Bank,Google Pay,Android,26-35,420,0,4,SUCCESS,0,Not fraud,
213484896112,2022-01-16 05:15:20,490.0,P2M,Travel & Transport,Karnataka,Canara Bank,PhonePe,Android,18-25,351,1,5,SUCCESS,0,Not fraud,
700850035032,2022-01-16 13:02:39,1840.0,Collect Request,Not applicable,Kerala,Other,Google Pay,Android,46-59,226,1,2,SUCCESS,0,Not fraud,
431440034420,2022-01-16 15:51:42,175.28,Bill Payment,Telecom & Recharge,Tamil Nadu,IndusInd Bank,Google Pay,Android,36-45,717,0,3,SUCCESS,0,Not fraud,
328909287917,2022-01-16 20:08:04,1204.07,P2P,Not applicable,Uttar Pradesh,Axis Bank,PhonePe,Android,26-35,1312,1,1,SUCCESS,0,Not fraud,
702316196692,2022-01-17 06:03:18,2019.3,P2P,Not applicable,Rajasthan,State Bank of India,PhonePe,Android,36-45,217,0,1,SUCCESS,0,Not fraud,
158264265458,2022-01-17 09:32:33,1468.55,P2P,Not applicable,Maharashtra,Bank of Baroda,CRED,Android,26-35,1202,0,4,SUCCESS,0,Not fraud,
493944893003,2022-01-17 19:08:05,1800.0,P2M,Telecom & Recharge,Tripura,Bank of India,PhonePe,Android,26-35,239,0,7,SUCCESS,0,Not fraud,
926610562011,2022-01-17 22:22:11,200.0,P2M,Entertainment & OTT,West Bengal,Other,Google Pay,Android,46-59,256,0,7,SUCCESS,0,Not fraud,
883874867335,2022-01-18 17:46:41,4420.09,P2P,Not applicable,Madhya Pradesh,Axis Bank,PhonePe,Android,36-45,2152,0,2,SUCCESS,0,Not fraud,
293765530906,2022-01-18 20:08:43,1570.0,P2P,Not applicable,Bihar,Indian Bank,PhonePe,Android,46-59,6000,1,2,SUCCESS,0,Not fraud,
430132045419,2022-01-18 20:55:55,650.0,P2M,Food & Dining,Kerala,Kotak Mahindra Bank,Amazon Pay,Android,18-25,861,0,8,SUCCESS,0,Not fraud,
463997816958,2022-01-19 11:40:52,1830.0,P2M,Grocery & Supermarkets,Goa,HDFC Bank,Google Pay,Android,36-45,304,0,4,SUCCESS,0,Not fraud,
659634233586,2022-01-19 14:13:16,1730.81,P2P,Not applicable,Telangana,Union Bank of India,Google Pay,Android,36-45,342,0,1,SUCCESS,0,Not fraud,
978493499277,2022-01-19 16:52:15,997.81,P2P,Not applicable,West Bengal,Bank of Baroda,PhonePe,Android,18-25,1026,0,5,SUCCESS,0,Not fraud,
639633499744,2022-01-19 17:29:19,5233.38,Collect Request,Not applicable,Maharashtra,IndusInd Bank,Google Pay,Android,60+,786,1,3,SUCCESS,1,Fake Customer Care,43.8
111912392229,2022-01-20 07:47:15,120.0,P2M,Grocery & Supermarkets,Karnataka,State Bank of India,PhonePe,Android,18-25,429,0,6,SUCCESS,0,Not fraud,
112261969753,2022-01-20 16:40:14,1800.0,P2P,Not applicable,Gujarat,Other,PhonePe,Android,46-59,559,0,3,SUCCESS,0,Not fraud,
510565179567,2022-01-20 20:50:49,274.16,P2P,Not applicable,Chhattisgarh,HDFC Bank,PhonePe,Android,36-45,896,1,2,SUCCESS,0,Not fraud,
301468792683,2022-01-21 16:34:56,39925.74,P2P,Not applicable,Maharashtra,Punjab National Bank,PhonePe,iOS,26-35,6000,0,4,SUCCESS,1,Investment/Task Scam,20.6
381487974887,2022-01-22 12:14:04,154.27,Autopay/Mandate,Education,Rajasthan,Other,Google Pay,Android,26-35,1056,0,3,SUCCESS,0,Not fraud,
359647638298,2022-01-22 15:11:40,5600.0,Bill Payment,Telecom & Recharge,West Bengal,State Bank of India,PhonePe,Android,26-35,161,1,2,SUCCESS,0,Not fraud,
156596457159,2022-01-22 15:22:54,1.0,P2M,Telecom & Recharge,Telangana,Other,PhonePe,Android,26-35,4674,0,4,SUCCESS,0,Not fraud,
202377961780,2022-01-23 12:48:16,210.0,P2P,Not applicable,Karnataka,Axis Bank,PhonePe,Android,60+,412,0,3,DEEMED,0,Not fraud,
442990415382,2022-01-23 14:06:50,6006.93,Collect Request,Not applicable,Madhya Pradesh,Other,PhonePe,Android,26-35,804,1,2,SUCCESS,1,Fake Collect Request,12.5
693776325428,2022-01-24 09:22:56,1106.99,P2P,Not applicable,Andhra Pradesh,State Bank of India,Google Pay,Android,18-25,224,0,1,SUCCESS,0,Not fraud,
372500222414,2022-01-24 18:07:25,697.03,P2M,Healthcare,Uttar Pradesh,Union Bank of India,Google Pay,Android,36-45,1057,1,5,SUCCESS,0,Not fraud,
909595292823,2022-01-25 06:34:46,415.11,P2M,Financial Services,Telangana,State Bank of India,PhonePe,Android,60+,908,0,4,SUCCESS,0,Not fraud,
267287833375,2022-01-25 12:14:05,350.0,P2M,Grocery & Supermarkets,Madhya Pradesh,HDFC Bank,Other,Android,26-35,2649,0,8,SUCCESS,0,Not fraud,
249805877013,2022-01-25 16:10:19,1700.0,Autopay/Mandate,Financial Services,Uttar Pradesh,Canara Bank,PhonePe,Android,46-59,628,0,4,SUCCESS,0,Not fraud,
231305573250,2022-01-26 23:37:19,220.0,P2M,Grocery & Supermarkets,Maharashtra,Axis Bank,Google Pay,Android,18-25,5901,0,1,SUCCESS,0,Not fraud,
116867822864,2022-01-27 17:23:30,2707.98,P2P,Not applicable,Tamil Nadu,State Bank of India,Google Pay,Android,26-35,3798,0,2,SUCCESS,0,Not fraud,
124500904718,2022-01-27 18:53:22,471.62,P2P,Not applicable,Rajasthan,HDFC Bank,PhonePe,Android,18-25,525,0,3,FAILED,0,Not fraud,
564020620889,2022-01-28 13:54:10,3806.94,P2P,Not applicable,West Bengal,State Bank of India,PhonePe,iOS,36-45,1448,0,2,SUCCESS,0,Not fraud,
482522371532,2022-01-28 16:33:49,3584.47,Bill Payment,Telecom & Recharge,Rajasthan,Other,PhonePe,iOS,26-35,2220,0,4,SUCCESS,0,Not fraud,
690624047784,2022-01-28 16:45:58,100.0,P2M,Grocery & Supermarkets,Chandigarh,Kotak Mahindra Bank,Google Pay,Android,26-35,63,0,2,SUCCESS,0,Not fraud,
990834588134,2022-01-29 12:05:02,120.0,P2M,Fuel,Maharashtra,Axis Bank,PhonePe,iOS,18-25,1263,1,4,SUCCESS,0,Not fraud,
709879726430,2022-01-29 16:01:55,260.0,P2M,Telecom & Recharge,Bihar,Axis Bank,Amazon Pay,Android,18-25,845,0,5,SUCCESS,0,Not fraud,
781562706716,2022-01-30 20:56:47,220.0,P2P,Not applicable,Uttar Pradesh,HDFC Bank,PhonePe,Android,26-35,2346,0,1,SUCCESS,0,Not fraud,
579357356830,2022-01-31 11:23:40,60.0,P2M,Food & Dining,Goa,IDFC FIRST Bank,PhonePe,iOS,26-35,1372,0,5,SUCCESS,0,Not fraud,
866911860840,2022-01-31 20:47:58,1200.0,P2M,Grocery & Supermarkets,West Bengal,Other,PhonePe,Android,26-35,472,1,5,SUCCESS,0,Not fraud,
283598092462,2022-01-31 21:19:55,1277.48,P2M,Travel & Transport,Uttar Pradesh,State Bank of India,Paytm,Android,18-25,55,0,3,SUCCESS,0,Not fraud,
825403151874,2022-02-01 08:15:54,356.22,P2M,Fuel,Tamil Nadu,HDFC Bank,Google Pay,Android,46-59,1148,0,4,SUCCESS,0,Not fraud,
767084985497,2022-02-01 17:09:41,430.0,P2M,Grocery & Supermarkets,Karnataka,State Bank of India,Google Pay,Android,36-45,288,1,6,SUCCESS,0,Not fraud,
185213855720,2022-02-01 19:43:50,460.0,P2M,Travel & Transport,Punjab,State Bank of India,PhonePe,Android,26-35,324,0,5,SUCCESS,0,Not fraud,
271893938057,2022-02-02 13:38:57,759.92,Collect Request,Not applicable,Delhi,ICICI Bank,PhonePe,iOS,18-25,591,1,3,SUCCESS,1,Fake Collect Request,7.9
190338374985,2022-02-02 13:41:31,2864.13,Autopay/Mandate,Entertainment & OTT,Madhya Pradesh,HDFC Bank,Google Pay,Android,18-25,158,0,4,SUCCESS,0,Not fraud,
418494554960,2022-02-02 15:40:33,1136.18,Bill Payment,Utilities,Maharashtra,ICICI Bank,Google Pay,iOS,36-45,342,0,2,SUCCESS,0,Not fraud,
270844350662,2022-02-02 17:07:45,640.0,P2M,Food & Dining,West Bengal,Bank of Baroda,Other,Android,26-35,1118,0,3,SUCCESS,0,Not fraud,
722019913013,2022-02-02 19:41:41,201.62,P2M,Food & Dining,Tripura,State Bank of India,Google Pay,Android,26-35,452,1,5,SUCCESS,0,Not fraud,
160314777534,2022-02-03 08:25:54,1180.0,Bill Payment,Utilities,Maharashtra,Kotak Mahindra Bank,PhonePe,Android,46-59,1652,0,3,SUCCESS,0,Not fraud,
230966952674,2022-02-04 13:47:34,1400.0,P2P,Not applicable,Bihar,State Bank of India,Google Pay,Android,60+,1568,0,7,SUCCESS,0,Not fraud,
368553399604,2022-02-04 18:04:17,359.82,P2M,Grocery & Supermarkets,Telangana,Union Bank of India,Google Pay,Android,26-35,357,0,4,SUCCESS,0,Not fraud,
576823747391,2022-02-04 19:05:00,220.0,P2M,Entertainment & OTT,Bihar,HDFC Bank,PhonePe,Android,36-45,228,0,3,SUCCESS,0,Not fraud,
813708713032,2022-02-05 14:22:30,3750.0,P2P,Not applicable,Tamil Nadu,Bank of India,Google Pay,Android,36-45,37,0,5,SUCCESS,0,Not fraud,
590441413909,2022-02-06 04:42:02,4030.0,P2M,Education,Tamil Nadu,HDFC Bank,Other,Android,18-25,6000,0,9,SUCCESS,1,QR Code Scam,76.5
632498083701,2022-02-06 16:35:48,1900.0,P2M,Grocery & Supermarkets,Tamil Nadu,HDFC Bank,PhonePe,iOS,36-45,365,0,2,SUCCESS,0,Not fraud,
222068973254,2022-02-06 20:52:04,503.73,P2M,Utilities,Chhattisgarh,Canara Bank,Google Pay,Android,36-45,955,0,3,SUCCESS,0,Not fraud,
213130518285,2022-02-07 16:40:47,2990.27,P2M,Grocery & Supermarkets,Kerala,HDFC Bank,Google Pay,Android,26-35,2072,0,3,SUCCESS,0,Not fraud,
963240697076,2022-02-07 16:57:16,1210.0,P2P,Not applicable,West Bengal,Canara Bank,CRED,Android,36-45,878,1,1,SUCCESS,0,Not fraud,
925602616317,2022-02-07 22:19:52,868.35,P2P,Not applicable,Karnataka,Union Bank of India,Other,Android,36-45,1650,0,5,SUCCESS,0,Not fraud,
872083066183,2022-02-08 11:12:48,4463.5,P2P,Not applicable,Rajasthan,ICICI Bank,Google Pay,iOS,18-25,1331,1,1,SUCCESS,0,Not fraud,
599668491842,2022-02-09 10:32:52,600.0,P2M,Grocery & Supermarkets,Gujarat,State Bank of India,PhonePe,Android,36-45,346,0,5,SUCCESS,0,Not fraud,
623339604502,2022-02-09 14:03:07,440.0,P2P,Not applicable,Rajasthan,Other,PhonePe,iOS,18-25,290,1,1,SUCCESS,0,Not fraud,
794179720958,2022-02-09 17:38:44,140.0,P2M,Grocery & Supermarkets,Rajasthan,State Bank of India,Google Pay,iOS,26-35,2185,0,4,SUCCESS,0,Not fraud,
964566092182,2022-02-09 20:56:04,500.0,Collect Request,Not applicable,Karnataka,HDFC Bank,Google Pay,Android,18-25,3088,1,4,SUCCESS,0,Not fraud,
944642643672,2022-02-10 07:26:11,930.0,P2M,Food & Dining,Assam,IDFC FIRST Bank,PhonePe,iOS,26-35,1866,0,8,SUCCESS,0,Not fraud,
195648666102,2022-02-10 19:12:49,490.52,P2M,Grocery & Supermarkets,Karnataka,ICICI Bank,PhonePe,Android,36-45,1435,0,6,SUCCESS,0,Not fraud,
220192894518,2022-02-10 19:49:16,700.0,P2P,Not applicable,Andhra Pradesh,State Bank of India,PhonePe,Android,26-35,1827,0,7,SUCCESS,0,Not fraud,
101345698133,2022-02-10 20:32:04,133.83,Autopay/Mandate,Financial Services,Jharkhand,ICICI Bank,Google Pay,Android,26-35,149,0,1,SUCCESS,0,Not fraud,
753962014496,2022-02-10 20:32:21,502.83,P2P,Not applicable,Madhya Pradesh,ICICI Bank,PhonePe,Android,26-35,2981,1,2,SUCCESS,0,Not fraud,
697379726945,2022-02-11 04:03:23,3736.89,P2M,Healthcare,Gujarat,State Bank of India,PhonePe,Android,26-35,296,1,1,SUCCESS,0,Not fraud,
835098782813,2022-02-11 13:07:54,2190.0,P2P,Not applicable,Kerala,Punjab National Bank,Google Pay,Android,18-25,94,0,5,SUCCESS,0,Not fraud,
439110165370,2022-02-11 13:51:02,670.0,P2M,Grocery & Supermarkets,Bihar,Yes Bank,PhonePe,Android,26-35,166,0,3,SUCCESS,0,Not fraud,
225202521441,2022-02-11 19:02:06,660.0,P2M,Financial Services,Andhra Pradesh,Canara Bank,PhonePe,Android,18-25,106,0,5,SUCCESS,0,Not fraud,
554891033169,2022-02-11 20:00:01,200.0,P2M,Grocery & Supermarkets,Maharashtra,Other,PhonePe,Android,26-35,458,0,6,SUCCESS,0,Not fraud,
734648195809,2022-02-12 11:21:18,6590.0,Bill Payment,Utilities,Tamil Nadu,Other,Google Pay,Android,18-25,333,0,2,SUCCESS,1,Merchant Impersonation,6.7
256561391757,2022-02-12 13:15:53,276.94,P2M,Grocery & Supermarkets,Karnataka,Other,PhonePe,Android,18-25,1233,0,4,SUCCESS,0,Not fraud,
881309792414,2022-02-13 10:06:13,500.0,P2P,Not applicable,Rajasthan,IDFC FIRST Bank,PhonePe,Android,26-35,2513,0,2,DEEMED,0,Not fraud,
130397333346,2022-02-14 16:45:20,190.0,P2M,Others,Karnataka,ICICI Bank,Google Pay,Android,26-35,62,0,5,SUCCESS,0,Not fraud,
326021357655,2022-02-14 19:44:03,1679.21,P2P,Not applicable,Uttar Pradesh,IDFC FIRST Bank,Google Pay,iOS,18-25,489,1,3,FAILED,0,Not fraud,
995912443609,2022-02-14 20:03:56,1140.67,P2M,Others,Andhra Pradesh,Axis Bank,Google Pay,Android,18-25,87,0,4,DEEMED,0,Not fraud,
356436149793,2022-02-14 20:31:08,200.0,Bill Payment,Utilities,Madhya Pradesh,Union Bank of India,Google Pay,Android,18-25,962,0,3,SUCCESS,0,Not fraud,
510317099781,2022-02-16 20:50:38,669.14,P2M,Grocery & Supermarkets,Gujarat,Yes Bank,Google Pay,iOS,60+,5396,0,5,SUCCESS,0,Not fraud,
336737425883,2022-02-17 14:57:02,3500.0,P2M,E-commerce,Jammu & Kashmir,Other,Paytm,Android,36-45,2227,0,2,SUCCESS,0,Not fraud,
713085424351,2022-02-17 17:21:32,1300.0,P2P,Not applicable,Andhra Pradesh,State Bank of India,Google Pay,Android,60+,134,1,4,SUCCESS,0,Not fraud,
910118908954,2022-02-18 13:00:05,1748.01,P2P,Not applicable,Uttar Pradesh,ICICI Bank,Google Pay,iOS,46-59,6000,0,3,SUCCESS,0,Not fraud,
433778671226,2022-02-19 06:56:50,1740.0,P2M,Grocery & Supermarkets,Assam,Other,Google Pay,Android,36-45,151,0,4,SUCCESS,0,Not fraud,
529895188412,2022-02-19 09:30:00,2016.18,P2M,Grocery & Supermarkets,Karnataka,Other,Amazon Pay,iOS,18-25,439,0,5,SUCCESS,0,Not fraud,
693640086689,2022-02-19 11:13:06,542.14,P2P,Not applicable,Assam,State Bank of India,Google Pay,Android,26-35,504,0,3,SUCCESS,0,Not fraud,
520378990197,2022-02-19 12:44:15,1732.2,P2P,Not applicable,Karnataka,Axis Bank,PhonePe,Android,26-35,646,0,1,SUCCESS,0,Not fraud,
943625287008,2022-02-19 13:19:27,921.44,P2M,Grocery & Supermarkets,Karnataka,Bank of India,PhonePe,iOS,18-25,260,0,3,SUCCESS,0,Not fraud,
603162658005,2022-02-19 16:03:37,300.0,P2M,Others,Maharashtra,State Bank of India,PhonePe,Android,36-45,247,0,3,SUCCESS,0,Not fraud,
495461395127,2022-02-19 17:49:14,600.0,P2M,Fuel,Gujarat,State Bank of India,Google Pay,Android,26-35,190,0,4,SUCCESS,0,Not fraud,
381088323654,2022-02-20 07:32:54,700.0,P2P,Not applicable,Tamil Nadu,State Bank of India,Google Pay,Android,46-59,612,1,4,SUCCESS,0,Not fraud,
502332931371,2022-02-20 15:08:13,6285.06,Collect Request,Not applicable,Uttar Pradesh,Bank of India,Other,Android,26-35,344,0,1,SUCCESS,1,Fake Collect Request,13.7
286294523892,2022-02-20 21:22:53,111.42,P2P,Not applicable,Karnataka,Kotak Mahindra Bank,Google Pay,Android,18-25,993,0,5,SUCCESS,0,Not fraud,
830678723255,2022-02-21 19:24:46,617.37,P2M,Grocery & Supermarkets,Delhi,Other,PhonePe,Android,26-35,408,0,2,PENDING,0,Not fraud,
224950182072,2022-02-21 19:56:21,500.0,Autopay/Mandate,Entertainment & OTT,Andhra Pradesh,Bank of India,PhonePe,Android,18-25,1395,0,1,SUCCESS,0,Not fraud,
136317383542,2022-02-22 16:32:48,430.0,P2P,Not applicable,Maharashtra,Bank of Baroda,PhonePe,Android,46-59,337,0,3,SUCCESS,0,Not fraud,
621356364692,2022-02-22 22:30:56,4132.83,P2P,Not applicable,Maharashtra,State Bank of India,PhonePe,Android,36-45,2244,0,1,SUCCESS,1,Phishing/Vishing,13.6
801337885009,2022-02-23 09:25:07,752.48,P2P,Not applicable,Karnataka,HDFC Bank,Amazon Pay,Android,18-25,1127,0,3,SUCCESS,0,Not fraud,
866980143474,2022-02-23 11:28:23,600.0,P2P,Not applicable,Madhya Pradesh,State Bank of India,PhonePe,iOS,18-25,740,1,2,SUCCESS,0,Not fraud,
962941546260,2022-02-23 14:50:19,1280.0,P2P,Not applicable,Tamil Nadu,HDFC Bank,PhonePe,Android,18-25,451,0,1,SUCCESS,0,Not fraud,
125649864404,2022-02-23 16:37:21,5020.0,Collect Request,Not applicable,Odisha,Other,Google Pay,Android,46-59,354,1,1,SUCCESS,0,Not fraud,
688023940517,2022-02-23 16:43:17,4540.0,P2P,Not applicable,Maharashtra,Other,PhonePe,Android,60+,289,0,4,SUCCESS,0,Not fraud,
457049921363,2022-02-23 19:33:23,478.18,P2M,Education,Gujarat,Other,Google Pay,Android,26-35,261,0,5,SUCCESS,0,Not fraud,
209063782598,2022-02-24 19:34:29,600.0,P2P,Not applicable,Maharashtra,Axis Bank,PhonePe,Android,26-35,2607,1,4,SUCCESS,0,Not fraud,
305893597499,2022-02-25 03:55:39,1880.0,P2M,Education,Uttarakhand,Other,Paytm,Android,18-25,1095,0,6,SUCCESS,0,Not fraud,
585715556349,2022-02-25 17:30:25,224.43,Autopay/Mandate,Entertainment & OTT,Delhi,IDFC FIRST Bank,PhonePe,Android,26-35,755,0,3,SUCCESS,0,Not fraud,
178691849894,2022-02-26 19:00:31,910.36,P2P,Not applicable,Tripura,ICICI Bank,Google Pay,iOS,18-25,254,0,1,SUCCESS,0,Not fraud,
211288951044,2022-02-26 21:31:03,4500.0,Collect Request,Not applicable,Maharashtra,Other,PhonePe,Android,18-25,582,1,4,SUCCESS,0,Not fraud,
830092744816,2022-02-27 09:11:52,1300.0,P2P,Not applicable,Kerala,IndusInd Bank,PhonePe,Android,26-35,3260,0,4,SUCCESS,0,Not fraud,
450180607482,2022-02-27 11:27:09,2200.0,P2M,E-commerce,Tamil Nadu,Bank of Baroda,PhonePe,iOS,26-35,707,0,6,SUCCESS,0,Not fraud,
805712656663,2022-02-27 14:15:23,2025.8,Bill Payment,Telecom & Recharge,Kerala,Axis Bank,Amazon Pay,Android,46-59,232,0,4,FAILED,0,Not fraud,
769494685024,2022-02-27 16:33:53,676.75,Autopay/Mandate,Education,Kerala,State Bank of India,Google Pay,Android,18-25,240,0,1,SUCCESS,0,Not fraud,
420591221562,2022-02-27 18:04:27,620.0,P2P,Not applicable,Uttarakhand,HDFC Bank,PhonePe,Android,26-35,554,0,1,SUCCESS,0,Not fraud,
744530227097,2022-02-28 19:05:27,370.0,P2P,Not applicable,Telangana,State Bank of India,Other,Android,26-35,307,1,3,SUCCESS,0,Not fraud,
826379026074,2022-02-28 19:10:31,2353.79,P2M,Travel & Transport,Gujarat,Axis Bank,PhonePe,iOS,36-45,171,0,4,SUCCESS,0,Not fraud,
152697679988,2022-03-01 08:02:05,330.0,P2M,Grocery & Supermarkets,Odisha,Axis Bank,PhonePe,Android,18-25,2144,0,3,SUCCESS,0,Not fraud,
869481488037,2022-03-01 11:15:15,364.81,Autopay/Mandate,Financial Services,Maharashtra,State Bank of India,BHIM,iOS,46-59,732,0,4,SUCCESS,0,Not fraud,
220171476704,2022-03-01 16:35:54,600.0,Autopay/Mandate,Telecom & Recharge,West Bengal,Yes Bank,Google Pay,iOS,18-25,1679,0,9,SUCCESS,0,Not fraud,
596763143387,2022-03-02 11:39:46,2405.76,P2M,Travel & Transport,Delhi,State Bank of India,PhonePe,iOS,18-25,603,0,4,SUCCESS,0,Not fraud,
958661773164,2022-03-02 17:15:57,630.0,P2M,Education,Jammu & Kashmir,State Bank of India,PhonePe,Android,36-45,170,0,5,SUCCESS,0,Not fraud,
631772253760,2022-03-03 10:06:41,10900.0,P2P,Not applicable,Madhya Pradesh,Punjab National Bank,Google Pay,Android,36-45,6000,1,3,SUCCESS,1,Fake Customer Care,14.3
222566431105,2022-03-03 11:19:21,266.54,Autopay/Mandate,Entertainment & OTT,Uttar Pradesh,Punjab National Bank,Other,Android,26-35,355,0,4,SUCCESS,0,Not fraud,
412083328410,2022-03-03 18:44:09,369.96,P2M,Telecom & Recharge,Odisha,HDFC Bank,Google Pay,iOS,36-45,132,0,3,SUCCESS,0,Not fraud,
328275782385,2022-03-04 06:30:56,123.24,P2M,Fuel,Jharkhand,IndusInd Bank,PhonePe,Android,18-25,193,0,3,SUCCESS,0,Not fraud,
138777037005,2022-03-04 07:34:53,800.0,P2M,Grocery & Supermarkets,Gujarat,State Bank of India,Google Pay,Android,46-59,576,0,9,SUCCESS,0,Not fraud,
444424456969,2022-03-04 15:29:44,7020.0,Autopay/Mandate,Telecom & Recharge,Telangana,State Bank of India,Google Pay,iOS,26-35,411,0,5,SUCCESS,0,Not fraud,
838481111293,2022-03-05 17:04:21,594.79,P2M,Fuel,Delhi,IndusInd Bank,PhonePe,Android,26-35,244,0,4,SUCCESS,0,Not fraud,
801221451635,2022-03-06 09:10:19,150.0,P2M,Grocery & Supermarkets,Maharashtra,Bank of Baroda,PhonePe,Android,26-35,245,0,2,SUCCESS,0,Not fraud,
349190423990,2022-03-06 09:29:37,737.4,P2M,Education,Uttar Pradesh,Other,PhonePe,Android,36-45,506,1,6,SUCCESS,0,Not fraud,
134876792452,2022-03-06 10:58:58,1690.0,P2M,Financial Services,Maharashtra,Canara Bank,PhonePe,Android,36-45,94,0,1,SUCCESS,0,Not fraud,
252146368760,2022-03-06 14:35:55,822.65,P2P,Not applicable,Telangana,Kotak Mahindra Bank,PhonePe,Android,26-35,1680,1,1,SUCCESS,0,Not fraud,
913753532148,2022-03-07 13:08:44,390.32,P2P,Not applicable,Kerala,IDFC FIRST Bank,Google Pay,Android,26-35,275,0,6,SUCCESS,0,Not fraud,
425468550741,2022-03-07 18:15:18,505.67,Bill Payment,Utilities,Delhi,State Bank of India,PhonePe,Android,36-45,1157,0,2,SUCCESS,0,Not fraud,
763082743505,2022-03-07 18:54:27,100.0,Autopay/Mandate,Utilities,Karnataka,HDFC Bank,PhonePe,Android,26-35,2180,0,2,SUCCESS,0,Not fraud,
471886016749,2022-03-07 19:45:40,2621.45,P2M,Healthcare,Karnataka,Bank of Baroda,PhonePe,iOS,36-45,796,0,6,SUCCESS,0,Not fraud,
329675218636,2022-03-08 13:58:45,720.0,Collect Request,Not applicable,Kerala,State Bank of India,PhonePe,Android,36-45,409,0,2,SUCCESS,0,Not fraud,
136261996923,2022-03-09 20:14:09,664.29,P2M,Grocery & Supermarkets,Madhya Pradesh,HDFC Bank,Google Pay,iOS,26-35,364,0,4,SUCCESS,0,Not fraud,
954691826486,2022-03-10 11:14:11,256.7,P2P,Not applicable,Karnataka,Other,PhonePe,Android,18-25,645,0,3,SUCCESS,0,Not fraud,
551111646982,2022-03-10 15:55:11,67.72,P2M,Others,Bihar,State Bank of India,Google Pay,Android,60+,76,1,5,SUCCESS,0,Not fraud,
274272948225,2022-03-11 08:12:25,240.0,P2M,Travel & Transport,Chhattisgarh,Bank of Baroda,Google Pay,Android,26-35,912,0,4,SUCCESS,0,Not fraud,
155870933728,2022-03-11 18:37:37,185.7,P2M,Healthcare,Rajasthan,Axis Bank,PhonePe,Android,18-25,3929,1,3,SUCCESS,0,Not fraud,
688138957954,2022-03-12 11:50:37,886.31,P2P,Not applicable,Kerala,State Bank of India,Google Pay,iOS,26-35,758,0,3,SUCCESS,0,Not fraud,
246228787081,2022-03-12 13:49:52,310.0,Collect Request,Not applicable,Maharashtra,Kotak Mahindra Bank,Google Pay,Android,26-35,268,1,3,SUCCESS,0,Not fraud,
702851783342,2022-03-12 15:33:42,300.0,Autopay/Mandate,Financial Services,Telangana,HDFC Bank,PhonePe,Android,18-25,284,0,3,SUCCESS,0,Not fraud,
973269830695,2022-03-13 13:09:17,440.0,P2P,Not applicable,Andhra Pradesh,State Bank of India,PhonePe,iOS,36-45,394,0,1,SUCCESS,0,Not fraud,
351888043191,2022-03-15 12:53:24,400.0,P2P,Not applicable,Telangana,Other,Google Pay,Android,46-59,993,0,1,SUCCESS,0,Not fraud,
623306348274,2022-03-17 00:57:20,23748.78,Collect Request,Not applicable,Himachal Pradesh,Bank of Baroda,Google Pay,iOS,18-25,448,0,3,SUCCESS,1,Phishing/Vishing,45.9
265561325851,2022-03-17 16:52:20,7141.43,Collect Request,Not applicable,Rajasthan,State Bank of India,Google Pay,Android,46-59,1629,1,2,SUCCESS,0,Not fraud,
465975170713,2022-03-17 22:29:52,2678.64,P2M,Financial Services,Haryana,Punjab National Bank,Amazon Pay,Android,36-45,2847,0,6,SUCCESS,0,Not fraud,
988272871476,2022-03-19 16:32:51,1929.42,P2M,Financial Services,Karnataka,Other,PhonePe,Android,36-45,140,1,5,SUCCESS,0,Not fraud,
250990901312,2022-03-20 10:44:31,800.0,P2M,Utilities,Uttar Pradesh,Kotak Mahindra Bank,Google Pay,Android,26-35,1943,0,7,SUCCESS,0,Not fraud,
901435809434,2022-03-20 14:12:49,98.96,P2M,Food & Dining,Uttar Pradesh,ICICI Bank,Google Pay,iOS,18-25,374,0,5,SUCCESS,0,Not fraud,
862249299566,2022-03-21 01:32:22,690.0,Autopay/Mandate,Entertainment & OTT,Maharashtra,State Bank of India,PhonePe,Android,26-35,66,0,4,SUCCESS,0,Not fraud,
328324128642,2022-03-22 18:49:34,400.0,P2M,Grocery & Supermarkets,Rajasthan,Canara Bank,PhonePe,iOS,46-59,395,0,5,SUCCESS,0,Not fraud,
778601304352,2022-03-23 08:11:58,211.5,P2P,Not applicable,Rajasthan,Bank of India,PhonePe,Android,26-35,516,0,2,SUCCESS,0,Not fraud,
361865083924,2022-03-23 09:55:37,1200.0,P2P,Not applicable,Uttar Pradesh,ICICI Bank,PhonePe,Android,26-35,1920,0,1,SUCCESS,0,Not fraud,
984557990218,2022-03-23 10:25:24,100.0,Autopay/Mandate,Telecom & Recharge,Telangana,ICICI Bank,PhonePe,Android,60+,100,1,3,SUCCESS,0,Not fraud,
940485706647,2022-03-24 10:55:31,929.2,P2P,Not applicable,Telangana,Other,PhonePe,iOS,18-25,585,1,5,SUCCESS,0,Not fraud,
132058073144,2022-03-24 12:19:08,1720.0,P2P,Not applicable,Himachal Pradesh,Union Bank of India,Google Pay,Android,26-35,2188,1,3,SUCCESS,0,Not fraud,
488798861411,2022-03-24 18:09:23,2628.27,Autopay/Mandate,Financial Services,Bihar,Bank of India,Google Pay,Android,26-35,421,0,3,SUCCESS,0,Not fraud,
953887602276,2022-03-24 19:15:42,1350.0,P2P,Not applicable,Assam,Bank of Baroda,PhonePe,Android,36-45,183,0,5,SUCCESS,0,Not fraud,
436887639058,2022-03-25 08:30:56,100.0,P2M,Healthcare,West Bengal,Axis Bank,Google Pay,Android,46-59,531,0,3,SUCCESS,0,Not fraud,
630189634118,2022-03-25 12:24:23,1934.37,Bill Payment,Telecom & Recharge,West Bengal,Kotak Mahindra Bank,PhonePe,Android,26-35,228,0,3,SUCCESS,0,Not fraud,
167829308893,2022-03-25 16:20:19,1069.73,P2P,Not applicable,Gujarat,ICICI Bank,Google Pay,Android,36-45,1831,0,2,SUCCESS,0,Not fraud,
195636519197,2022-03-25 21:13:53,439.36,Bill Payment,Utilities,Uttar Pradesh,Union Bank of India,Google Pay,Android,36-45,947,0,3,SUCCESS,0,Not fraud,
227214286691,2022-03-26 13:45:36,300.0,P2M,Travel & Transport,Karnataka,State Bank of India,PhonePe,Android,46-59,68,1,5,SUCCESS,0,Not fraud,
140085841530,2022-03-26 16:50:52,340.0,P2M,Healthcare,Uttar Pradesh,Punjab National Bank,PhonePe,Android,18-25,79,0,3,SUCCESS,0,Not fraud,
130124964989,2022-03-27 20:55:51,11567.1,P2P,Not applicable,West Bengal,State Bank of India,PhonePe,Android,18-25,181,0,2,SUCCESS,1,Fake Customer Care,21.8
900689014795,2022-03-27 21:12:40,490.0,P2M,Utilities,Maharashtra,Kotak Mahindra Bank,Google Pay,Android,26-35,508,0,4,SUCCESS,0,Not fraud,
583698274133,2022-03-28 18:37:59,22.54,P2M,Food & Dining,Karnataka,State Bank of India,PhonePe,Android,36-45,1057,0,7,SUCCESS,0,Not fraud,
214566779140,2022-03-28 21:12:48,670.0,Autopay/Mandate,Education,Punjab,Other,PhonePe,iOS,26-35,2865,0,2,SUCCESS,0,Not fraud,
196476660806,2022-03-29 15:20:21,300.0,P2M,Travel & Transport,Haryana,Yes Bank,Other,Android,18-25,3880,0,5,SUCCESS,0,Not fraud,
603793985352,2022-03-29 16:21:29,2026.63,Bill Payment,Education,Uttar Pradesh,Other,PhonePe,Android,36-45,89,0,5,SUCCESS,0,Not fraud,
352863404508,2022-03-30 11:40:01,820.0,P2P,Not applicable,Haryana,Union Bank of India,Google Pay,Android,26-35,341,1,3,SUCCESS,0,Not fraud,
542838309421,2022-03-30 12:25:02,170.0,P2P,Not applicable,Telangana,Bank of India,Google Pay,Android,18-25,581,1,3,SUCCESS,0,Not fraud,
856789651462,2022-03-30 13:15:16,727.14,P2P,Not applicable,Jharkhand,Other,CRED,Android,26-35,127,0,3,SUCCESS,0,Not fraud,
366117648505,2022-04-01 13:18:52,660.0,Bill Payment,Financial Services,Rajasthan,Other,Google Pay,Android,26-35,2814,0,2,SUCCESS,0,Not fraud,
288789314914,2022-04-01 14:04:42,1267.22,Collect Request,Not applicable,Maharashtra,ICICI Bank,Amazon Pay,iOS,18-25,266,1,4,SUCCESS,0,Not fraud,
612347819641,2022-04-01 15:24:55,2090.0,Autopay/Mandate,Financial Services,Maharashtra,HDFC Bank,PhonePe,Android,46-59,1205,0,2,SUCCESS,0,Not fraud,
464982884190,2022-04-01 20:00:25,530.0,P2M,Food & Dining,Maharashtra,State Bank of India,PhonePe,Android,26-35,1154,0,1,SUCCESS,0,Not fraud,
862601555865,2022-04-01 21:26:00,130.0,P2M,Utilities,Telangana,ICICI Bank,Paytm,Android,46-59,367,0,4,SUCCESS,0,Not fraud,
597447119526,2022-04-02 15:07:34,105.08,P2P,Not applicable,Uttarakhand,Axis Bank,PhonePe,Android,18-25,56,0,5,SUCCESS,0,Not fraud,
274252511980,2022-04-02 15:15:03,1490.0,P2P,Not applicable,Uttar Pradesh,State Bank of India,Paytm,Android,36-45,672,0,1,SUCCESS,0,Not fraud,
570012801769,2022-04-03 17:17:28,200.0,P2P,Not applicable,Haryana,Punjab National Bank,Google Pay,iOS,26-35,649,0,2,SUCCESS,0,Not fraud,
195412985551,2022-04-04 11:54:07,610.0,P2P,Not applicable,Karnataka,Canara Bank,Google Pay,Android,46-59,65,1,2,SUCCESS,0,Not fraud,
716404031459,2022-04-04 12:01:39,1190.0,Collect Request,Not applicable,Tamil Nadu,State Bank of India,PhonePe,Android,26-35,333,1,2,SUCCESS,1,Phishing/Vishing,8.4
621851316551,2022-04-04 14:43:12,173.11,P2P,Not applicable,Chhattisgarh,Other,Paytm,Android,26-35,257,1,3,SUCCESS,0,Not fraud,
134749627657,2022-04-04 14:45:18,1780.0,P2P,Not applicable,Bihar,HDFC Bank,Google Pay,Android,36-45,278,0,3,SUCCESS,0,Not fraud,
865451635584,2022-04-05 15:07:13,380.0,P2M,Entertainment & OTT,Karnataka,State Bank of India,PhonePe,Android,46-59,1907,0,6,SUCCESS,0,Not fraud,
515983806349,2022-04-05 15:28:49,1400.0,P2M,Utilities,Uttar Pradesh,Bank of Baroda,Other,iOS,26-35,2657,1,4,SUCCESS,0,Not fraud,
729001217735,2022-04-05 20:58:39,964.24,P2P,Not applicable,Uttar Pradesh,Punjab National Bank,Google Pay,Android,26-35,804,0,6,SUCCESS,0,Not fraud,
455227024498,2022-04-06 12:46:33,15200.79,P2P,Not applicable,Punjab,State Bank of India,Google Pay,Android,18-25,459,1,2,SUCCESS,1,SIM Swap/Account Takeover,288.5
912983674732,2022-04-06 23:53:20,1827.9,P2P,Not applicable,Telangana,Kotak Mahindra Bank,Paytm,Android,18-25,193,1,1,SUCCESS,0,Not fraud,
319952117248,2022-04-07 17:07:47,500.0,P2M,Travel & Transport,Telangana,HDFC Bank,PhonePe,Android,26-35,485,0,8,SUCCESS,0,Not fraud,
865069560202,2022-04-08 14:50:18,1789.89,P2P,Not applicable,Tamil Nadu,IDFC FIRST Bank,PhonePe,Android,26-35,1003,1,4,SUCCESS,1,QR Code Scam,26.5
484593267236,2022-04-08 21:01:36,1780.0,Autopay/Mandate,Utilities,Tamil Nadu,Canara Bank,PhonePe,iOS,36-45,1508,0,4,SUCCESS,0,Not fraud,
872288362765,2022-04-09 21:45:46,797.24,P2P,Not applicable,Karnataka,Punjab National Bank,PhonePe,Android,26-35,113,0,2,SUCCESS,0,Not fraud,
994679153254,2022-04-09 21:50:11,6959.22,P2M,Fuel,Rajasthan,Yes Bank,Paytm,Android,26-35,554,0,4,SUCCESS,0,Not fraud,
676968731749,2022-04-10 10:14:46,750.11,P2P,Not applicable,Uttar Pradesh,Other,PhonePe,iOS,26-35,3633,0,5,SUCCESS,0,Not fraud,
351047299566,2022-04-10 19:02:17,230.0,P2M,Entertainment & OTT,Jharkhand,Kotak Mahindra Bank,PhonePe,Android,26-35,1139,0,3,SUCCESS,0,Not fraud,
787919966103,2022-04-11 20:35:02,390.0,P2P,Not applicable,Gujarat,Bank of India,Google Pay,Android,18-25,606,1,1,SUCCESS,0,Not fraud,
376165407562,2022-04-12 09:03:20,1323.81,Collect Request,Not applicable,Bihar,ICICI Bank,PhonePe,iOS,26-35,477,1,3,SUCCESS,0,Not fraud,
341860612433,2022-04-12 14:10:28,779.8,P2P,Not applicable,West Bengal,Union Bank of India,CRED,Android,36-45,257,0,3,SUCCESS,0,Not fraud,
476586812689,2022-04-12 22:49:21,16600.0,Collect Request,Not applicable,Chhattisgarh,Other,PhonePe,Android,18-25,1426,1,2,SUCCESS,1,Fake Collect Request,33.9
269936343482,2022-04-13 09:53:50,155.96,P2M,Grocery & Supermarkets,Punjab,IDFC FIRST Bank,PhonePe,iOS,26-35,114,0,5,SUCCESS,0,Not fraud,
918911475353,2022-04-13 19:53:58,4842.48,P2P,Not applicable,Maharashtra,Union Bank of India,CRED,iOS,18-25,816,1,5,SUCCESS,1,Phishing/Vishing,20.6
519152219746,2022-04-15 19:02:46,1150.0,P2P,Not applicable,Bihar,State Bank of India,PhonePe,Android,18-25,168,0,3,SUCCESS,0,Not fraud,
299680391467,2022-04-16 09:09:30,480.0,Bill Payment,Education,Telangana,Axis Bank,Google Pay,Android,26-35,5016,0,2,SUCCESS,0,Not fraud,
387810565402,2022-04-18 08:36:20,4140.0,Bill Payment,Education,Gujarat,IndusInd Bank,Google Pay,Android,18-25,30,0,4,SUCCESS,0,Not fraud,
192481725472,2022-04-18 08:50:38,429.36,Bill Payment,Telecom & Recharge,Delhi,HDFC Bank,PhonePe,Android,36-45,194,0,2,SUCCESS,0,Not fraud,
851642889131,2022-04-18 18:51:08,1375.39,P2P,Not applicable,Tamil Nadu,Union Bank of India,Amazon Pay,Android,60+,226,1,1,SUCCESS,0,Not fraud,
909959258057,2022-04-20 10:04:46,5170.0,Bill Payment,Telecom & Recharge,Uttarakhand,State Bank of India,PhonePe,Android,18-25,63,0,3,SUCCESS,0,Not fraud,
243486661944,2022-04-20 12:26:31,1130.0,Collect Request,Not applicable,Kerala,HDFC Bank,PhonePe,Android,46-59,243,1,2,SUCCESS,0,Not fraud,
851607716983,2022-04-20 12:42:41,60.0,P2M,Utilities,Karnataka,State Bank of India,PhonePe,Android,60+,459,0,5,SUCCESS,0,Not fraud,
751076132739,2022-04-20 20:56:37,830.0,P2P,Not applicable,Maharashtra,HDFC Bank,PhonePe,Android,18-25,1376,0,3,SUCCESS,0,Not fraud,
229932851535,2022-04-21 05:05:16,700.0,P2M,Travel & Transport,Andhra Pradesh,HDFC Bank,PhonePe,iOS,26-35,436,0,5,SUCCESS,0,Not fraud,
663673470229,2022-04-21 06:52:56,2700.0,Bill Payment,Utilities,Bihar,Punjab National Bank,PhonePe,iOS,18-25,3795,0,4,SUCCESS,0,Not fraud,
522827478612,2022-04-21 20:21:17,200.0,Autopay/Mandate,Financial Services,Punjab,Other,Paytm,Android,60+,1522,0,4,SUCCESS,0,Not fraud,
141879773716,2022-04-21 23:19:07,1470.0,P2P,Not applicable,Kerala,Kotak Mahindra Bank,Google Pay,iOS,18-25,1404,0,3,SUCCESS,0,Not fraud,
474352331429,2022-04-22 13:35:09,2283.48,P2P,Not applicable,Chhattisgarh,State Bank of India,PhonePe,Android,26-35,179,0,2,SUCCESS,0,Not fraud,
843528070729,2022-04-22 13:57:09,103.31,P2M,Telecom & Recharge,Gujarat,State Bank of India,PhonePe,Android,46-59,827,0,4,SUCCESS,0,Not fraud,
481010695080,2022-04-22 21:56:20,300.0,P2M,Telecom & Recharge,Rajasthan,HDFC Bank,Google Pay,iOS,26-35,671,0,5,SUCCESS,0,Not fraud,
148672686966,2022-04-23 07:11:08,440.0,P2M,Grocery & Supermarkets,Goa,State Bank of India,Google Pay,Android,36-45,5402,0,8,SUCCESS,0,Not fraud,
336894813429,2022-04-23 21:04:55,30.0,P2M,Grocery & Supermarkets,Telangana,HDFC Bank,Google Pay,Android,46-59,528,0,1,SUCCESS,0,Not fraud,
147914354819,2022-04-23 22:04:47,5897.26,P2P,Not applicable,Rajasthan,Other,PhonePe,Android,26-35,32,0,3,SUCCESS,1,Investment/Task Scam,25.0
592883987253,2022-04-24 13:09:03,194.48,Collect Request,Not applicable,Assam,Canara Bank,PhonePe,Android,26-35,1270,1,2,SUCCESS,0,Not fraud,
488211329488,2022-04-24 14:09:11,1020.0,Autopay/Mandate,Financial Services,Maharashtra,State Bank of India,Google Pay,Android,18-25,786,0,1,SUCCESS,0,Not fraud,
647711386023,2022-04-24 15:22:35,1409.42,Autopay/Mandate,Financial Services,Telangana,ICICI Bank,Google Pay,Android,46-59,154,0,2,SUCCESS,0,Not fraud,
860434124004,2022-04-24 17:50:35,1337.38,Autopay/Mandate,Entertainment & OTT,Tamil Nadu,HDFC Bank,PhonePe,Android,26-35,93,1,2,SUCCESS,0,Not fraud,
867809806998,2022-04-24 21:50:37,2804.55,P2M,Fuel,Chhattisgarh,Bank of Baroda,Google Pay,Android,36-45,699,0,2,SUCCESS,0,Not fraud,
956492656218,2022-04-25 05:38:36,1710.0,P2P,Not applicable,Andhra Pradesh,HDFC Bank,PhonePe,iOS,18-25,611,0,2,SUCCESS,0,Not fraud,
336576370052,2022-04-25 22:34:40,2000.0,P2P,Not applicable,Kerala,Punjab National Bank,Google Pay,iOS,26-35,710,1,3,SUCCESS,0,Not fraud,
425311566636,2022-04-26 14:12:33,279.56,Autopay/Mandate,Financial Services,Rajasthan,State Bank of India,Google Pay,Android,60+,6000,1,4,FAILED,0,Not fraud,
792178464525,2022-04-26 14:14:50,600.0,P2M,Entertainment & OTT,Telangana,State Bank of India,Google Pay,Android,26-35,1841,0,5,SUCCESS,0,Not fraud,
508255599748,2022-04-28 09:31:28,1460.0,P2P,Not applicable,Maharashtra,State Bank of India,PhonePe,Android,36-45,852,0,3,SUCCESS,0,Not fraud,
988235431930,2022-04-28 15:29:56,300.0,P2M,Food & Dining,Maharashtra,Canara Bank,Google Pay,Android,26-35,2418,1,8,SUCCESS,0,Not fraud,
120856441839,2022-04-29 09:39:10,654.69,Bill Payment,Financial Services,Himachal Pradesh,ICICI Bank,Google Pay,Android,26-35,699,1,3,SUCCESS,0,Not fraud,
684548360468,2022-04-29 17:04:18,3636.25,P2P,Not applicable,Gujarat,Axis Bank,PhonePe,Android,46-59,98,0,1,SUCCESS,0,Not fraud,
560567375297,2022-04-30 07:35:30,246.55,P2M,Grocery & Supermarkets,Telangana,Other,Google Pay,Android,26-35,396,0,4,SUCCESS,0,Not fraud,
471969710427,2022-04-30 12:43:19,1480.0,P2P,Not applicable,Karnataka,IndusInd Bank,PhonePe,Android,18-25,1304,0,4,SUCCESS,0,Not fraud,
845942580908,2022-04-30 15:04:01,3122.86,Bill Payment,Telecom & Recharge,Jharkhand,Bank of India,Google Pay,Android,60+,287,0,2,SUCCESS,0,Not fraud,
944111353235,2022-05-01 16:33:50,4039.03,P2P,Not applicable,Kerala,HDFC Bank,Google Pay,iOS,26-35,117,0,1,SUCCESS,0,Not fraud,
291780992091,2022-05-02 08:27:36,1070.85,P2M,Travel & Transport,Meghalaya,Punjab National Bank,PhonePe,Android,26-35,146,1,6,SUCCESS,0,Not fraud,
352926883507,2022-05-03 08:58:24,600.0,Bill Payment,Financial Services,Telangana,Bank of India,Google Pay,Android,18-25,777,0,2,SUCCESS,0,Not fraud,
767119831317,2022-05-03 17:53:10,890.0,Bill Payment,Telecom & Recharge,Andhra Pradesh,Bank of Baroda,Other,Android,36-45,201,0,1,SUCCESS,0,Not fraud,
812676956029,2022-05-03 19:57:15,932.07,P2M,Food & Dining,Punjab,HDFC Bank,Other,Android,36-45,4045,0,4,SUCCESS,0,Not fraud,
593792822909,2022-05-04 17:22:54,1700.0,P2P,Not applicable,Karnataka,Axis Bank,Google Pay,iOS,26-35,291,0,5,SUCCESS,0,Not fraud,
965567883089,2022-05-04 18:55:56,1830.32,P2M,E-commerce,Bihar,Punjab National Bank,Paytm,iOS,18-25,5001,0,5,SUCCESS,0,Not fraud,
921692476259,2022-05-05 00:13:10,1370.0,P2P,Not applicable,Maharashtra,HDFC Bank,Google Pay,Android,26-35,947,0,1,SUCCESS,0,Not fraud,
700935304367,2022-05-06 19:41:20,719.78,P2P,Not applicable,Maharashtra,State Bank of India,PhonePe,Android,26-35,990,0,2,SUCCESS,0,Not fraud,
370253741004,2022-05-07 15:41:36,1370.0,Bill Payment,Utilities,Karnataka,State Bank of India,Google Pay,Android,46-59,395,0,3,SUCCESS,0,Not fraud,
288197463913,2022-05-09 11:32:12,1439.91,P2P,Not applicable,Punjab,State Bank of India,PhonePe,Android,26-35,891,0,5,SUCCESS,0,Not fraud,
792054255162,2022-05-10 14:46:54,82.04,Autopay/Mandate,Entertainment & OTT,Maharashtra,State Bank of India,PhonePe,iOS,18-25,1157,0,3,SUCCESS,0,Not fraud,
672054987907,2022-05-11 16:09:17,300.0,Autopay/Mandate,Education,Bihar,Canara Bank,Google Pay,Android,18-25,5926,0,4,SUCCESS,0,Not fraud,
352522245296,2022-05-12 11:13:29,722.77,P2P,Not applicable,Uttar Pradesh,ICICI Bank,PhonePe,iOS,26-35,180,1,4,FAILED,0,Not fraud,
964130083956,2022-05-12 15:35:46,624.69,Autopay/Mandate,Utilities,Telangana,State Bank of India,Google Pay,Android,36-45,259,0,2,SUCCESS,0,Not fraud,
198639592160,2022-05-12 19:00:15,580.45,P2M,Others,Tamil Nadu,Bank of India,Google Pay,iOS,26-35,605,0,4,SUCCESS,0,Not fraud,
813413737449,2022-05-13 11:09:17,1120.0,P2M,Food & Dining,Jammu & Kashmir,Union Bank of India,PhonePe,Android,26-35,100,0,2,SUCCESS,0,Not fraud,
420033310905,2022-05-13 13:30:38,7442.46,P2P,Not applicable,Andhra Pradesh,State Bank of India,Amazon Pay,Android,18-25,629,1,3,SUCCESS,1,Fake Customer Care,10.3
561068096718,2022-05-13 13:31:13,300.0,P2M,Food & Dining,Delhi,Axis Bank,Google Pay,Android,18-25,158,0,4,SUCCESS,0,Not fraud,
564850143172,2022-05-13 14:02:18,340.0,P2M,E-commerce,Gujarat,Punjab National Bank,PhonePe,Android,26-35,2042,0,6,SUCCESS,0,Not fraud,
815594777463,2022-05-13 18:03:13,1600.0,Bill Payment,Utilities,West Bengal,State Bank of India,Google Pay,Android,46-59,110,0,3,SUCCESS,0,Not fraud,
456343074346,2022-05-14 06:30:40,1743.14,Collect Request,Not applicable,Andhra Pradesh,ICICI Bank,PhonePe,Android,18-25,1857,1,3,SUCCESS,1,Fake Collect Request,109.5
881660740144,2022-05-14 16:43:56,750.11,Autopay/Mandate,Entertainment & OTT,Maharashtra,HDFC Bank,Google Pay,iOS,60+,266,0,3,SUCCESS,0,Not fraud,
614738625228,2022-05-14 18:48:27,402.96,P2P,Not applicable,Odisha,State Bank of India,Paytm,Android,18-25,114,0,3,SUCCESS,0,Not fraud,
926754723925,2022-05-14 21:49:15,1500.0,Autopay/Mandate,Financial Services,Maharashtra,HDFC Bank,PhonePe,Android,46-59,197,0,2,SUCCESS,0,Not fraud,
301977091140,2022-05-15 08:04:23,2660.0,P2M,Healthcare,Bihar,ICICI Bank,Google Pay,Android,18-25,75,0,4,SUCCESS,0,Not fraud,
179306239270,2022-05-15 13:42:12,270.0,P2M,Telecom & Recharge,Tamil Nadu,Canara Bank,PhonePe,Android,46-59,531,0,8,SUCCESS,0,Not fraud,
177510111151,2022-05-17 18:12:25,12700.0,P2P,Not applicable,Karnataka,State Bank of India,Google Pay,Android,36-45,754,0,2,SUCCESS,0,Not fraud,
118565231662,2022-05-18 01:28:38,924.36,P2P,Not applicable,Maharashtra,Other,PhonePe,Android,18-25,90,0,2,SUCCESS,0,Not fraud,
378131993661,2022-05-18 10:38:01,1514.97,P2P,Not applicable,Tamil Nadu,Canara Bank,Google Pay,Android,36-45,360,0,1,SUCCESS,0,Not fraud,
413804891346,2022-05-18 12:59:41,1004.94,P2M,Grocery & Supermarkets,Tamil Nadu,Punjab National Bank,PhonePe,Android,26-35,1797,0,3,SUCCESS,0,Not fraud,
788944786175,2022-05-18 13:05:30,800.0,P2P,Not applicable,Bihar,State Bank of India,PhonePe,Android,18-25,5101,0,3,SUCCESS,0,Not fraud,
608122397035,2022-05-19 11:26:30,590.0,P2P,Not applicable,Chhattisgarh,Punjab National Bank,Google Pay,Android,26-35,6000,0,1,SUCCESS,0,Not fraud,
615811041845,2022-05-20 09:01:51,65.57,P2M,Food & Dining,Andhra Pradesh,Other,PhonePe,Android,26-35,150,0,2,SUCCESS,0,Not fraud,
472478903042,2022-05-20 11:44:42,152.21,P2P,Not applicable,Telangana,Indian Bank,Google Pay,Android,46-59,2542,0,2,SUCCESS,0,Not fraud,
144090097890,2022-05-20 15:18:35,200.0,Bill Payment,Financial Services,Himachal Pradesh,Bank of India,BHIM,iOS,26-35,677,0,3,SUCCESS,0,Not fraud,
495297821888,2022-05-21 12:55:47,200.0,P2P,Not applicable,Bihar,Axis Bank,PhonePe,Android,18-25,970,0,3,SUCCESS,0,Not fraud,
947971324643,2022-05-21 14:26:57,3600.0,P2P,Not applicable,Uttar Pradesh,ICICI Bank,PhonePe,Android,26-35,117,1,5,SUCCESS,0,Not fraud,
450723485083,2022-05-22 22:45:37,574.32,P2M,Financial Services,Haryana,Other,Google Pay,Android,36-45,179,0,4,SUCCESS,0,Not fraud,
963562306895,2022-05-24 11:41:20,300.0,Autopay/Mandate,Entertainment & OTT,Delhi,ICICI Bank,Google Pay,Feature Phone (USSD),36-45,358,0,2,SUCCESS,0,Not fraud,
715250528795,2022-05-25 08:11:12,680.0,P2M,E-commerce,Uttar Pradesh,HDFC Bank,PhonePe,Android,36-45,5238,0,3,SUCCESS,0,Not fraud,
951083909682,2022-05-25 11:05:18,500.0,P2P,Not applicable,Kerala,State Bank of India,Other,Android,46-59,370,0,2,SUCCESS,0,Not fraud,
354950464021,2022-05-25 16:54:49,140.0,P2P,Not applicable,Maharashtra,Other,PhonePe,Android,18-25,1073,0,2,SUCCESS,0,Not fraud,
436096776875,2022-05-25 17:28:17,780.0,P2P,Not applicable,Tamil Nadu,Other,Google Pay,Android,18-25,5912,0,2,SUCCESS,0,Not fraud,
797329551958,2022-05-25 21:30:29,1660.0,P2P,Not applicable,Andhra Pradesh,State Bank of India,Paytm,Feature Phone (USSD),26-35,283,0,2,FAILED,0,Not fraud,
813153791544,2022-05-26 10:55:27,152.29,Collect Request,Not applicable,Maharashtra,Axis Bank,Google Pay,iOS,26-35,933,1,2,SUCCESS,0,Not fraud,
300098099575,2022-05-26 21:38:51,2180.0,P2M,E-commerce,West Bengal,Indian Bank,Google Pay,Android,26-35,461,0,7,SUCCESS,0,Not fraud,
574273955874,2022-05-26 22:59:12,200.0,P2M,Food & Dining,Karnataka,Other,Google Pay,iOS,26-35,6000,0,6,SUCCESS,0,Not fraud,
867610178610,2022-05-27 09:03:28,259.4,Autopay/Mandate,Entertainment & OTT,Maharashtra,Other,Paytm,Android,26-35,280,0,4,SUCCESS,0,Not fraud,
349838791673,2022-05-27 15:01:12,90.0,P2P,Not applicable,Andhra Pradesh,ICICI Bank,PhonePe,Android,26-35,1824,1,4,SUCCESS,0,Not fraud,
777152599136,2022-05-27 18:32:31,7400.0,Bill Payment,Telecom & Recharge,Karnataka,Bank of Baroda,Paytm,Android,46-59,446,0,3,SUCCESS,0,Not fraud,
508966820058,2022-05-28 10:47:01,370.0,P2M,Grocery & Supermarkets,Andhra Pradesh,HDFC Bank,Google Pay,Android,18-25,1621,0,2,SUCCESS,0,Not fraud,
506543162840,2022-05-28 17:12:30,1700.0,Collect Request,Not applicable,Punjab,State Bank of India,PhonePe,Android,18-25,218,1,2,SUCCESS,1,Fake Collect Request,4.9
327802951647,2022-05-28 19:22:53,120.0,P2M,Utilities,Karnataka,Axis Bank,PhonePe,Android,26-35,1749,1,5,SUCCESS,0,Not fraud,
667283357418,2022-05-28 21:32:56,390.0,P2M,Food & Dining,Tripura,Canara Bank,Paytm,Android,26-35,714,0,5,SUCCESS,0,Not fraud,
295310530587,2022-05-30 11:34:06,206.06,Autopay/Mandate,Utilities,Kerala,State Bank of India,PhonePe,iOS,46-59,102,0,1,SUCCESS,0,Not fraud,
853265811446,2022-05-30 13:27:10,840.0,P2P,Not applicable,Uttar Pradesh,Indian Bank,PhonePe,Android,26-35,1289,0,3,SUCCESS,0,Not fraud,
244063125617,2022-05-30 16:56:03,600.31,P2P,Not applicable,Telangana,ICICI Bank,Google Pay,Android,46-59,419,0,4,SUCCESS,0,Not fraud,
709507243431,2022-05-30 20:25:57,21400.0,P2P,Not applicable,Maharashtra,Union Bank of India,Google Pay,Android,26-35,84,1,3,SUCCESS,1,Remote Access App Scam,12.0
176205305965,2022-05-31 10:23:56,1299.45,P2P,Not applicable,Assam,Canara Bank,Amazon Pay,Android,18-25,1121,0,3,SUCCESS,0,Not fraud,
548221287767,2022-06-01 10:22:40,850.0,P2M,Food & Dining,Tamil Nadu,Punjab National Bank,Google Pay,Android,18-25,280,0,5,SUCCESS,0,Not fraud,
447427638741,2022-06-01 15:15:52,157.44,P2P,Not applicable,Andhra Pradesh,Other,PhonePe,iOS,26-35,934,1,3,FAILED,0,Not fraud,
904762888436,2022-06-02 03:43:40,400.0,Autopay/Mandate,Utilities,Uttar Pradesh,Axis Bank,Google Pay,Android,26-35,179,0,5,SUCCESS,0,Not fraud,
594483887888,2022-06-02 21:20:22,300.0,P2M,Utilities,Karnataka,Axis Bank,Google Pay,Android,18-25,161,1,3,SUCCESS,0,Not fraud,
510602887077,2022-06-03 11:24:47,700.0,P2M,Food & Dining,Rajasthan,IndusInd Bank,Google Pay,Android,18-25,6000,0,7,SUCCESS,0,Not fraud,
729591798482,2022-06-03 14:25:44,1300.0,P2M,E-commerce,Andhra Pradesh,Punjab National Bank,Google Pay,Android,18-25,228,1,6,SUCCESS,0,Not fraud,
528803102402,2022-06-03 19:25:31,500.0,P2P,Not applicable,West Bengal,State Bank of India,PhonePe,Android,18-25,308,0,4,SUCCESS,0,Not fraud,
525689405174,2022-06-03 21:06:48,80.0,P2M,Healthcare,Maharashtra,State Bank of India,BHIM,Android,36-45,376,1,5,SUCCESS,0,Not fraud,
136881307294,2022-06-04 10:55:08,2322.35,Bill Payment,Education,Bihar,Union Bank of India,PhonePe,iOS,36-45,1320,0,2,SUCCESS,0,Not fraud,
896451364649,2022-06-04 11:24:15,820.0,P2M,Grocery & Supermarkets,Uttar Pradesh,State Bank of India,Google Pay,Android,18-25,1843,0,5,SUCCESS,0,Not fraud,
722049599331,2022-06-06 13:58:57,5100.0,P2P,Not applicable,Delhi,IndusInd Bank,Paytm,iOS,18-25,1588,0,3,SUCCESS,1,Fake Customer Care,34.2
301012675514,2022-06-06 14:42:32,111.01,Autopay/Mandate,Education,Telangana,Punjab National Bank,PhonePe,Android,26-35,963,0,1,SUCCESS,0,Not fraud,
723468660674,2022-06-08 00:33:42,1582.6,P2P,Not applicable,Bihar,Other,PhonePe,Android,18-25,3445,1,2,SUCCESS,0,Not fraud,
231399506766,2022-06-08 16:01:42,1761.86,P2M,Grocery & Supermarkets,Jharkhand,State Bank of India,PhonePe,Android,26-35,1020,0,4,SUCCESS,0,Not fraud,
170141586208,2022-06-09 20:36:54,888.73,Bill Payment,Telecom & Recharge,West Bengal,Kotak Mahindra Bank,Paytm,Android,26-35,501,0,3,SUCCESS,0,Not fraud,
221644115854,2022-06-10 09:10:52,15438.64,P2M,Education,Gujarat,HDFC Bank,PhonePe,Android,36-45,906,1,2,SUCCESS,0,Not fraud,
654285661601,2022-06-12 21:13:52,300.0,P2M,Financial Services,Andhra Pradesh,Bank of India,PhonePe,Android,26-35,1906,0,2,SUCCESS,0,Not fraud,
590079674280,2022-06-13 09:58:10,486.64,P2M,Grocery & Supermarkets,Jharkhand,Other,PhonePe,iOS,46-59,124,1,4,SUCCESS,0,Not fraud,
165013249426,2022-06-13 12:27:55,198.85,P2P,Not applicable,Rajasthan,State Bank of India,Google Pay,Android,46-59,498,1,2,SUCCESS,0,Not fraud,
976294966122,2022-06-13 17:06:23,7296.1,Bill Payment,Utilities,Punjab,State Bank of India,Google Pay,Android,60+,434,0,2,SUCCESS,0,Not fraud,
547929569327,2022-06-13 18:34:34,500.0,P2M,Grocery & Supermarkets,Gujarat,State Bank of India,PhonePe,Android,26-35,625,0,7,SUCCESS,0,Not fraud,
235510146498,2022-06-13 23:35:33,640.0,Autopay/Mandate,Education,Tamil Nadu,Axis Bank,Google Pay,Android,36-45,611,0,3,SUCCESS,0,Not fraud,
252933527854,2022-06-14 11:34:14,1260.0,Autopay/Mandate,Entertainment & OTT,Gujarat,Axis Bank,Paytm,Android,18-25,336,0,2,SUCCESS,0,Not fraud,
133068523584,2022-06-14 14:28:40,740.0,Autopay/Mandate,Financial Services,Gujarat,Other,PhonePe,iOS,46-59,145,0,4,SUCCESS,0,Not fraud,
838009574244,2022-06-14 17:35:59,12300.0,Collect Request,Not applicable,Delhi,State Bank of India,Google Pay,Android,18-25,2573,0,2,SUCCESS,1,Fake Customer Care,23.3
368200531551,2022-06-14 18:32:15,733.85,P2P,Not applicable,Tamil Nadu,Kotak Mahindra Bank,PhonePe,Android,26-35,920,0,1,SUCCESS,0,Not fraud,
167735439011,2022-06-14 21:10:44,1456.25,P2P,Not applicable,Uttar Pradesh,Other,Other,Android,36-45,484,0,3,SUCCESS,0,Not fraud,
539507446139,2022-06-15 15:51:14,1970.0,P2P,Not applicable,Kerala,State Bank of India,Google Pay,Android,36-45,6000,1,5,SUCCESS,0,Not fraud,
230275078842,2022-06-15 17:05:07,460.0,P2P,Not applicable,Tamil Nadu,IDFC FIRST Bank,PhonePe,iOS,36-45,2277,0,4,SUCCESS,0,Not fraud,
733263172905,2022-06-15 17:48:21,1400.0,P2P,Not applicable,Telangana,HDFC Bank,PhonePe,Android,26-35,161,0,6,SUCCESS,0,Not fraud,
729834948694,2022-06-15 22:33:55,311.07,P2M,Grocery & Supermarkets,Uttar Pradesh,ICICI Bank,PhonePe,Android,26-35,1029,0,5,SUCCESS,0,Not fraud,
162872410862,2022-06-16 14:56:43,400.0,P2P,Not applicable,Jharkhand,Other,PhonePe,Android,18-25,781,0,1,SUCCESS,0,Not fraud,
805818310160,2022-06-18 08:08:25,7775.4,P2M,Travel & Transport,Karnataka,ICICI Bank,Google Pay,Android,18-25,161,0,1,SUCCESS,0,Not fraud,
149453651824,2022-06-18 14:13:28,2110.0,P2M,Education,Uttarakhand,Axis Bank,Google Pay,Android,26-35,1556,0,7,SUCCESS,0,Not fraud,
271667779318,2022-06-18 23:48:51,1827.76,Collect Request,Not applicable,Delhi,HDFC Bank,Google Pay,Android,60+,1250,0,2,SUCCESS,0,Not fraud,
201958840636,2022-06-20 08:44:42,3160.0,P2P,Not applicable,Rajasthan,State Bank of India,PhonePe,Android,18-25,664,0,5,SUCCESS,0,Not fraud,
350168200718,2022-06-20 13:41:04,556.39,Bill Payment,Financial Services,Kerala,Canara Bank,Google Pay,iOS,60+,2123,0,4,SUCCESS,0,Not fraud,
595581199067,2022-06-22 14:34:15,172.97,Autopay/Mandate,Financial Services,Telangana,State Bank of India,Other,Android,46-59,2647,0,2,DEEMED,0,Not fraud,
816577397614,2022-06-23 16:13:32,6470.0,P2M,E-commerce,Uttar Pradesh,Axis Bank,PhonePe,Android,26-35,6,0,4,SUCCESS,0,Not fraud,
539579981152,2022-06-23 22:34:31,1360.0,P2M,Grocery & Supermarkets,Gujarat,ICICI Bank,PhonePe,Android,36-45,617,0,3,SUCCESS,0,Not fraud,
872797599263,2022-06-24 08:35:12,640.0,P2M,E-commerce,Odisha,ICICI Bank,PhonePe,Android,18-25,138,0,3,SUCCESS,0,Not fraud,
708656132207,2022-06-24 14:33:10,1545.22,P2P,Not applicable,Telangana,Axis Bank,PhonePe,Android,36-45,439,1,2,FAILED,0,Not fraud,
601111035764,2022-06-24 17:15:51,200.48,P2M,Telecom & Recharge,Karnataka,State Bank of India,Google Pay,Android,26-35,437,0,3,SUCCESS,0,Not fraud,
823125299774,2022-06-24 20:00:26,452.25,P2M,Food & Dining,Kerala,State Bank of India,PhonePe,Android,18-25,694,0,1,SUCCESS,0,Not fraud,
696240708654,2022-06-26 09:24:59,400.0,P2M,Grocery & Supermarkets,Bihar,IndusInd Bank,Google Pay,Android,18-25,227,0,4,SUCCESS,0,Not fraud,
501501161310,2022-06-27 10:52:43,1019.23,P2P,Not applicable,Maharashtra,Punjab National Bank,Other,Android,26-35,143,1,4,SUCCESS,0,Not fraud,
394629510299,2022-06-27 12:49:05,840.0,P2P,Not applicable,Uttarakhand,State Bank of India,Google Pay,Android,18-25,261,1,2,SUCCESS,0,Not fraud,
719503429681,2022-06-27 13:53:28,680.0,P2P,Not applicable,Maharashtra,Kotak Mahindra Bank,PhonePe,iOS,26-35,2191,0,2,SUCCESS,0,Not fraud,
759793477390,2022-06-28 05:14:44,790.0,P2M,Food & Dining,Tamil Nadu,Other,PhonePe,Android,36-45,1223,0,7,SUCCESS,0,Not fraud,
169551025918,2022-06-28 19:56:45,280.0,P2M,Grocery & Supermarkets,Gujarat,Punjab National Bank,PhonePe,Android,36-45,152,0,5,FAILED,0,Not fraud,
226728926740,2022-06-29 12:53:42,100.0,P2M,Grocery & Supermarkets,Maharashtra,HDFC Bank,PhonePe,Android,36-45,637,0,5,SUCCESS,0,Not fraud,
444104452072,2022-06-29 17:46:43,190.0,P2M,Grocery & Supermarkets,Jharkhand,Other,Google Pay,iOS,18-25,244,0,3,SUCCESS,0,Not fraud,
251946845907,2022-06-29 18:38:04,2600.0,P2M,Fuel,Bihar,Yes Bank,Google Pay,Android,18-25,237,1,3,SUCCESS,0,Not fraud,
179157160479,2022-06-30 18:21:24,1200.0,Bill Payment,Utilities,Maharashtra,HDFC Bank,Google Pay,iOS,36-45,139,0,2,SUCCESS,0,Not fraud,
126342991626,2022-07-01 02:25:44,316.87,P2M,Food & Dining,Andhra Pradesh,Kotak Mahindra Bank,Google Pay,Android,26-35,2965,0,3,SUCCESS,0,Not fraud,
153041228792,2022-07-02 07:14:38,6860.16,P2M,E-commerce,Rajasthan,Kotak Mahindra Bank,Google Pay,Android,36-45,924,0,6,SUCCESS,0,Not fraud,
306155803330,2022-07-02 12:19:04,300.0,P2M,Grocery & Supermarkets,Maharashtra,State Bank of India,PhonePe,Android,18-25,237,0,2,SUCCESS,0,Not fraud,
318876554786,2022-07-02 18:01:40,400.0,P2P,Not applicable,Delhi,State Bank of India,PhonePe,Android,46-59,246,0,3,SUCCESS,0,Not fraud,
637697615350,2022-07-02 18:34:00,729.27,Autopay/Mandate,Entertainment & OTT,Telangana,State Bank of India,Other,Android,46-59,1044,0,2,SUCCESS,0,Not fraud,
558379412179,2022-07-02 20:14:12,138.04,P2P,Not applicable,Uttar Pradesh,Punjab National Bank,Google Pay,iOS,26-35,71,1,3,SUCCESS,0,Not fraud,
304746786592,2022-07-03 08:39:55,2000.0,Autopay/Mandate,Utilities,Telangana,Bank of India,Google Pay,Android,46-59,1914,0,3,SUCCESS,0,Not fraud,
778149481769,2022-07-03 08:45:01,480.0,Bill Payment,Telecom & Recharge,Madhya Pradesh,Union Bank of India,Google Pay,Android,18-25,648,0,2,SUCCESS,0,Not fraud,
694477514491,2022-07-03 18:46:56,700.0,P2M,Telecom & Recharge,Andhra Pradesh,Punjab National Bank,Paytm,Android,26-35,297,0,4,SUCCESS,0,Not fraud,
760077709624,2022-07-04 05:55:09,470.0,P2M,Financial Services,Madhya Pradesh,HDFC Bank,Google Pay,Android,18-25,282,0,5,SUCCESS,0,Not fraud,
727046999191,2022-07-05 02:40:33,499.6,Collect Request,Not applicable,Puducherry,State Bank of India,Google Pay,iOS,18-25,1202,1,2,SUCCESS,0,Not fraud,
452221226628,2022-07-05 11:50:51,290.0,P2P,Not applicable,Andhra Pradesh,Bank of Baroda,Google Pay,Android,26-35,426,0,2,SUCCESS,0,Not fraud,
852516042008,2022-07-05 20:23:50,300.0,P2P,Not applicable,Andhra Pradesh,State Bank of India,PhonePe,Android,26-35,2152,0,1,SUCCESS,0,Not fraud,
780573112104,2022-07-06 15:52:12,570.0,P2M,Grocery & Supermarkets,Karnataka,Union Bank of India,PhonePe,Android,18-25,142,0,2,SUCCESS,0,Not fraud,
287750494691,2022-07-07 17:02:17,1534.33,P2M,E-commerce,Delhi,HDFC Bank,Google Pay,Android,36-45,783,1,2,SUCCESS,0,Not fraud,
814662062533,2022-07-07 18:41:12,83.95,P2P,Not applicable,Uttarakhand,Kotak Mahindra Bank,Google Pay,Android,18-25,1387,0,5,SUCCESS,0,Not fraud,
968430213241,2022-07-08 05:55:10,500.0,P2M,Healthcare,Maharashtra,Bank of India,PhonePe,Android,46-59,544,0,4,SUCCESS,0,Not fraud,
349248866883,2022-07-08 10:09:42,77.48,P2M,Telecom & Recharge,Assam,State Bank of India,Google Pay,Android,36-45,1324,0,2,SUCCESS,0,Not fraud,
663262522446,2022-07-08 16:09:26,1035.09,Autopay/Mandate,Financial Services,Telangana,HDFC Bank,Google Pay,Android,26-35,580,0,2,SUCCESS,0,Not fraud,
157107528738,2022-07-09 06:36:14,680.0,Autopay/Mandate,Entertainment & OTT,Assam,State Bank of India,Google Pay,Android,26-35,405,0,3,SUCCESS,0,Not fraud,
517411631273,2022-07-09 18:12:44,4700.0,Bill Payment,Telecom & Recharge,Uttar Pradesh,Other,PhonePe,iOS,18-25,1226,0,3,SUCCESS,0,Not fraud,
980066896849,2022-07-10 22:35:14,1795.5,P2M,Travel & Transport,Jharkhand,Kotak Mahindra Bank,PhonePe,iOS,36-45,194,0,1,SUCCESS,0,Not fraud,
546281026887,2022-07-11 10:50:07,660.0,P2M,Healthcare,Delhi,Other,PhonePe,Android,36-45,847,1,9,SUCCESS,0,Not fraud,
926316743280,2022-07-11 14:07:46,940.0,P2P,Not applicable,Karnataka,HDFC Bank,Paytm,Android,26-35,1004,0,1,SUCCESS,0,Not fraud,
820272219163,2022-07-12 09:42:14,688.47,P2M,Education,Odisha,ICICI Bank,PhonePe,Android,18-25,792,0,8,SUCCESS,0,Not fraud,
334231473580,2022-07-12 10:31:18,650.0,P2M,E-commerce,Chhattisgarh,ICICI Bank,BHIM,Android,26-35,445,0,4,SUCCESS,0,Not fraud,
852874777740,2022-07-12 17:18:55,500.0,P2P,Not applicable,Andhra Pradesh,State Bank of India,PhonePe,Android,18-25,545,0,1,SUCCESS,0,Not fraud,
868095137631,2022-07-12 21:51:06,11110.0,P2P,Not applicable,Madhya Pradesh,HDFC Bank,PhonePe,iOS,36-45,258,1,5,SUCCESS,1,Phishing/Vishing,6.2
722428446202,2022-07-13 09:09:36,1410.55,P2P,Not applicable,Chhattisgarh,Bank of Baroda,PhonePe,Android,46-59,271,0,5,SUCCESS,0,Not fraud,
387766065625,2022-07-13 10:00:08,1460.0,P2P,Not applicable,Tamil Nadu,State Bank of India,Google Pay,Android,26-35,1027,0,3,SUCCESS,0,Not fraud,
353585291971,2022-07-13 12:43:28,800.0,Collect Request,Not applicable,Goa,State Bank of India,Other,Android,60+,439,1,2,SUCCESS,0,Not fraud,
642500092464,2022-07-13 19:42:42,300.0,Bill Payment,Utilities,Jharkhand,Other,PhonePe,Android,18-25,650,0,2,SUCCESS,0,Not fraud,
496539945741,2022-07-14 11:18:21,1156.33,P2P,Not applicable,Rajasthan,State Bank of India,Google Pay,Android,18-25,498,0,3,SUCCESS,0,Not fraud,
232470518574,2022-07-14 18:11:11,3570.0,P2M,Financial Services,West Bengal,Indian Bank,Google Pay,Android,18-25,1013,0,3,SUCCESS,0,Not fraud,
985645162700,2022-07-14 19:20:23,200.0,P2M,Healthcare,Maharashtra,Canara Bank,PhonePe,iOS,26-35,185,0,4,SUCCESS,0,Not fraud,
653927774603,2022-07-14 20:34:58,278.76,P2M,Utilities,Madhya Pradesh,Axis Bank,PhonePe,Android,26-35,320,0,4,SUCCESS,0,Not fraud,
740115990566,2022-07-15 11:03:41,2712.27,Bill Payment,Utilities,Karnataka,Canara Bank,Amazon Pay,Android,26-35,1507,0,1,SUCCESS,0,Not fraud,
483430886069,2022-07-15 11:28:45,121.97,P2M,Grocery & Supermarkets,Rajasthan,Axis Bank,PhonePe,Android,26-35,1286,0,4,SUCCESS,0,Not fraud,
823911188688,2022-07-16 08:01:40,1300.0,P2M,Education,West Bengal,Indian Bank,PhonePe,iOS,18-25,152,0,8,SUCCESS,0,Not fraud,
210478824213,2022-07-16 19:07:56,101.48,P2P,Not applicable,Karnataka,HDFC Bank,PhonePe,Feature Phone (USSD),26-35,459,0,3,SUCCESS,0,Not fraud,
943191079105,2022-07-17 06:53:42,800.0,Autopay/Mandate,Education,Haryana,Indian Bank,Google Pay,Android,18-25,645,0,3,SUCCESS,0,Not fraud,
358916980965,2022-07-17 11:16:46,1700.0,P2P,Not applicable,Uttar Pradesh,State Bank of India,PhonePe,Android,36-45,2102,0,3,SUCCESS,0,Not fraud,
269605444182,2022-07-17 17:45:31,6475.16,P2P,Not applicable,West Bengal,Other,Google Pay,Android,26-35,6000,0,1,SUCCESS,0,Not fraud,
904848137935,2022-07-18 10:42:17,1800.0,P2P,Not applicable,Rajasthan,Axis Bank,PhonePe,Android,18-25,100,0,3,SUCCESS,0,Not fraud,
419793878500,2022-07-19 15:27:07,400.0,Collect Request,Not applicable,Madhya Pradesh,HDFC Bank,PhonePe,Android,26-35,4617,1,7,SUCCESS,0,Not fraud,
808080008789,2022-07-19 20:49:39,16823.22,Collect Request,Not applicable,West Bengal,State Bank of India,Paytm,Android,36-45,620,1,3,SUCCESS,1,Fake Collect Request,30.4
484260361789,2022-07-20 08:01:45,710.0,P2P,Not applicable,Madhya Pradesh,ICICI Bank,PhonePe,iOS,26-35,722,0,4,SUCCESS,0,Not fraud,
807286785649,2022-07-20 09:33:16,700.0,P2P,Not applicable,Chhattisgarh,Axis Bank,PhonePe,Android,60+,824,0,2,SUCCESS,0,Not fraud,
782156089594,2022-07-20 13:27:05,7799.51,Collect Request,Not applicable,Maharashtra,Axis Bank,PhonePe,Android,36-45,1439,1,2,SUCCESS,1,Fake Collect Request,5.8
835025206849,2022-07-21 19:20:10,2634.9,P2P,Not applicable,Goa,HDFC Bank,Google Pay,Android,18-25,6000,1,3,SUCCESS,0,Not fraud,
501398752688,2022-07-21 21:36:22,1091.61,P2M,Travel & Transport,Madhya Pradesh,Other,PhonePe,iOS,18-25,2869,0,5,SUCCESS,0,Not fraud,
914651350772,2022-07-22 13:32:30,270.0,P2P,Not applicable,West Bengal,State Bank of India,Other,iOS,18-25,356,0,1,SUCCESS,0,Not fraud,
310016576059,2022-07-22 14:45:40,2990.0,P2M,E-commerce,Andhra Pradesh,State Bank of India,Google Pay,Android,46-59,752,0,2,SUCCESS,0,Not fraud,
811933981888,2022-07-22 20:16:52,500.0,P2P,Not applicable,Karnataka,Indian Bank,CRED,Android,18-25,848,0,3,SUCCESS,0,Not fraud,
259841255772,2022-07-23 10:31:03,4410.0,Bill Payment,Telecom & Recharge,Telangana,State Bank of India,Google Pay,Android,18-25,1802,0,3,SUCCESS,0,Not fraud,
281133198517,2022-07-23 11:35:21,394.03,P2M,Entertainment & OTT,Maharashtra,HDFC Bank,Google Pay,Android,36-45,5500,0,3,SUCCESS,0,Not fraud,
120699608230,2022-07-23 12:10:37,800.0,P2M,Grocery & Supermarkets,Telangana,Canara Bank,Google Pay,Android,18-25,1271,0,4,SUCCESS,0,Not fraud,
748052827251,2022-07-23 12:11:40,2500.0,P2M,Food & Dining,Telangana,ICICI Bank,CRED,Android,26-35,758,0,4,SUCCESS,0,Not fraud,
198030453176,2022-07-23 15:53:19,1500.0,P2M,Financial Services,Uttar Pradesh,Other,Google Pay,iOS,26-35,630,0,5,SUCCESS,0,Not fraud,
826844032591,2022-07-23 20:28:02,130.0,Autopay/Mandate,Financial Services,Bihar,HDFC Bank,PhonePe,Android,18-25,2368,1,2,SUCCESS,0,Not fraud,
901521360017,2022-07-23 21:01:38,335.75,Collect Request,Not applicable,Andhra Pradesh,Other,Google Pay,Android,18-25,363,1,2,SUCCESS,0,Not fraud,
543870547169,2022-07-24 12:17:38,200.0,P2M,Telecom & Recharge,Assam,Kotak Mahindra Bank,PhonePe,Android,26-35,470,0,7,SUCCESS,0,Not fraud,
592890345952,2022-07-25 10:52:39,1700.46,P2P,Not applicable,Rajasthan,State Bank of India,PhonePe,iOS,18-25,733,1,2,SUCCESS,1,QR Code Scam,12.3
480943154276,2022-07-25 13:01:29,1483.15,Autopay/Mandate,Telecom & Recharge,Karnataka,State Bank of India,PhonePe,Android,18-25,1242,0,6,SUCCESS,0,Not fraud,
884850341105,2022-07-25 14:35:49,2120.0,Collect Request,Not applicable,Rajasthan,State Bank of India,Paytm,Android,18-25,256,1,2,SUCCESS,0,Not fraud,
979071544827,2022-07-25 22:43:23,37.45,P2M,Food & Dining,Madhya Pradesh,HDFC Bank,PhonePe,Android,26-35,241,0,3,SUCCESS,0,Not fraud,
101116018258,2022-07-26 03:58:43,330.0,Autopay/Mandate,Telecom & Recharge,Karnataka,ICICI Bank,Google Pay,Android,36-45,29,0,5,SUCCESS,0,Not fraud,
450471662853,2022-07-26 06:41:42,6890.85,P2P,Not applicable,Maharashtra,State Bank of India,PhonePe,Android,26-35,469,0,4,SUCCESS,0,Not fraud,
557638279398,2022-07-26 10:22:21,167.51,P2P,Not applicable,Maharashtra,Kotak Mahindra Bank,Google Pay,Android,26-35,3895,1,3,SUCCESS,0,Not fraud,
677840061634,2022-07-26 16:42:36,190.0,P2M,Entertainment & OTT,Uttar Pradesh,Yes Bank,Google Pay,Android,26-35,1303,0,6,SUCCESS,0,Not fraud,
522244316370,2022-07-27 19:04:16,2588.84,Bill Payment,Utilities,Maharashtra,HDFC Bank,PhonePe,Android,18-25,832,0,3,SUCCESS,0,Not fraud,
443471783128,2022-07-27 20:44:26,18700.0,P2P,Not applicable,Rajasthan,HDFC Bank,PhonePe,Android,18-25,749,1,2,SUCCESS,1,SIM Swap/Account Takeover,25.2
483383784834,2022-07-28 12:27:59,64.66,P2M,Food & Dining,Maharashtra,IDFC FIRST Bank,Google Pay,Android,60+,237,0,7,SUCCESS,0,Not fraud,
927956441388,2022-07-28 19:45:44,1400.0,P2P,Not applicable,Madhya Pradesh,Punjab National Bank,BHIM,Android,18-25,137,0,1,SUCCESS,0,Not fraud,
805429317434,2022-07-28 20:35:16,100.0,P2M,Grocery & Supermarkets,Tamil Nadu,HDFC Bank,Paytm,Android,18-25,1057,0,3,SUCCESS,0,Not fraud,
990703140813,2022-07-29 08:34:37,460.0,P2M,Fuel,Haryana,Punjab National Bank,PhonePe,Android,26-35,6000,1,8,SUCCESS,0,Not fraud,
473132937104,2022-07-30 06:53:53,3536.73,P2P,Not applicable,Maharashtra,State Bank of India,PhonePe,Android,18-25,86,0,5,SUCCESS,0,Not fraud,
946618813377,2022-07-30 13:03:06,2010.0,Bill Payment,Education,Madhya Pradesh,State Bank of India,Google Pay,Android,46-59,3682,0,3,SUCCESS,0,Not fraud,
603898132988,2022-07-31 12:53:50,33662.35,Collect Request,Not applicable,Gujarat,Axis Bank,PhonePe,Android,46-59,134,0,3,SUCCESS,1,Fake Collect Request,60.1
626071314562,2022-07-31 17:05:48,330.0,P2M,Grocery & Supermarkets,Karnataka,ICICI Bank,Google Pay,Android,26-35,950,0,4,SUCCESS,0,Not fraud,
514153319356,2022-08-01 09:59:04,54.56,P2M,E-commerce,Karnataka,Bank of Baroda,PhonePe,Android,26-35,429,0,5,SUCCESS,0,Not fraud,
202991740071,2022-08-01 10:45:57,1600.0,P2M,Healthcare,Kerala,Other,PhonePe,Android,36-45,400,0,8,SUCCESS,0,Not fraud,
665350082389,2022-08-01 11:26:01,2430.0,P2P,Not applicable,Uttar Pradesh,Axis Bank,PhonePe,Android,26-35,769,1,1,SUCCESS,0,Not fraud,
742701358386,2022-08-02 21:58:04,710.0,Collect Request,Not applicable,Telangana,Bank of India,PhonePe,Android,18-25,129,1,5,FAILED,0,Not fraud,
189697666352,2022-08-02 22:24:37,300.0,P2M,Grocery & Supermarkets,Maharashtra,Axis Bank,Google Pay,Android,18-25,91,0,6,SUCCESS,0,Not fraud,
781196470516,2022-08-03 07:04:47,700.0,P2P,Not applicable,Karnataka,State Bank of India,PhonePe,Android,18-25,1167,1,3,SUCCESS,0,Not fraud,
525187780912,2022-08-03 08:12:17,400.0,P2M,Education,Telangana,HDFC Bank,Google Pay,iOS,18-25,1165,0,2,PENDING,0,Not fraud,
614398538621,2022-08-03 11:32:14,1645.9,Autopay/Mandate,Entertainment & OTT,Maharashtra,Other,PhonePe,Android,46-59,668,0,1,SUCCESS,0,Not fraud,
224753560668,2022-08-03 17:55:01,870.0,P2P,Not applicable,Andhra Pradesh,Other,CRED,Android,26-35,6000,1,4,SUCCESS,0,Not fraud,
320966718669,2022-08-03 23:55:41,4089.38,P2P,Not applicable,Madhya Pradesh,Punjab National Bank,PhonePe,Android,18-25,289,1,3,SUCCESS,0,Not fraud,
304666103259,2022-08-04 18:34:15,268.89,Bill Payment,Telecom & Recharge,Telangana,ICICI Bank,Google Pay,Android,18-25,1157,0,4,SUCCESS,0,Not fraud,
622572763323,2022-08-04 18:43:25,506.97,P2P,Not applicable,Jharkhand,Other,Google Pay,Android,18-25,318,0,1,SUCCESS,0,Not fraud,
880349771561,2022-08-04 22:08:58,600.0,P2P,Not applicable,Chhattisgarh,Indian Bank,PhonePe,Android,26-35,51,0,1,SUCCESS,0,Not fraud,
635307073876,2022-08-05 13:13:57,130.0,P2M,Telecom & Recharge,Uttar Pradesh,Canara Bank,Google Pay,iOS,36-45,4585,0,7,SUCCESS,0,Not fraud,
674244403844,2022-08-05 14:37:34,200.0,P2P,Not applicable,Bihar,State Bank of India,PhonePe,Android,36-45,346,1,3,SUCCESS,0,Not fraud,
871417867478,2022-08-05 18:29:10,7410.0,P2P,Not applicable,Tamil Nadu,Kotak Mahindra Bank,Amazon Pay,Android,26-35,451,0,5,SUCCESS,1,Investment/Task Scam,19.4
835773798406,2022-08-05 23:06:12,4617.39,P2P,Not applicable,Bihar,Other,PhonePe,Android,18-25,47,0,4,SUCCESS,1,Phishing/Vishing,9.7
799828191127,2022-08-06 11:24:34,712.1,P2M,Healthcare,Odisha,Axis Bank,Paytm,iOS,26-35,4594,0,3,SUCCESS,0,Not fraud,
331049255057,2022-08-06 15:35:30,255.62,P2P,Not applicable,Uttar Pradesh,ICICI Bank,Google Pay,Android,18-25,194,0,3,SUCCESS,0,Not fraud,
411402592225,2022-08-06 17:03:46,2115.28,Autopay/Mandate,Entertainment & OTT,Maharashtra,Other,PhonePe,Android,18-25,851,0,4,SUCCESS,0,Not fraud,
580793367602,2022-08-06 23:03:27,2813.52,P2P,Not applicable,Telangana,HDFC Bank,Google Pay,iOS,36-45,98,0,2,SUCCESS,0,Not fraud,
460965153515,2022-08-07 05:53:36,2362.01,Collect Request,Not applicable,Maharashtra,State Bank of India,Google Pay,Android,46-59,1304,1,2,SUCCESS,0,Not fraud,
755168156484,2022-08-08 14:29:57,510.0,P2M,Grocery & Supermarkets,Andhra Pradesh,Union Bank of India,Google Pay,Android,46-59,976,0,9,SUCCESS,0,Not fraud,
698897687969,2022-08-09 09:15:53,1349.26,P2P,Not applicable,Jharkhand,State Bank of India,PhonePe,iOS,26-35,2959,0,2,SUCCESS,0,Not fraud,
414025528994,2022-08-09 09:35:02,130.0,P2M,Food & Dining,Delhi,ICICI Bank,Google Pay,Android,46-59,357,0,3,SUCCESS,0,Not fraud,
116362088056,2022-08-09 13:11:07,2510.13,Collect Request,Not applicable,Telangana,HDFC Bank,PhonePe,Android,18-25,6000,1,4,SUCCESS,1,Fake Collect Request,5.8
784037304485,2022-08-10 17:51:20,650.0,P2M,Grocery & Supermarkets,Tamil Nadu,Other,Google Pay,Android,46-59,732,1,7,SUCCESS,0,Not fraud,
136401863638,2022-08-11 10:25:20,1010.0,P2P,Not applicable,West Bengal,Axis Bank,PhonePe,Android,36-45,277,0,2,SUCCESS,0,Not fraud,
465265274310,2022-08-11 11:33:18,1088.36,P2M,Fuel,Jharkhand,Axis Bank,Google Pay,Android,26-35,512,0,9,SUCCESS,0,Not fraud,
163431447023,2022-08-11 12:57:28,80.0,P2P,Not applicable,Andhra Pradesh,Axis Bank,PhonePe,Android,18-25,3511,0,4,SUCCESS,0,Not fraud,
858337692435,2022-08-11 15:34:42,320.0,P2M,Entertainment & OTT,Chhattisgarh,Union Bank of India,Google Pay,Android,26-35,195,0,7,SUCCESS,0,Not fraud,
289765452728,2022-08-11 15:51:35,310.0,P2P,Not applicable,Madhya Pradesh,Axis Bank,Google Pay,Android,36-45,4543,0,3,SUCCESS,0,Not fraud,
891331348833,2022-08-11 18:03:21,60.0,P2M,Telecom & Recharge,Maharashtra,ICICI Bank,Google Pay,Android,18-25,474,0,4,SUCCESS,0,Not fraud,
202745272497,2022-08-12 08:08:32,1650.0,Bill Payment,Education,Karnataka,HDFC Bank,PhonePe,Android,18-25,171,0,4,SUCCESS,0,Not fraud,
814287944115,2022-08-13 16:21:24,1450.0,Autopay/Mandate,Telecom & Recharge,Maharashtra,IndusInd Bank,Google Pay,Android,26-35,445,0,3,SUCCESS,0,Not fraud,
852272691568,2022-08-13 18:20:57,450.0,P2P,Not applicable,Uttar Pradesh,Axis Bank,PhonePe,Android,18-25,1014,0,1,SUCCESS,0,Not fraud,
715241096878,2022-08-13 20:49:43,357.2,P2M,Food & Dining,Uttar Pradesh,Axis Bank,Paytm,Android,26-35,339,0,5,SUCCESS,0,Not fraud,
501265570307,2022-08-14 13:19:31,6800.0,P2M,E-commerce,Haryana,State Bank of India,Google Pay,Android,36-45,4524,0,4,SUCCESS,0,Not fraud,
445857151952,2022-08-14 23:20:27,1547.7,P2M,Grocery & Supermarkets,Odisha,State Bank of India,PhonePe,Android,36-45,1479,0,6,SUCCESS,0,Not fraud,
887817704454,2022-08-15 12:21:49,290.0,P2P,Not applicable,Tamil Nadu,Bank of Baroda,Paytm,Android,26-35,270,0,2,SUCCESS,0,Not fraud,
753163960842,2022-08-15 15:54:29,1165.98,Autopay/Mandate,Telecom & Recharge,Tamil Nadu,Axis Bank,Paytm,iOS,36-45,436,0,4,SUCCESS,0,Not fraud,
320532579994,2022-08-15 16:53:45,460.76,P2M,Grocery & Supermarkets,Punjab,HDFC Bank,PhonePe,Android,26-35,664,0,7,SUCCESS,0,Not fraud,
142055365268,2022-08-15 20:55:46,100.0,P2M,Grocery & Supermarkets,Maharashtra,State Bank of India,PhonePe,iOS,18-25,825,0,4,SUCCESS,0,Not fraud,
601951330580,2022-08-16 13:19:35,10100.0,P2P,Not applicable,Telangana,Other,PhonePe,Android,26-35,1095,0,2,SUCCESS,1,Investment/Task Scam,67.0
151383369025,2022-08-17 21:14:44,603.44,P2P,Not applicable,Telangana,Bank of Baroda,Other,Android,36-45,1193,0,3,SUCCESS,0,Not fraud,
260460992676,2022-08-18 07:35:27,1470.0,Autopay/Mandate,Utilities,Uttar Pradesh,IndusInd Bank,Google Pay,iOS,18-25,2321,0,4,SUCCESS,0,Not fraud,
942530876660,2022-08-18 10:23:35,115.0,P2P,Not applicable,Himachal Pradesh,ICICI Bank,Google Pay,Android,36-45,943,0,4,SUCCESS,0,Not fraud,
809060251452,2022-08-19 13:54:11,7325.57,P2P,Not applicable,Maharashtra,Indian Bank,PhonePe,Android,36-45,287,0,4,SUCCESS,0,Not fraud,
563981708321,2022-08-19 15:32:15,298.29,P2M,Grocery & Supermarkets,Rajasthan,Axis Bank,PhonePe,Android,60+,4288,0,5,SUCCESS,0,Not fraud,
892266013684,2022-08-20 09:36:30,200.0,P2M,Food & Dining,Karnataka,HDFC Bank,Google Pay,Android,18-25,520,0,6,SUCCESS,0,Not fraud,
422883555571,2022-08-20 18:52:04,21050.0,P2P,Not applicable,Andhra Pradesh,State Bank of India,Google Pay,iOS,18-25,158,1,3,SUCCESS,1,SIM Swap/Account Takeover,139.8
237892794259,2022-08-21 09:56:19,5738.91,Bill Payment,Telecom & Recharge,Maharashtra,Axis Bank,Amazon Pay,Android,26-35,445,0,4,SUCCESS,0,Not fraud,
122533453393,2022-08-21 12:40:59,392.74,P2M,Utilities,Bihar,Kotak Mahindra Bank,Google Pay,Android,18-25,973,0,3,SUCCESS,0,Not fraud,
996441391001,2022-08-23 06:51:08,800.0,P2P,Not applicable,Gujarat,Bank of Baroda,PhonePe,Android,26-35,105,0,2,SUCCESS,0,Not fraud,
933579645315,2022-08-23 10:29:16,60.15,P2M,Entertainment & OTT,Kerala,Punjab National Bank,Google Pay,iOS,18-25,2424,0,4,SUCCESS,0,Not fraud,
966071234684,2022-08-23 18:52:38,780.0,Autopay/Mandate,Education,West Bengal,Canara Bank,Google Pay,Android,60+,2021,0,2,SUCCESS,0,Not fraud,
718935791132,2022-08-23 19:16:50,560.31,P2P,Not applicable,Delhi,State Bank of India,Google Pay,Android,26-35,4480,0,2,SUCCESS,0,Not fraud,
283266797898,2022-08-24 08:08:06,4103.17,Collect Request,Not applicable,Maharashtra,Indian Bank,Google Pay,iOS,18-25,474,1,2,SUCCESS,1,Fake Collect Request,48.9
487350085498,2022-08-24 08:17:43,726.09,P2M,Food & Dining,Uttar Pradesh,ICICI Bank,PhonePe,Android,18-25,2915,0,2,SUCCESS,0,Not fraud,
435914458041,2022-08-24 14:25:27,610.0,Collect Request,Not applicable,Telangana,Other,Google Pay,Android,46-59,186,1,2,SUCCESS,0,Not fraud,
971488041751,2022-08-24 17:10:20,550.0,Bill Payment,Telecom & Recharge,Rajasthan,HDFC Bank,PhonePe,Android,18-25,1514,0,3,SUCCESS,0,Not fraud,
954288270004,2022-08-25 07:57:35,92.71,P2M,Entertainment & OTT,Andhra Pradesh,State Bank of India,PhonePe,iOS,26-35,231,0,2,SUCCESS,0,Not fraud,
591011431038,2022-08-26 15:46:17,390.0,P2P,Not applicable,Telangana,State Bank of India,Google Pay,Android,26-35,163,0,3,SUCCESS,0,Not fraud,
961077210058,2022-08-26 23:11:17,3150.56,P2M,Grocery & Supermarkets,Chhattisgarh,Axis Bank,Paytm,iOS,18-25,3238,0,3,SUCCESS,0,Not fraud,
495759412026,2022-08-27 11:38:01,1270.0,P2M,Grocery & Supermarkets,West Bengal,Yes Bank,PhonePe,Android,26-35,140,0,3,SUCCESS,1,Merchant Impersonation,2.2
366543414458,2022-08-27 23:57:00,738.6,P2P,Not applicable,Kerala,Axis Bank,PhonePe,Android,26-35,564,0,4,SUCCESS,0,Not fraud,
987818657891,2022-08-28 15:58:09,102.55,P2M,Food & Dining,Tamil Nadu,Indian Bank,PhonePe,Android,18-25,227,0,3,SUCCESS,0,Not fraud,
678092647546,2022-08-29 16:19:12,185.6,P2M,Entertainment & OTT,Maharashtra,Other,PhonePe,iOS,60+,367,0,5,SUCCESS,0,Not fraud,
717486001201,2022-08-30 09:00:52,171.76,P2M,Telecom & Recharge,Gujarat,Canara Bank,Google Pay,Android,26-35,100,0,4,SUCCESS,0,Not fraud,
513429011757,2022-08-30 09:24:50,230.0,P2P,Not applicable,Chhattisgarh,State Bank of India,Google Pay,Android,18-25,1839,0,2,SUCCESS,0,Not fraud,
549924726694,2022-08-31 11:20:08,1260.0,P2P,Not applicable,Rajasthan,Canara Bank,PhonePe,Android,60+,459,0,4,SUCCESS,0,Not fraud,
830455440429,2022-08-31 20:16:02,1264.23,P2P,Not applicable,Karnataka,Other,Google Pay,Android,26-35,80,0,4,SUCCESS,0,Not fraud,
220927570244,2022-09-01 14:14:42,1021.7,P2M,Entertainment & OTT,Uttar Pradesh,Other,Google Pay,Android,26-35,163,0,10,SUCCESS,0,Not fraud,
922074331236,2022-09-02 08:11:19,1900.0,Autopay/Mandate,Telecom & Recharge,Kerala,Axis Bank,Google Pay,Android,46-59,679,0,1,SUCCESS,0,Not fraud,
634230947537,2022-09-03 14:49:03,1500.0,Collect Request,Not applicable,Uttar Pradesh,ICICI Bank,Google Pay,Android,18-25,2792,1,4,SUCCESS,1,Fake Collect Request,5.2
374304548201,2022-09-03 16:52:26,600.0,P2M,Fuel,Telangana,IDFC FIRST Bank,PhonePe,Android,18-25,400,0,6,SUCCESS,0,Not fraud,
520352716888,2022-09-03 23:03:49,610.49,P2M,E-commerce,Karnataka,HDFC Bank,PhonePe,Android,46-59,1089,0,5,SUCCESS,0,Not fraud,
233979974380,2022-09-04 15:43:34,300.0,Bill Payment,Telecom & Recharge,Karnataka,Canara Bank,Google Pay,iOS,36-45,358,0,4,SUCCESS,0,Not fraud,
272728729784,2022-09-05 02:44:29,1980.0,P2M,Financial Services,Uttar Pradesh,Bank of Baroda,Amazon Pay,iOS,18-25,1361,0,2,SUCCESS,0,Not fraud,
852644055909,2022-09-06 16:44:47,500.0,P2M,Healthcare,Jharkhand,IDFC FIRST Bank,Google Pay,Android,18-25,942,0,3,FAILED,0,Not fraud,
266760106150,2022-09-06 18:19:19,1580.0,P2M,E-commerce,Gujarat,ICICI Bank,Other,Android,18-25,346,0,5,SUCCESS,0,Not fraud,
592240890379,2022-09-07 14:59:56,470.0,P2M,E-commerce,Andhra Pradesh,State Bank of India,PhonePe,iOS,26-35,1303,1,3,SUCCESS,0,Not fraud,
301531341667,2022-09-07 19:27:22,292.26,Autopay/Mandate,Telecom & Recharge,Uttar Pradesh,Other,Google Pay,Android,26-35,120,0,2,SUCCESS,0,Not fraud,
727964311062,2022-09-08 13:34:25,976.01,Bill Payment,Utilities,Gujarat,Bank of Baroda,PhonePe,iOS,60+,2171,0,3,SUCCESS,0,Not fraud,
172169154358,2022-09-09 09:17:13,629.98,P2P,Not applicable,Jharkhand,ICICI Bank,PhonePe,Android,26-35,1625,0,2,SUCCESS,0,Not fraud,
757967084001,2022-09-09 13:53:52,790.71,P2M,Others,Tamil Nadu,Yes Bank,PhonePe,Android,26-35,412,1,3,SUCCESS,0,Not fraud,
478355480891,2022-09-09 17:34:07,5209.61,P2M,Education,Telangana,State Bank of India,Google Pay,Android,36-45,3859,0,6,SUCCESS,0,Not fraud,
548792229077,2022-09-09 20:50:57,1958.85,P2P,Not applicable,Tamil Nadu,State Bank of India,PhonePe,Android,26-35,429,1,1,FAILED,0,Not fraud,
458210692421,2022-09-10 19:36:32,2400.0,P2P,Not applicable,Rajasthan,State Bank of India,PhonePe,Android,26-35,1316,1,3,SUCCESS,0,Not fraud,
587497758568,2022-09-12 06:04:43,439.38,P2P,Not applicable,Uttar Pradesh,Indian Bank,Google Pay,iOS,46-59,1020,0,2,SUCCESS,0,Not fraud,
270618005878,2022-09-12 17:55:59,140.75,P2M,Telecom & Recharge,Maharashtra,Bank of India,PhonePe,Android,36-45,1026,0,6,SUCCESS,0,Not fraud,
416929047233,2022-09-12 18:42:57,1560.0,P2P,Not applicable,Haryana,ICICI Bank,Google Pay,Android,26-35,252,0,1,SUCCESS,0,Not fraud,
457499521546,2022-09-12 20:49:45,760.0,P2M,E-commerce,Kerala,Kotak Mahindra Bank,PhonePe,Android,46-59,6000,0,3,SUCCESS,0,Not fraud,
849954239857,2022-09-13 08:21:03,224.01,P2P,Not applicable,Jharkhand,State Bank of India,PhonePe,Android,18-25,6000,0,2,SUCCESS,0,Not fraud,
892449535056,2022-09-13 14:52:39,120.0,P2M,Food & Dining,Kerala,Other,PhonePe,Android,26-35,132,0,6,SUCCESS,0,Not fraud,
220196098307,2022-09-13 19:07:45,562.28,Bill Payment,Telecom & Recharge,Haryana,Other,PhonePe,iOS,36-45,557,0,1,DEEMED,0,Not fraud,
119225556716,2022-09-14 13:41:32,3048.34,P2M,Telecom & Recharge,Assam,HDFC Bank,Google Pay,Android,26-35,930,0,3,SUCCESS,0,Not fraud,
456604555745,2022-09-14 20:49:58,204.94,P2M,Entertainment & OTT,Tamil Nadu,Bank of Baroda,PhonePe,Android,18-25,382,1,3,SUCCESS,0,Not fraud,
878335125349,2022-09-15 05:28:01,1100.0,P2M,Food & Dining,Telangana,State Bank of India,Google Pay,Android,18-25,183,0,4,SUCCESS,0,Not fraud,
197720535978,2022-09-15 07:51:46,422.27,P2M,Healthcare,Rajasthan,Canara Bank,PhonePe,iOS,18-25,20,0,5,SUCCESS,0,Not fraud,
233938633824,2022-09-15 16:38:02,300.0,P2M,Utilities,Madhya Pradesh,Other,Other,iOS,46-59,80,0,5,SUCCESS,0,Not fraud,
678651032875,2022-09-16 12:52:17,419.04,Autopay/Mandate,Entertainment & OTT,Kerala,Bank of Baroda,Paytm,Android,46-59,310,0,1,FAILED,0,Not fraud,
546115271868,2022-09-16 13:45:00,3010.0,Collect Request,Not applicable,Punjab,ICICI Bank,Paytm,iOS,26-35,297,1,3,SUCCESS,1,Fake Collect Request,93.3
208685646217,2022-09-16 19:18:14,2856.87,Collect Request,Not applicable,Andhra Pradesh,State Bank of India,PhonePe,Android,36-45,1002,1,1,SUCCESS,0,Not fraud,
844856256329,2022-09-17 13:22:58,27200.0,P2M,Telecom & Recharge,Maharashtra,HDFC Bank,Google Pay,Android,26-35,661,0,3,SUCCESS,1,Phishing/Vishing,20.9
680228003746,2022-09-17 19:27:56,385.82,P2P,Not applicable,Madhya Pradesh,HDFC Bank,PhonePe,iOS,36-45,873,0,4,SUCCESS,0,Not fraud,
180707408884,2022-09-18 06:40:26,132.81,P2M,Food & Dining,Odisha,Punjab National Bank,Google Pay,Android,26-35,935,0,7,SUCCESS,0,Not fraud,
484447275596,2022-09-18 10:58:37,1493.85,P2P,Not applicable,Andhra Pradesh,IDFC FIRST Bank,Google Pay,Android,36-45,448,1,3,SUCCESS,0,Not fraud,
830078048404,2022-09-18 21:42:20,980.91,P2P,Not applicable,Tamil Nadu,Other,Amazon Pay,Android,36-45,3075,0,4,SUCCESS,0,Not fraud,
829570295403,2022-09-19 12:10:21,600.0,Bill Payment,Financial Services,Uttar Pradesh,Other,Google Pay,Android,60+,238,0,3,SUCCESS,0,Not fraud,
720643143726,2022-09-19 12:14:58,80.1,P2M,Food & Dining,Odisha,Canara Bank,PhonePe,iOS,26-35,4173,0,4,SUCCESS,0,Not fraud,
805881834446,2022-09-19 17:55:44,435.99,P2M,Financial Services,Rajasthan,Canara Bank,Paytm,Android,26-35,3606,0,4,SUCCESS,0,Not fraud,
111822692080,2022-09-20 07:42:32,1113.48,P2M,Fuel,Maharashtra,Canara Bank,Paytm,iOS,18-25,442,1,4,SUCCESS,0,Not fraud,
905077648953,2022-09-20 10:39:47,5300.0,Bill Payment,Utilities,Telangana,HDFC Bank,PhonePe,Android,36-45,479,0,1,SUCCESS,0,Not fraud,
674084055163,2022-09-20 11:02:22,1000.0,P2P,Not applicable,Gujarat,Union Bank of India,PhonePe,iOS,46-59,267,1,3,SUCCESS,0,Not fraud,
699456745847,2022-09-20 17:47:58,2300.0,Bill Payment,Financial Services,Odisha,Punjab National Bank,Paytm,Android,26-35,910,0,1,SUCCESS,0,Not fraud,
528533780893,2022-09-21 16:16:09,9070.0,P2M,Telecom & Recharge,Delhi,Axis Bank,CRED,Android,26-35,6000,0,4,SUCCESS,1,QR Code Scam,227.5
413366517267,2022-09-21 19:02:35,1000.0,P2P,Not applicable,West Bengal,State Bank of India,PhonePe,Android,36-45,4703,0,4,SUCCESS,0,Not fraud,
442948749025,2022-09-22 16:21:59,650.0,P2P,Not applicable,Bihar,Other,PhonePe,Android,18-25,514,0,5,SUCCESS,0,Not fraud,
179209890481,2022-09-22 17:34:09,1000.0,P2M,Grocery & Supermarkets,Andhra Pradesh,Other,Amazon Pay,iOS,36-45,329,0,5,SUCCESS,0,Not fraud,
250966820418,2022-09-23 18:03:11,1.0,P2M,Grocery & Supermarkets,Chandigarh,State Bank of India,PhonePe,Android,26-35,337,0,3,SUCCESS,0,Not fraud,
441541247494,2022-09-23 19:22:22,2378.57,P2M,Travel & Transport,Delhi,State Bank of India,Google Pay,Android,18-25,1701,0,6,FAILED,0,Not fraud,
276450211787,2022-09-23 19:26:00,10040.0,Bill Payment,Utilities,Tamil Nadu,State Bank of India,Other,Android,36-45,6000,0,3,SUCCESS,0,Not fraud,
995135353761,2022-09-23 19:29:06,800.0,P2P,Not applicable,Himachal Pradesh,Other,PhonePe,Android,36-45,57,0,3,SUCCESS,0,Not fraud,
616709038826,2022-09-24 17:08:46,1850.0,Collect Request,Not applicable,Gujarat,State Bank of India,Google Pay,Android,18-25,3301,1,1,SUCCESS,0,Not fraud,
859908042508,2022-09-25 07:07:48,600.0,P2P,Not applicable,Maharashtra,HDFC Bank,PhonePe,Android,26-35,1115,1,1,SUCCESS,0,Not fraud,
927342521438,2022-09-25 11:50:22,459.68,P2M,E-commerce,Telangana,Other,Google Pay,Android,18-25,3853,0,2,SUCCESS,0,Not fraud,
962852346170,2022-09-25 19:03:31,910.0,P2M,Grocery & Supermarkets,Rajasthan,ICICI Bank,Google Pay,Android,26-35,222,0,6,SUCCESS,0,Not fraud,
604928753151,2022-09-26 15:08:52,2732.78,P2P,Not applicable,Uttar Pradesh,HDFC Bank,Google Pay,Android,18-25,1421,1,1,SUCCESS,0,Not fraud,
788794258261,2022-09-26 20:20:34,5649.45,P2M,Fuel,Uttar Pradesh,State Bank of India,Google Pay,Android,46-59,3991,0,6,SUCCESS,0,Not fraud,
518002384696,2022-09-27 12:24:01,240.0,P2P,Not applicable,Maharashtra,State Bank of India,PhonePe,Android,36-45,1493,0,1,SUCCESS,0,Not fraud,
509108172796,2022-09-27 15:41:01,85.98,P2M,Telecom & Recharge,Telangana,State Bank of India,PhonePe,Android,36-45,645,0,3,SUCCESS,0,Not fraud,
501694462862,2022-09-27 17:16:18,1268.49,P2M,Travel & Transport,Telangana,Other,Google Pay,Android,26-35,2077,0,5,SUCCESS,0,Not fraud,
139813036489,2022-10-01 11:16:37,992.93,P2M,E-commerce,Haryana,Axis Bank,PhonePe,iOS,36-45,699,0,5,SUCCESS,0,Not fraud,
402431462095,2022-10-01 12:57:54,6915.51,P2M,Education,Maharashtra,Kotak Mahindra Bank,Google Pay,iOS,36-45,837,0,5,DEEMED,0,Not fraud,
879235926861,2022-10-01 16:49:45,12868.64,P2P,Not applicable,Telangana,State Bank of India,PhonePe,Android,60+,811,0,4,SUCCESS,1,Fake Customer Care,70.9
538486005142,2022-10-01 18:57:46,90.0,P2P,Not applicable,Gujarat,State Bank of India,PhonePe,Android,36-45,1380,0,4,SUCCESS,0,Not fraud,
487197337366,2022-10-01 20:01:25,958.56,P2M,Grocery & Supermarkets,Himachal Pradesh,State Bank of India,Google Pay,Android,46-59,1003,0,3,SUCCESS,0,Not fraud,
674452005676,2022-10-01 20:51:05,18140.0,P2M,Grocery & Supermarkets,Karnataka,Other,PhonePe,Android,36-45,2298,0,4,SUCCESS,1,Phishing/Vishing,28.2
390096959805,2022-10-02 08:53:17,300.0,P2M,Fuel,Telangana,Punjab National Bank,Other,iOS,60+,279,0,4,FAILED,0,Not fraud,
429673100858,2022-10-02 09:39:38,633.2,P2M,Food & Dining,Andhra Pradesh,Kotak Mahindra Bank,Google Pay,Android,36-45,457,0,5,SUCCESS,0,Not fraud,
251817123897,2022-10-04 06:20:46,137.02,P2M,Telecom & Recharge,Karnataka,Indian Bank,Other,Android,26-35,562,0,4,SUCCESS,0,Not fraud,
387769123203,2022-10-04 11:53:14,410.0,P2P,Not applicable,Madhya Pradesh,ICICI Bank,Google Pay,Android,46-59,479,0,3,SUCCESS,0,Not fraud,
160328280266,2022-10-04 15:30:59,520.0,P2M,E-commerce,Jharkhand,Indian Bank,PhonePe,Android,36-45,39,0,8,SUCCESS,0,Not fraud,
211088131482,2022-10-05 12:00:01,4117.82,Autopay/Mandate,Entertainment & OTT,Puducherry,Canara Bank,PhonePe,Android,26-35,125,0,2,SUCCESS,0,Not fraud,
871474000589,2022-10-06 10:13:29,760.0,P2M,Travel & Transport,Uttar Pradesh,ICICI Bank,PhonePe,Android,26-35,121,0,8,SUCCESS,0,Not fraud,
964281780793,2022-10-06 16:12:08,300.0,P2P,Not applicable,Bihar,State Bank of India,Google Pay,Android,26-35,83,0,1,SUCCESS,0,Not fraud,
186398570199,2022-10-07 20:40:08,811.73,P2P,Not applicable,West Bengal,Canara Bank,Other,Android,46-59,920,0,3,FAILED,0,Not fraud,
264912149101,2022-10-08 09:27:49,1326.77,Autopay/Mandate,Financial Services,Karnataka,Bank of Baroda,PhonePe,Android,26-35,630,0,4,SUCCESS,0,Not fraud,
646445258616,2022-10-08 10:48:42,10060.0,Bill Payment,Financial Services,Maharashtra,HDFC Bank,Google Pay,Android,18-25,347,0,4,SUCCESS,0,Not fraud,
570489152446,2022-10-08 15:33:28,2206.19,Autopay/Mandate,Entertainment & OTT,Gujarat,State Bank of India,Google Pay,Android,36-45,1460,0,2,SUCCESS,0,Not fraud,
364048255146,2022-10-09 08:07:18,1680.0,P2M,Food & Dining,Odisha,Bank of India,PhonePe,Android,26-35,1785,0,3,SUCCESS,0,Not fraud,
790179498164,2022-10-09 15:45:27,1130.0,P2M,Grocery & Supermarkets,Andhra Pradesh,Bank of Baroda,PhonePe,Android,26-35,140,0,3,SUCCESS,0,Not fraud,
370117676797,2022-10-09 17:17:36,12500.0,P2P,Not applicable,Karnataka,ICICI Bank,Google Pay,Android,18-25,265,1,3,SUCCESS,0,Not fraud,
717503810176,2022-10-09 23:52:40,86.16,P2P,Not applicable,Jharkhand,ICICI Bank,Google Pay,Android,26-35,1194,0,2,SUCCESS,0,Not fraud,
883064504321,2022-10-10 13:59:18,530.0,Autopay/Mandate,Financial Services,Assam,ICICI Bank,PhonePe,Android,26-35,231,0,3,SUCCESS,0,Not fraud,
256591063057,2022-10-10 15:58:43,420.0,P2M,Grocery & Supermarkets,Uttar Pradesh,State Bank of India,PhonePe,Android,26-35,282,0,4,SUCCESS,0,Not fraud,
852132855495,2022-10-10 16:23:45,550.0,P2P,Not applicable,Jharkhand,Bank of Baroda,PhonePe,Android,18-25,473,0,3,SUCCESS,0,Not fraud,
924604896095,2022-10-10 19:59:58,499.88,P2M,Grocery & Supermarkets,Maharashtra,Union Bank of India,Google Pay,Android,36-45,2238,0,2,SUCCESS,0,Not fraud,
740050413999,2022-10-11 08:28:25,3726.94,P2P,Not applicable,Uttar Pradesh,ICICI Bank,Amazon Pay,Android,46-59,51,0,1,SUCCESS,0,Not fraud,
876153916428,2022-10-11 17:22:56,2200.0,P2P,Not applicable,Karnataka,Canara Bank,PhonePe,iOS,18-25,567,0,4,SUCCESS,0,Not fraud,
363280961644,2022-10-11 21:02:39,5700.0,Collect Request,Not applicable,Andhra Pradesh,HDFC Bank,PhonePe,iOS,18-25,2521,1,1,SUCCESS,1,Fake Collect Request,5.2
428734695385,2022-10-12 19:49:58,4400.0,Bill Payment,Utilities,Madhya Pradesh,ICICI Bank,Google Pay,iOS,18-25,2855,0,3,SUCCESS,0,Not fraud,
103296768841,2022-10-13 09:28:35,38.57,P2M,Financial Services,Himachal Pradesh,Other,PhonePe,Android,26-35,6000,0,2,DEEMED,0,Not fraud,
523525587331,2022-10-13 12:16:54,5674.81,P2P,Not applicable,Maharashtra,IDFC FIRST Bank,PhonePe,Android,18-25,31,0,2,SUCCESS,0,Not fraud,
246589339364,2022-10-13 14:39:23,97.38,P2M,Grocery & Supermarkets,Kerala,ICICI Bank,PhonePe,iOS,18-25,960,0,3,SUCCESS,0,Not fraud,
273391495618,2022-10-13 20:39:36,2072.23,Collect Request,Not applicable,Punjab,Other,PhonePe,Android,18-25,436,1,3,SUCCESS,0,Not fraud,
279657843225,2022-10-13 20:55:05,290.0,P2M,Entertainment & OTT,Uttar Pradesh,IDFC FIRST Bank,PhonePe,Android,26-35,384,0,3,SUCCESS,0,Not fraud,
638016233555,2022-10-14 07:11:31,228.9,P2P,Not applicable,Uttarakhand,State Bank of India,PhonePe,Android,36-45,1155,0,2,SUCCESS,0,Not fraud,
802898020961,2022-10-14 14:12:03,2613.44,P2M,Travel & Transport,Andhra Pradesh,State Bank of India,BHIM,iOS,26-35,254,0,6,SUCCESS,0,Not fraud,
221929617849,2022-10-14 17:06:30,2900.0,Collect Request,Not applicable,Telangana,Other,Google Pay,Android,26-35,3863,1,1,SUCCESS,1,Fake Collect Request,9.3
482610016236,2022-10-14 21:01:23,2198.49,P2P,Not applicable,Uttarakhand,State Bank of India,PhonePe,Android,26-35,2066,0,1,SUCCESS,0,Not fraud,
224717181729,2022-10-15 06:09:45,331.77,P2P,Not applicable,Rajasthan,State Bank of India,Google Pay,Android,26-35,1773,1,5,SUCCESS,0,Not fraud,
455115249871,2022-10-16 03:58:47,410.23,P2P,Not applicable,Haryana,Other,Google Pay,Android,26-35,476,1,2,SUCCESS,0,Not fraud,
281397622500,2022-10-16 10:21:38,1300.0,P2P,Not applicable,Maharashtra,Bank of Baroda,Paytm,Android,46-59,976,0,3,SUCCESS,0,Not fraud,
895034798649,2022-10-16 11:19:22,4310.0,P2P,Not applicable,Maharashtra,HDFC Bank,PhonePe,Android,26-35,978,0,4,SUCCESS,0,Not fraud,
597156603398,2022-10-16 20:30:58,296.39,Autopay/Mandate,Entertainment & OTT,Punjab,Bank of India,Amazon Pay,Android,46-59,275,0,3,SUCCESS,0,Not fraud,
267653064645,2022-10-17 10:31:44,733.73,P2P,Not applicable,Tamil Nadu,HDFC Bank,PhonePe,Android,18-25,226,1,2,SUCCESS,0,Not fraud,
973213963919,2022-10-17 12:41:02,4700.0,Bill Payment,Telecom & Recharge,Karnataka,Canara Bank,PhonePe,Android,26-35,188,0,3,FAILED,0,Not fraud,
639537248037,2022-10-17 22:08:20,200.0,P2M,Grocery & Supermarkets,Uttar Pradesh,Punjab National Bank,Google Pay,Android,46-59,1635,0,1,SUCCESS,0,Not fraud,
242807389581,2022-10-18 02:11:36,412.98,P2M,Grocery & Supermarkets,Rajasthan,Axis Bank,Other,iOS,18-25,521,0,4,SUCCESS,0,Not fraud,
206201738594,2022-10-18 11:54:46,400.0,P2M,Grocery & Supermarkets,Gujarat,Bank of Baroda,Paytm,Android,18-25,1284,0,6,SUCCESS,0,Not fraud,
584013470878,2022-10-18 16:05:57,260.0,Bill Payment,Telecom & Recharge,Maharashtra,State Bank of India,Google Pay,Android,60+,1299,0,1,SUCCESS,0,Not fraud,
637691931437,2022-10-18 17:12:03,510.0,Bill Payment,Utilities,West Bengal,Other,PhonePe,iOS,26-35,447,0,1,SUCCESS,0,Not fraud,
687677978915,2022-10-18 21:28:46,1190.0,P2M,Grocery & Supermarkets,Maharashtra,Other,Google Pay,iOS,18-25,3176,0,4,SUCCESS,0,Not fraud,
258877748459,2022-10-19 02:54:18,8386.76,P2P,Not applicable,Assam,Yes Bank,PhonePe,iOS,26-35,1198,1,2,SUCCESS,0,Not fraud,
530388078141,2022-10-20 14:14:38,1470.0,P2M,Food & Dining,Rajasthan,HDFC Bank,PhonePe,Android,26-35,363,0,7,SUCCESS,0,Not fraud,
622712054253,2022-10-20 17:38:33,1228.7,Bill Payment,Telecom & Recharge,Tamil Nadu,ICICI Bank,PhonePe,Android,18-25,79,0,6,FAILED,0,Not fraud,
546267620006,2022-10-20 20:38:45,5000.0,Autopay/Mandate,Entertainment & OTT,Telangana,IndusInd Bank,Google Pay,Android,46-59,968,1,1,SUCCESS,0,Not fraud,
212129376263,2022-10-21 12:01:58,870.0,P2M,Travel & Transport,Uttar Pradesh,State Bank of India,PhonePe,Android,46-59,1725,0,5,SUCCESS,0,Not fraud,
446576765185,2022-10-21 21:57:25,474.69,P2M,Grocery & Supermarkets,Telangana,HDFC Bank,CRED,Android,26-35,189,0,4,SUCCESS,0,Not fraud,
267416384132,2022-10-22 02:45:46,2229.31,P2P,Not applicable,Delhi,Kotak Mahindra Bank,PhonePe,iOS,46-59,485,1,3,SUCCESS,0,Not fraud,
398507475768,2022-10-22 10:11:08,756.28,Bill Payment,Education,Maharashtra,Other,Google Pay,Android,26-35,72,0,3,SUCCESS,0,Not fraud,
330204600043,2022-10-22 20:02:37,529.41,P2M,Travel & Transport,Uttar Pradesh,State Bank of India,Google Pay,Android,60+,393,1,3,SUCCESS,0,Not fraud,
933121001026,2022-10-23 10:05:45,480.0,P2P,Not applicable,Maharashtra,Other,Other,Feature Phone (USSD),46-59,339,1,2,SUCCESS,0,Not fraud,
537309362540,2022-10-24 11:10:54,4130.0,P2M,Grocery & Supermarkets,Uttar Pradesh,State Bank of India,PhonePe,Android,18-25,474,0,4,SUCCESS,1,Merchant Impersonation,15.6
634014343216,2022-10-24 11:13:45,2950.0,Collect Request,Not applicable,Telangana,State Bank of India,BHIM,Android,46-59,246,0,1,SUCCESS,0,Not fraud,
617383767270,2022-10-24 16:21:13,3916.17,P2P,Not applicable,Tamil Nadu,State Bank of India,PhonePe,Android,18-25,929,0,3,SUCCESS,0,Not fraud,
229872143765,2022-10-24 19:15:39,932.18,P2M,Food & Dining,Telangana,State Bank of India,PhonePe,Android,26-35,795,0,7,SUCCESS,0,Not fraud,
791050262014,2022-10-25 17:52:00,1053.63,Autopay/Mandate,Entertainment & OTT,Andhra Pradesh,State Bank of India,PhonePe,Android,18-25,493,0,3,SUCCESS,0,Not fraud,
654854338574,2022-10-26 08:02:02,400.0,P2M,Others,Maharashtra,IndusInd Bank,Google Pay,iOS,18-25,480,0,1,SUCCESS,0,Not fraud,
338908057113,2022-10-26 18:36:00,1570.0,P2M,Telecom & Recharge,Maharashtra,Axis Bank,PhonePe,Android,26-35,6000,0,5,SUCCESS,0,Not fraud,
377899292102,2022-10-26 19:24:55,1089.82,Autopay/Mandate,Entertainment & OTT,Uttar Pradesh,State Bank of India,Google Pay,iOS,60+,939,0,3,SUCCESS,0,Not fraud,
675035966938,2022-10-27 09:40:34,1300.0,P2M,Grocery & Supermarkets,Karnataka,Bank of Baroda,Google Pay,Android,18-25,1305,0,3,SUCCESS,0,Not fraud,
903313155669,2022-10-27 11:32:58,579.24,P2M,Fuel,Bihar,ICICI Bank,PhonePe,iOS,26-35,384,0,4,SUCCESS,0,Not fraud,
943370409502,2022-10-27 15:19:54,890.0,P2M,Education,Rajasthan,HDFC Bank,Google Pay,iOS,46-59,151,0,3,SUCCESS,0,Not fraud,
663284359664,2022-10-27 18:44:20,1120.0,P2M,Grocery & Supermarkets,Maharashtra,Other,Google Pay,iOS,60+,131,0,3,SUCCESS,0,Not fraud,
374949753816,2022-10-27 22:02:06,300.0,P2M,Fuel,Karnataka,HDFC Bank,PhonePe,Android,36-45,2666,0,6,SUCCESS,0,Not fraud,
129107605449,2022-10-28 10:06:03,1557.48,P2P,Not applicable,Karnataka,ICICI Bank,PhonePe,Android,18-25,204,0,4,SUCCESS,0,Not fraud,
835921482741,2022-10-28 12:00:53,180.0,Autopay/Mandate,Entertainment & OTT,Uttar Pradesh,Indian Bank,Google Pay,Android,36-45,519,0,1,SUCCESS,0,Not fraud,
599465348585,2022-10-28 17:34:24,400.0,P2M,Healthcare,Karnataka,Bank of India,Google Pay,Android,26-35,2888,0,2,SUCCESS,0,Not fraud,
997236351140,2022-10-28 21:57:04,1310.0,P2P,Not applicable,Assam,State Bank of India,PhonePe,Android,26-35,1977,1,2,SUCCESS,0,Not fraud,
274123106376,2022-10-29 17:33:17,252.85,P2M,Food & Dining,Andhra Pradesh,Axis Bank,Google Pay,Android,26-35,630,1,4,SUCCESS,0,Not fraud,
819415857262,2022-10-29 20:41:30,1200.0,P2M,Grocery & Supermarkets,Rajasthan,State Bank of India,Google Pay,Android,18-25,2137,0,6,SUCCESS,0,Not fraud,
821720735086,2022-10-31 17:04:27,2181.13,P2P,Not applicable,Tamil Nadu,Axis Bank,Other,Android,18-25,232,0,1,SUCCESS,0,Not fraud,
597313375573,2022-10-31 19:21:31,3775.0,P2M,Entertainment & OTT,Madhya Pradesh,Other,Google Pay,iOS,18-25,523,0,3,SUCCESS,0,Not fraud,
869330748692,2022-11-01 14:17:38,917.03,P2P,Not applicable,Maharashtra,HDFC Bank,PhonePe,iOS,26-35,148,1,1,FAILED,0,Not fraud,
237201083437,2022-11-01 18:18:18,591.89,P2M,Entertainment & OTT,Maharashtra,Bank of India,Google Pay,Android,46-59,333,0,8,SUCCESS,0,Not fraud,
464495594478,2022-11-01 22:44:00,200.0,Autopay/Mandate,Telecom & Recharge,Madhya Pradesh,Other,PhonePe,Android,26-35,1424,0,1,SUCCESS,0,Not fraud,
800151716577,2022-11-02 00:58:52,12437.8,P2M,Food & Dining,Jammu & Kashmir,State Bank of India,Google Pay,Android,18-25,858,0,3,SUCCESS,1,Phishing/Vishing,13.4
400527249980,2022-11-02 16:29:50,660.0,P2M,Utilities,Gujarat,State Bank of India,PhonePe,Android,18-25,1593,1,4,SUCCESS,0,Not fraud,
343501777170,2022-11-02 17:48:46,124.61,Collect Request,Not applicable,Haryana,HDFC Bank,Google Pay,Android,60+,52,1,5,SUCCESS,0,Not fraud,
959029437980,2022-11-02 19:29:38,1900.0,P2M,E-commerce,Madhya Pradesh,State Bank of India,PhonePe,Android,26-35,6000,0,5,SUCCESS,0,Not fraud,
124387859084,2022-11-03 08:10:39,200.0,P2M,Entertainment & OTT,Karnataka,Indian Bank,PhonePe,Android,36-45,5614,0,3,SUCCESS,0,Not fraud,
176937526472,2022-11-03 11:17:57,400.0,P2M,Grocery & Supermarkets,Tripura,Other,Google Pay,iOS,46-59,4779,1,5,SUCCESS,0,Not fraud,
741415313283,2022-11-03 12:01:50,635.74,P2M,Grocery & Supermarkets,Uttar Pradesh,Yes Bank,PhonePe,Android,46-59,648,0,4,SUCCESS,0,Not fraud,
612528528510,2022-11-03 20:19:37,374.25,Bill Payment,Financial Services,Tamil Nadu,State Bank of India,Google Pay,Android,26-35,101,0,2,SUCCESS,0,Not fraud,
309193279318,2022-11-03 22:35:02,500.0,Autopay/Mandate,Entertainment & OTT,Rajasthan,ICICI Bank,PhonePe,Android,18-25,1202,0,3,FAILED,0,Not fraud,
727756133539,2022-11-04 14:15:18,930.0,P2P,Not applicable,Rajasthan,Bank of India,PhonePe,Android,36-45,577,1,5,SUCCESS,0,Not fraud,
274945792962,2022-11-04 18:54:25,976.13,Collect Request,Not applicable,West Bengal,IDFC FIRST Bank,PhonePe,iOS,26-35,115,1,2,SUCCESS,0,Not fraud,
749242570616,2022-11-05 08:27:51,170.0,P2P,Not applicable,West Bengal,State Bank of India,PhonePe,Android,26-35,147,1,4,SUCCESS,0,Not fraud,
252508654399,2022-11-05 14:36:21,700.0,P2M,Food & Dining,Andhra Pradesh,HDFC Bank,Paytm,Android,18-25,187,0,5,SUCCESS,0,Not fraud,
599256622479,2022-11-05 14:56:19,712.16,P2M,Travel & Transport,Karnataka,Bank of India,Other,iOS,18-25,411,0,6,SUCCESS,0,Not fraud,
545815246967,2022-11-06 07:16:10,940.0,P2P,Not applicable,Kerala,Axis Bank,Other,iOS,26-35,766,0,3,SUCCESS,0,Not fraud,
827666808519,2022-11-06 22:38:48,322.45,P2M,Utilities,Karnataka,Canara Bank,Google Pay,iOS,18-25,307,0,5,SUCCESS,0,Not fraud,
850732075354,2022-11-07 13:04:01,967.91,P2P,Not applicable,Gujarat,Kotak Mahindra Bank,PhonePe,Android,46-59,2668,1,4,SUCCESS,0,Not fraud,
287968184956,2022-11-07 20:30:11,200.0,P2M,Utilities,Rajasthan,HDFC Bank,PhonePe,Android,36-45,2622,0,7,SUCCESS,0,Not fraud,
735673374169,2022-11-07 21:38:41,308.69,P2M,Fuel,Andhra Pradesh,Axis Bank,Google Pay,Android,36-45,164,0,1,SUCCESS,0,Not fraud,
627826566832,2022-11-08 00:08:02,2722.06,Collect Request,Not applicable,Madhya Pradesh,Punjab National Bank,PhonePe,Android,18-25,203,1,5,SUCCESS,1,Fake Collect Request,38.6
985546916902,2022-11-08 10:41:46,930.0,P2M,Grocery & Supermarkets,Karnataka,Other,Paytm,iOS,26-35,63,0,5,SUCCESS,0,Not fraud,
835364285449,2022-11-08 14:53:21,2071.52,P2P,Not applicable,Punjab,ICICI Bank,Google Pay,Android,26-35,316,0,4,SUCCESS,0,Not fraud,
988555398923,2022-11-09 05:09:39,1000.0,P2M,Travel & Transport,Karnataka,HDFC Bank,PhonePe,Android,26-35,2322,0,5,SUCCESS,0,Not fraud,
104346831185,2022-11-09 14:45:28,130.0,P2M,Telecom & Recharge,Odisha,Axis Bank,PhonePe,Android,26-35,346,0,3,SUCCESS,0,Not fraud,
347782028656,2022-11-09 15:38:06,800.0,P2P,Not applicable,Madhya Pradesh,HDFC Bank,Paytm,iOS,18-25,958,1,2,SUCCESS,0,Not fraud,
677606738493,2022-11-09 19:40:18,61.0,P2M,Entertainment & OTT,Maharashtra,State Bank of India,Other,Android,26-35,628,0,6,SUCCESS,0,Not fraud,
483113616411,2022-11-10 09:17:34,870.0,Bill Payment,Financial Services,Telangana,Axis Bank,Google Pay,Android,36-45,437,0,1,SUCCESS,0,Not fraud,
330039078822,2022-11-10 18:57:22,424.08,P2M,Grocery & Supermarkets,Karnataka,HDFC Bank,PhonePe,Feature Phone (USSD),26-35,3512,0,6,SUCCESS,0,Not fraud,
849291831841,2022-11-10 20:06:44,884.36,P2P,Not applicable,Telangana,HDFC Bank,Google Pay,Android,36-45,93,0,3,SUCCESS,0,Not fraud,
878249094946,2022-11-11 12:05:37,630.78,P2P,Not applicable,West Bengal,Indian Bank,PhonePe,Android,26-35,512,1,1,SUCCESS,0,Not fraud,
484351048540,2022-11-11 15:02:05,4103.22,P2P,Not applicable,Telangana,Axis Bank,PhonePe,Android,46-59,1863,0,1,SUCCESS,0,Not fraud,
433173861821,2022-11-11 16:42:56,433.61,Autopay/Mandate,Entertainment & OTT,Madhya Pradesh,Kotak Mahindra Bank,PhonePe,Android,26-35,228,0,2,SUCCESS,0,Not fraud,
691749752548,2022-11-12 08:12:00,630.07,P2M,Travel & Transport,Bihar,Axis Bank,PhonePe,iOS,36-45,730,0,3,SUCCESS,0,Not fraud,
414483655326,2022-11-12 14:58:02,4500.0,P2M,E-commerce,Gujarat,State Bank of India,PhonePe,Android,26-35,1663,0,6,SUCCESS,0,Not fraud,
294039144558,2022-11-12 20:24:39,620.52,P2P,Not applicable,Tamil Nadu,State Bank of India,Google Pay,Android,46-59,6000,0,2,SUCCESS,0,Not fraud,
112197383829,2022-11-13 02:34:59,522.02,Bill Payment,Financial Services,Madhya Pradesh,Indian Bank,Google Pay,iOS,26-35,4041,0,2,SUCCESS,0,Not fraud,
778301929225,2022-11-13 10:23:32,15630.03,Collect Request,Not applicable,Maharashtra,HDFC Bank,Google Pay,Android,26-35,434,1,1,SUCCESS,0,Not fraud,
844025706853,2022-11-13 13:07:17,2568.94,P2P,Not applicable,Delhi,HDFC Bank,Google Pay,Android,26-35,4351,0,2,SUCCESS,0,Not fraud,
801605900517,2022-11-13 15:14:30,200.0,P2M,Financial Services,Telangana,HDFC Bank,Google Pay,Android,26-35,987,0,3,SUCCESS,0,Not fraud,
855520997574,2022-11-13 17:52:24,2550.0,P2M,E-commerce,Chhattisgarh,Axis Bank,Google Pay,Android,36-45,527,0,4,SUCCESS,0,Not fraud,
860614942723,2022-11-14 02:29:25,540.54,P2M,Fuel,Maharashtra,Kotak Mahindra Bank,PhonePe,iOS,26-35,72,0,4,SUCCESS,0,Not fraud,
940188799667,2022-11-14 16:30:07,1270.0,P2M,Travel & Transport,Bihar,Canara Bank,PhonePe,Android,18-25,308,0,3,SUCCESS,0,Not fraud,
921275001612,2022-11-14 17:18:19,1850.0,Collect Request,Not applicable,Rajasthan,Other,PhonePe,iOS,26-35,6000,1,3,SUCCESS,0,Not fraud,
844080880312,2022-11-14 20:00:12,202.75,P2P,Not applicable,Karnataka,ICICI Bank,PhonePe,Android,26-35,547,0,2,SUCCESS,0,Not fraud,
196513277586,2022-11-14 21:46:44,470.0,P2M,Telecom & Recharge,Bihar,Punjab National Bank,Google Pay,Android,26-35,2067,0,5,SUCCESS,0,Not fraud,
464734618047,2022-11-14 22:02:36,2366.46,P2P,Not applicable,Karnataka,Indian Bank,Google Pay,Android,18-25,63,1,2,SUCCESS,0,Not fraud,
639248469544,2022-11-14 22:48:38,813.63,P2M,Entertainment & OTT,Jharkhand,State Bank of India,PhonePe,Android,60+,111,0,3,SUCCESS,0,Not fraud,
659057143379,2022-11-15 00:12:48,147.77,P2P,Not applicable,Punjab,Axis Bank,CRED,iOS,36-45,1250,1,1,SUCCESS,0,Not fraud,
723189272667,2022-11-15 13:09:59,18223.85,P2P,Not applicable,Madhya Pradesh,State Bank of India,PhonePe,Android,26-35,1167,0,1,SUCCESS,1,Investment/Task Scam,23.3
479954886444,2022-11-15 21:37:38,400.0,P2M,Telecom & Recharge,Odisha,Union Bank of India,Google Pay,Android,36-45,3996,0,4,SUCCESS,0,Not fraud,
511417698670,2022-11-16 06:27:38,1112.51,Collect Request,Not applicable,Uttarakhand,ICICI Bank,PhonePe,Feature Phone (USSD),18-25,285,1,3,SUCCESS,0,Not fraud,
870849973781,2022-11-17 08:31:44,4800.0,P2P,Not applicable,Haryana,State Bank of India,Paytm,Android,18-25,269,0,2,SUCCESS,0,Not fraud,
932808414392,2022-11-18 07:22:10,1700.0,P2P,Not applicable,Telangana,ICICI Bank,Google Pay,Android,46-59,24,0,2,SUCCESS,0,Not fraud,
297421120475,2022-11-18 14:04:20,589.61,P2M,Food & Dining,Tripura,ICICI Bank,PhonePe,Android,18-25,272,0,3,SUCCESS,0,Not fraud,
537390966249,2022-11-18 20:07:28,395.94,Autopay/Mandate,Entertainment & OTT,Maharashtra,Canara Bank,Google Pay,iOS,26-35,1611,0,4,SUCCESS,0,Not fraud,
659653225478,2022-11-19 08:08:11,249.73,P2M,Telecom & Recharge,Karnataka,Other,PhonePe,Android,60+,741,0,9,SUCCESS,0,Not fraud,
240873324109,2022-11-19 08:33:58,200.0,P2P,Not applicable,Telangana,ICICI Bank,Google Pay,Android,36-45,1119,0,1,SUCCESS,0,Not fraud,
840820485690,2022-11-20 11:35:05,300.0,P2M,Food & Dining,Uttar Pradesh,State Bank of India,PhonePe,Android,36-45,811,0,7,SUCCESS,0,Not fraud,
566313275186,2022-11-20 17:32:51,540.0,P2M,Food & Dining,Kerala,HDFC Bank,PhonePe,iOS,46-59,205,0,5,SUCCESS,0,Not fraud,
905923416544,2022-11-21 12:35:22,6763.57,Collect Request,Not applicable,Rajasthan,State Bank of India,Google Pay,iOS,26-35,1306,0,5,SUCCESS,0,Not fraud,
676859794752,2022-11-21 17:19:32,5227.06,P2M,Travel & Transport,Karnataka,Other,Google Pay,Android,36-45,1641,0,2,SUCCESS,0,Not fraud,
132874388069,2022-11-21 18:47:08,890.0,P2P,Not applicable,Telangana,Bank of India,Google Pay,Android,36-45,370,0,4,SUCCESS,0,Not fraud,
383270337616,2022-11-22 19:55:41,1537.14,P2P,Not applicable,Maharashtra,HDFC Bank,Other,Android,18-25,682,1,2,SUCCESS,0,Not fraud,
507831624369,2022-11-23 13:01:43,1800.0,Bill Payment,Financial Services,Andhra Pradesh,Kotak Mahindra Bank,Google Pay,Android,26-35,2569,0,1,SUCCESS,0,Not fraud,
773648688684,2022-11-24 11:11:05,940.0,Collect Request,Not applicable,Karnataka,IndusInd Bank,PhonePe,iOS,18-25,248,1,1,SUCCESS,0,Not fraud,
614878098887,2022-11-24 12:31:59,584.43,P2M,Fuel,Telangana,State Bank of India,Other,Android,46-59,4951,0,5,SUCCESS,0,Not fraud,
817550102399,2022-11-24 16:33:03,900.0,P2M,Fuel,Uttar Pradesh,State Bank of India,PhonePe,Android,18-25,1782,0,5,SUCCESS,0,Not fraud,
407286540611,2022-11-24 19:02:25,510.0,Bill Payment,Utilities,West Bengal,Bank of India,Google Pay,Android,46-59,6000,0,2,SUCCESS,0,Not fraud,
482049044699,2022-11-25 09:37:59,640.0,P2M,Entertainment & OTT,Bihar,HDFC Bank,Google Pay,Android,18-25,3916,1,1,SUCCESS,0,Not fraud,
965503041687,2022-11-25 11:58:50,60.0,P2M,Entertainment & OTT,Haryana,State Bank of India,PhonePe,iOS,46-59,1248,0,5,SUCCESS,0,Not fraud,
255598631436,2022-11-25 19:04:17,310.0,P2P,Not applicable,Andhra Pradesh,State Bank of India,PhonePe,Android,26-35,466,1,2,SUCCESS,0,Not fraud,
417417393167,2022-11-25 19:16:49,4578.26,P2P,Not applicable,Karnataka,Other,Google Pay,Android,26-35,829,0,2,DEEMED,0,Not fraud,
599169386111,2022-11-26 09:15:32,308.2,P2P,Not applicable,Maharashtra,Canara Bank,Amazon Pay,iOS,18-25,942,0,2,SUCCESS,0,Not fraud,
138633069157,2022-11-26 12:23:06,2830.0,Bill Payment,Telecom & Recharge,Kerala,Other,Google Pay,Android,26-35,73,0,2,SUCCESS,0,Not fraud,
898123521450,2022-11-26 23:40:17,68208.94,P2P,Not applicable,Karnataka,Other,Amazon Pay,Android,18-25,1175,1,5,SUCCESS,1,Remote Access App Scam,95.3
715579350429,2022-11-27 03:08:45,100.0,P2M,Grocery & Supermarkets,Tamil Nadu,IDFC FIRST Bank,PhonePe,Android,26-35,277,0,5,SUCCESS,0,Not fraud,
939163705147,2022-11-27 16:58:19,130.0,P2M,Telecom & Recharge,Punjab,IDFC FIRST Bank,PhonePe,Android,60+,1020,0,3,SUCCESS,0,Not fraud,
806376727439,2022-11-27 17:43:15,2990.71,P2P,Not applicable,Karnataka,IndusInd Bank,Google Pay,Android,26-35,4511,0,2,SUCCESS,0,Not fraud,
308189163047,2022-11-27 20:09:09,3810.0,P2P,Not applicable,Telangana,State Bank of India,PhonePe,Android,26-35,2072,1,2,FAILED,0,Not fraud,
355380243857,2022-11-27 20:45:40,1310.0,P2M,Fuel,West Bengal,Axis Bank,PhonePe,iOS,18-25,118,1,5,SUCCESS,0,Not fraud,
193001808057,2022-11-28 09:03:01,2100.0,P2P,Not applicable,Maharashtra,Other,Google Pay,Android,26-35,94,0,2,SUCCESS,0,Not fraud,
686455430297,2022-11-29 20:29:43,680.0,P2M,Grocery & Supermarkets,Madhya Pradesh,HDFC Bank,Google Pay,Android,26-35,132,0,4,SUCCESS,0,Not fraud,
408201489182,2022-11-30 06:45:13,22641.69,P2P,Not applicable,Maharashtra,Bank of Baroda,PhonePe,Android,18-25,355,0,2,SUCCESS,1,Remote Access App Scam,2.0
263555772891,2022-12-01 06:49:44,500.0,Autopay/Mandate,Utilities,Karnataka,Other,BHIM,Feature Phone (USSD),26-35,739,0,1,SUCCESS,0,Not fraud,
255403311948,2022-12-02 08:00:00,1230.0,P2P,Not applicable,Uttar Pradesh,HDFC Bank,Google Pay,Android,18-25,1458,0,1,SUCCESS,0,Not fraud,
141618944184,2022-12-02 17:16:42,2270.0,P2P,Not applicable,Telangana,HDFC Bank,PhonePe,Android,26-35,5155,0,1,SUCCESS,0,Not fraud,
706484576732,2022-12-02 19:16:25,530.63,P2M,Travel & Transport,Rajasthan,HDFC Bank,PhonePe,Android,26-35,208,0,8,SUCCESS,0,Not fraud,
668324392144,2022-12-03 12:13:15,398.62,Bill Payment,Utilities,Andhra Pradesh,Kotak Mahindra Bank,PhonePe,Android,46-59,1569,0,6,SUCCESS,0,Not fraud,
184040298082,2022-12-03 18:48:30,100.0,P2M,Food & Dining,Tamil Nadu,State Bank of India,Paytm,Android,26-35,663,0,5,SUCCESS,0,Not fraud,
999340661598,2022-12-03 19:21:18,2440.0,P2M,Education,Jharkhand,Yes Bank,PhonePe,Android,36-45,89,0,4,SUCCESS,0,Not fraud,
981740204204,2022-12-05 17:34:59,4350.0,P2P,Not applicable,Tamil Nadu,State Bank of India,Google Pay,Android,26-35,1549,0,4,SUCCESS,0,Not fraud,
432698586234,2022-12-06 08:10:26,1600.0,P2M,Others,Rajasthan,Bank of India,Paytm,Android,26-35,2505,0,4,SUCCESS,0,Not fraud,
588452369426,2022-12-06 11:10:34,2290.0,P2P,Not applicable,Odisha,Union Bank of India,Google Pay,Android,46-59,1211,1,4,SUCCESS,1,Phishing/Vishing,36.2
515359891279,2022-12-06 14:37:24,4500.0,P2M,E-commerce,Assam,State Bank of India,Google Pay,iOS,36-45,1035,0,5,SUCCESS,0,Not fraud,
118051338754,2022-12-07 14:23:36,1500.0,P2P,Not applicable,Delhi,State Bank of India,PhonePe,Android,36-45,515,0,2,SUCCESS,0,Not fraud,
580376466693,2022-12-07 20:06:02,334.92,Autopay/Mandate,Utilities,Maharashtra,Other,Google Pay,iOS,26-35,206,0,4,SUCCESS,0,Not fraud,
572798005744,2022-12-08 13:25:59,700.0,Bill Payment,Utilities,Telangana,HDFC Bank,Other,iOS,60+,871,0,3,SUCCESS,0,Not fraud,
690896362301,2022-12-09 15:50:02,670.0,Autopay/Mandate,Financial Services,Kerala,IDFC FIRST Bank,Google Pay,iOS,36-45,157,0,4,SUCCESS,0,Not fraud,
702214033397,2022-12-09 15:56:54,1293.49,P2P,Not applicable,Uttar Pradesh,ICICI Bank,Google Pay,iOS,26-35,1469,1,3,SUCCESS,0,Not fraud,
168676111340,2022-12-09 21:12:05,470.0,Autopay/Mandate,Education,Uttar Pradesh,State Bank of India,Google Pay,iOS,26-35,647,0,3,SUCCESS,0,Not fraud,
481295177923,2022-12-10 12:46:11,300.0,P2P,Not applicable,Tamil Nadu,Axis Bank,BHIM,Android,18-25,438,0,2,SUCCESS,0,Not fraud,
469185840618,2022-12-12 05:43:28,378.56,Autopay/Mandate,Telecom & Recharge,Kerala,Yes Bank,Google Pay,Android,36-45,1007,1,2,SUCCESS,0,Not fraud,
158863529674,2022-12-12 06:32:34,910.0,Bill Payment,Utilities,Kerala,Other,Google Pay,Android,26-35,4334,0,6,SUCCESS,0,Not fraud,
229335740262,2022-12-12 07:09:57,500.0,Autopay/Mandate,Entertainment & OTT,Uttar Pradesh,Other,PhonePe,iOS,36-45,181,0,4,SUCCESS,0,Not fraud,
233181611511,2022-12-12 11:16:55,330.0,Autopay/Mandate,Financial Services,Telangana,Yes Bank,Amazon Pay,Android,46-59,403,0,2,DEEMED,0,Not fraud,
457441188975,2022-12-12 17:30:46,130.0,P2P,Not applicable,Madhya Pradesh,HDFC Bank,Paytm,Android,36-45,185,0,3,SUCCESS,0,Not fraud,
474304119887,2022-12-12 18:49:40,550.0,P2M,Utilities,Bihar,Punjab National Bank,Google Pay,iOS,46-59,393,0,8,SUCCESS,0,Not fraud,
422305739266,2022-12-12 20:49:59,200.0,Autopay/Mandate,Entertainment & OTT,Jammu & Kashmir,Other,Google Pay,Android,36-45,2502,0,2,SUCCESS,0,Not fraud,
280211568718,2022-12-13 09:05:55,594.26,P2M,Food & Dining,Gujarat,State Bank of India,Paytm,Android,18-25,1821,0,4,SUCCESS,0,Not fraud,
180727388717,2022-12-13 14:02:31,1800.0,Collect Request,Not applicable,Uttar Pradesh,Other,PhonePe,Android,60+,4465,1,2,SUCCESS,1,Phishing/Vishing,21.4
918809626885,2022-12-13 17:52:52,289.28,P2M,Grocery & Supermarkets,Kerala,State Bank of India,PhonePe,Android,26-35,502,0,3,SUCCESS,0,Not fraud,
341530618201,2022-12-13 18:12:11,290.67,P2M,Food & Dining,Maharashtra,State Bank of India,Other,Android,18-25,113,0,5,SUCCESS,0,Not fraud,
164177860478,2022-12-14 09:24:04,230.0,Autopay/Mandate,Financial Services,Maharashtra,ICICI Bank,PhonePe,Android,26-35,2441,0,2,SUCCESS,0,Not fraud,
643312726751,2022-12-14 13:24:47,300.0,P2P,Not applicable,Telangana,HDFC Bank,PhonePe,Android,36-45,756,0,2,SUCCESS,0,Not fraud,
796360014761,2022-12-14 20:57:19,296.44,P2P,Not applicable,Odisha,State Bank of India,Google Pay,Android,26-35,495,0,2,SUCCESS,0,Not fraud,
422974162826,2022-12-14 21:04:06,920.21,P2P,Not applicable,Gujarat,HDFC Bank,PhonePe,Android,18-25,407,0,3,FAILED,0,Not fraud,
202060982579,2022-12-15 08:55:50,863.34,P2P,Not applicable,Karnataka,HDFC Bank,Google Pay,Android,26-35,1921,0,4,SUCCESS,0,Not fraud,
157102514189,2022-12-15 14:18:09,570.0,P2P,Not applicable,Maharashtra,Other,PhonePe,Android,26-35,1740,0,2,SUCCESS,0,Not fraud,
371107409303,2022-12-15 16:14:46,74.58,Collect Request,Not applicable,Jharkhand,HDFC Bank,PhonePe,Android,46-59,3624,0,3,SUCCESS,0,Not fraud,
251157421344,2022-12-16 09:49:05,3850.0,P2M,E-commerce,Andhra Pradesh,Bank of India,PhonePe,Android,36-45,1323,0,3,SUCCESS,0,Not fraud,
514759159859,2022-12-16 11:11:29,1720.0,Collect Request,Not applicable,Karnataka,State Bank of India,PhonePe,Android,26-35,704,1,2,SUCCESS,0,Not fraud,
769862093301,2022-12-16 13:54:21,2729.69,Collect Request,Not applicable,Telangana,ICICI Bank,Google Pay,Android,36-45,950,1,4,SUCCESS,0,Not fraud,
506246265067,2022-12-16 18:18:15,3569.15,Autopay/Mandate,Financial Services,Assam,State Bank of India,PhonePe,Android,36-45,6000,0,5,SUCCESS,0,Not fraud,
187959833801,2022-12-17 16:02:23,800.0,P2M,Grocery & Supermarkets,Haryana,State Bank of India,PhonePe,Android,26-35,128,0,5,SUCCESS,0,Not fraud,
637835048109,2022-12-17 20:23:23,315.89,P2M,Financial Services,Himachal Pradesh,HDFC Bank,PhonePe,iOS,18-25,206,0,5,SUCCESS,0,Not fraud,
168153732110,2022-12-17 23:29:51,2460.0,P2P,Not applicable,Chhattisgarh,Axis Bank,Google Pay,Android,18-25,510,0,2,SUCCESS,0,Not fraud,
674894979083,2022-12-18 12:44:24,1437.13,P2P,Not applicable,Tamil Nadu,Other,Google Pay,Android,46-59,177,0,1,SUCCESS,0,Not fraud,
656842429529,2022-12-18 13:36:47,600.0,P2P,Not applicable,Telangana,IndusInd Bank,PhonePe,Android,36-45,102,0,3,SUCCESS,0,Not fraud,
168690801221,2022-12-18 19:59:50,500.0,P2P,Not applicable,Maharashtra,Axis Bank,Google Pay,Android,36-45,117,0,4,SUCCESS,0,Not fraud,
400641262591,2022-12-19 07:28:48,940.0,P2P,Not applicable,Gujarat,HDFC Bank,PhonePe,Android,26-35,427,0,1,SUCCESS,0,Not fraud,
197291116813,2022-12-19 17:08:31,200.0,P2M,Financial Services,Rajasthan,Bank of Baroda,Google Pay,Android,60+,2367,0,4,SUCCESS,0,Not fraud,
648817346923,2022-12-19 21:00:56,1050.0,P2M,Grocery & Supermarkets,Delhi,State Bank of India,Google Pay,Android,26-35,677,0,3,SUCCESS,0,Not fraud,
854556121667,2022-12-20 07:18:35,2500.0,P2P,Not applicable,Rajasthan,Punjab National Bank,PhonePe,Android,36-45,684,1,2,SUCCESS,0,Not fraud,
347523008881,2022-12-20 11:01:36,900.0,P2P,Not applicable,Uttarakhand,Axis Bank,PhonePe,Android,18-25,637,0,2,SUCCESS,0,Not fraud,
111528559696,2022-12-20 18:35:32,3310.0,Bill Payment,Telecom & Recharge,Madhya Pradesh,State Bank of India,PhonePe,Android,36-45,102,0,5,SUCCESS,0,Not fraud,
477802831825,2022-12-20 22:03:10,1096.14,P2M,Financial Services,Karnataka,Other,PhonePe,iOS,26-35,266,0,9,SUCCESS,0,Not fraud,
519811309508,2022-12-23 07:06:12,4340.0,P2P,Not applicable,Maharashtra,Kotak Mahindra Bank,PhonePe,Android,26-35,6000,0,1,SUCCESS,0,Not fraud,
696078026819,2022-12-23 19:02:05,590.0,P2P,Not applicable,Uttar Pradesh,ICICI Bank,PhonePe,Android,26-35,182,0,3,SUCCESS,0,Not fraud,
702221739898,2022-12-23 22:59:02,660.0,P2M,Healthcare,Maharashtra,Other,Google Pay,Android,26-35,1779,0,6,SUCCESS,0,Not fraud,
466322779293,2022-12-24 16:28:47,1500.0,Autopay/Mandate,Financial Services,Karnataka,HDFC Bank,Paytm,Android,18-25,681,0,4,SUCCESS,0,Not fraud,
272393432200,2022-12-25 10:56:39,1370.0,P2P,Not applicable,Haryana,State Bank of India,PhonePe,Android,26-35,5627,0,3,SUCCESS,0,Not fraud,
369090726046,2022-12-25 12:15:48,300.0,P2M,Healthcare,Tripura,Other,PhonePe,Android,26-35,93,0,5,SUCCESS,0,Not fraud,
247564826929,2022-12-26 18:06:48,1363.96,P2M,Education,Jharkhand,State Bank of India,PhonePe,Android,36-45,492,0,6,SUCCESS,0,Not fraud,
827799411225,2022-12-27 01:28:04,7174.34,Collect Request,Not applicable,Assam,Other,Google Pay,Feature Phone (USSD),26-35,973,1,2,SUCCESS,0,Not fraud,
518044644849,2022-12-27 10:38:57,110.0,P2M,Grocery & Supermarkets,Karnataka,Kotak Mahindra Bank,Google Pay,Feature Phone (USSD),36-45,341,0,5,SUCCESS,0,Not fraud,
649187796541,2022-12-27 11:54:02,200.0,P2M,Grocery & Supermarkets,Madhya Pradesh,Other,Google Pay,Android,60+,139,0,6,SUCCESS,0,Not fraud,
313422596716,2022-12-27 13:17:48,900.0,Autopay/Mandate,Education,Assam,IDFC FIRST Bank,PhonePe,iOS,46-59,1522,0,3,DEEMED,0,Not fraud,
908965988231,2022-12-27 17:39:35,470.0,Bill Payment,Telecom & Recharge,Uttar Pradesh,HDFC Bank,PhonePe,Android,36-45,1008,0,4,DEEMED,0,Not fraud,
224693479991,2022-12-27 18:46:14,450.0,P2P,Not applicable,Karnataka,IDFC FIRST Bank,PhonePe,Android,36-45,4892,1,3,SUCCESS,0,Not fraud,
165065544593,2022-12-28 05:37:24,1271.52,Bill Payment,Telecom & Recharge,West Bengal,Other,Paytm,Android,26-35,535,0,3,SUCCESS,0,Not fraud,
355782846364,2022-12-28 11:19:11,90.31,P2M,Financial Services,Assam,Union Bank of India,Google Pay,iOS,18-25,1225,0,6,SUCCESS,0,Not fraud,
959614711795,2022-12-28 16:37:39,5597.86,P2M,Fuel,Kerala,HDFC Bank,PhonePe,Android,18-25,287,1,6,SUCCESS,0,Not fraud,
714353983732,2022-12-28 19:09:41,1306.58,Autopay/Mandate,Telecom & Recharge,Rajasthan,State Bank of India,Google Pay,Android,36-45,516,0,1,SUCCESS,0,Not fraud,
417418295928,2022-12-28 19:30:35,700.0,P2P,Not applicable,Andhra Pradesh,State Bank of India,PhonePe,Android,36-45,3553,1,2,FAILED,0,Not fraud,
395692931187,2022-12-28 23:00:22,939.66,P2M,E-commerce,West Bengal,Other,PhonePe,Android,26-35,336,0,8,SUCCESS,0,Not fraud,
572273231178,2022-12-29 11:02:03,229.6,P2M,Entertainment & OTT,Uttar Pradesh,State Bank of India,Other,Android,36-45,64,0,4,SUCCESS,0,Not fraud,
422108285211,2022-12-29 15:55:52,600.0,P2M,Others,Haryana,State Bank of India,CRED,Android,46-59,897,0,3,SUCCESS,0,Not fraud,
876429578835,2022-12-29 17:56:05,570.0,P2P,Not applicable,Haryana,Axis Bank,PhonePe,Feature Phone (USSD),36-45,263,0,2,SUCCESS,0,Not fraud,
529045626526,2022-12-29 18:39:02,1000.0,P2M,E-commerce,Madhya Pradesh,Other,Google Pay,iOS,36-45,947,0,5,SUCCESS,0,Not fraud,
999682378857,2022-12-29 23:56:33,44010.0,P2P,Not applicable,West Bengal,State Bank of India,Google Pay,Android,26-35,1535,1,3,SUCCESS,1,Remote Access App Scam,10.6
775604104926,2022-12-30 09:39:15,300.0,P2M,E-commerce,West Bengal,Other,PhonePe,Android,60+,724,0,7,SUCCESS,0,Not fraud,
275318850677,2022-12-30 14:25:40,280.0,P2P,Not applicable,West Bengal,Union Bank of India,PhonePe,Android,26-35,170,0,4,SUCCESS,0,Not fraud,
668222629546,2022-12-30 23:42:03,451.89,Bill Payment,Utilities,Andhra Pradesh,State Bank of India,PhonePe,Android,36-45,1038,0,1,SUCCESS,0,Not fraud,
775121656455,2022-12-31 19:20:46,948.06,P2P,Not applicable,Telangana,Axis Bank,Google Pay,Android,26-35,985,0,2,SUCCESS,0,Not fraud,
388665930953,2022-12-31 21:28:52,1100.0,Bill Payment,Utilities,Odisha,Kotak Mahindra Bank,PhonePe,Android,18-25,737,0,2,FAILED,0,Not fraud,
336846177305,2022-12-31 21:43:52,57080.0,P2P,Not applicable,Haryana,Punjab National Bank,PhonePe,Android,18-25,1025,0,4,SUCCESS,1,SIM Swap/Account Takeover,22.9
495577868164,2022-12-31 21:58:09,926.63,P2M,Entertainment & OTT,Jharkhand,Axis Bank,PhonePe,Android,26-35,645,0,4,SUCCESS,0,Not fraud,
990938789820,2022-12-31 22:04:11,1680.0,P2P,Not applicable,Rajasthan,State Bank of India,PhonePe,Android,18-25,1736,1,3,SUCCESS,0,Not fraud,
436721817391,2023-01-01 06:30:45,400.0,P2P,Not applicable,Uttar Pradesh,Punjab National Bank,Google Pay,Android,26-35,579,0,3,SUCCESS,0,Not fraud,
420125397303,2023-01-01 09:10:31,1700.0,P2P,Not applicable,Maharashtra,Kotak Mahindra Bank,Paytm,Android,36-45,477,0,4,SUCCESS,0,Not fraud,
141652696487,2023-01-01 11:02:43,559.22,P2P,Not applicable,Assam,HDFC Bank,PhonePe,iOS,26-35,77,0,3,SUCCESS,0,Not fraud,
406694887454,2023-01-01 20:37:22,300.0,P2M,E-commerce,Karnataka,Axis Bank,Google Pay,iOS,36-45,361,1,3,SUCCESS,0,Not fraud,
745294787394,2023-01-02 14:51:15,1830.0,P2P,Not applicable,Andhra Pradesh,Other,Paytm,Android,18-25,283,1,1,SUCCESS,0,Not fraud,
477914009111,2023-01-02 20:00:23,700.0,P2P,Not applicable,Delhi,Other,PhonePe,Android,26-35,561,0,1,SUCCESS,0,Not fraud,
922753154755,2023-01-03 12:21:49,1277.09,Bill Payment,Utilities,Karnataka,HDFC Bank,Google Pay,Android,60+,2699,0,1,SUCCESS,0,Not fraud,
660546998371,2023-01-03 15:08:13,3029.63,P2M,Fuel,West Bengal,Bank of Baroda,Google Pay,Android,36-45,1912,0,5,SUCCESS,0,Not fraud,
697821981998,2023-01-04 15:55:54,799.67,P2M,Utilities,Andhra Pradesh,State Bank of India,PhonePe,Android,46-59,1219,0,6,SUCCESS,0,Not fraud,
458750446194,2023-01-04 17:24:42,611.34,P2M,Grocery & Supermarkets,Madhya Pradesh,Punjab National Bank,PhonePe,Android,26-35,595,0,4,SUCCESS,0,Not fraud,
397671015638,2023-01-04 20:18:47,1600.5,P2M,Travel & Transport,Punjab,State Bank of India,PhonePe,Android,36-45,4402,0,5,SUCCESS,1,QR Code Scam,151.3
152807505970,2023-01-05 06:29:44,200.0,P2M,Food & Dining,Maharashtra,Union Bank of India,PhonePe,Android,36-45,649,0,5,SUCCESS,0,Not fraud,
675379816055,2023-01-05 14:47:41,800.0,Collect Request,Not applicable,Rajasthan,HDFC Bank,PhonePe,Android,60+,82,1,2,SUCCESS,0,Not fraud,
723834986597,2023-01-05 15:29:23,1000.0,P2M,Grocery & Supermarkets,Uttarakhand,Indian Bank,PhonePe,Android,18-25,627,0,4,SUCCESS,0,Not fraud,
522844474501,2023-01-06 12:59:43,500.0,P2M,Fuel,Rajasthan,State Bank of India,Google Pay,Android,46-59,2277,1,3,SUCCESS,0,Not fraud,
520285438797,2023-01-06 18:09:49,130.0,P2M,Grocery & Supermarkets,Kerala,ICICI Bank,Other,Android,60+,445,0,4,SUCCESS,0,Not fraud,
641120437557,2023-01-07 15:20:22,1052.95,P2P,Not applicable,Karnataka,State Bank of India,Google Pay,iOS,26-35,721,1,7,SUCCESS,1,QR Code Scam,5.7
964093159211,2023-01-07 15:50:04,436.76,Autopay/Mandate,Entertainment & OTT,Telangana,HDFC Bank,Paytm,Android,26-35,215,0,1,SUCCESS,0,Not fraud,
288659638689,2023-01-08 20:23:33,1700.0,P2M,Fuel,Maharashtra,Bank of India,PhonePe,iOS,26-35,373,0,5,SUCCESS,0,Not fraud,
934667480771,2023-01-09 15:44:55,450.0,Collect Request,Not applicable,Punjab,Kotak Mahindra Bank,PhonePe,iOS,36-45,231,1,5,SUCCESS,0,Not fraud,
973817086982,2023-01-09 19:11:03,900.0,P2M,Healthcare,Uttar Pradesh,Axis Bank,Paytm,iOS,60+,178,0,4,SUCCESS,0,Not fraud,
609563066050,2023-01-10 08:35:12,11451.43,Collect Request,Not applicable,Maharashtra,Other,Google Pay,Android,46-59,293,1,1,SUCCESS,0,Not fraud,
919160806875,2023-01-10 20:11:33,900.0,Bill Payment,Utilities,Rajasthan,State Bank of India,Google Pay,Android,26-35,226,0,4,SUCCESS,0,Not fraud,
187604178532,2023-01-10 20:46:46,500.0,P2M,Grocery & Supermarkets,Telangana,Bank of Baroda,Google Pay,Android,36-45,1815,0,6,SUCCESS,0,Not fraud,
588698763313,2023-01-11 06:13:37,924.55,Collect Request,Not applicable,Tamil Nadu,HDFC Bank,Google Pay,iOS,46-59,3649,0,4,SUCCESS,0,Not fraud,
450798951926,2023-01-11 16:33:42,6194.8,P2P,Not applicable,Andhra Pradesh,ICICI Bank,PhonePe,Android,36-45,986,0,4,SUCCESS,0,Not fraud,
859409972951,2023-01-11 22:48:28,15520.0,Collect Request,Not applicable,Karnataka,Canara Bank,Paytm,Android,46-59,92,1,1,SUCCESS,1,Fake Customer Care,17.8
621749766334,2023-01-12 09:59:41,800.73,Collect Request,Not applicable,Maharashtra,Other,Google Pay,Android,36-45,438,1,3,SUCCESS,0,Not fraud,
940336590378,2023-01-12 15:38:50,1070.0,P2P,Not applicable,Maharashtra,State Bank of India,PhonePe,Android,18-25,997,0,4,SUCCESS,0,Not fraud,
539910029057,2023-01-12 18:08:12,460.0,P2P,Not applicable,Bihar,ICICI Bank,Google Pay,Android,18-25,319,0,3,SUCCESS,0,Not fraud,
720849261198,2023-01-12 18:56:28,100.0,P2M,Entertainment & OTT,Himachal Pradesh,State Bank of India,Google Pay,Android,46-59,846,1,3,SUCCESS,0,Not fraud,
650006618562,2023-01-12 22:38:55,600.0,P2P,Not applicable,Karnataka,State Bank of India,PhonePe,Android,18-25,2311,0,5,SUCCESS,0,Not fraud,
824741528718,2023-01-13 13:24:48,400.0,P2P,Not applicable,Tamil Nadu,Bank of Baroda,Google Pay,Android,46-59,89,1,4,SUCCESS,0,Not fraud,
656131419018,2023-01-13 14:35:38,1150.0,P2P,Not applicable,Uttar Pradesh,Axis Bank,Other,iOS,26-35,1628,0,3,SUCCESS,0,Not fraud,
603913557996,2023-01-13 15:06:12,240.0,Autopay/Mandate,Entertainment & OTT,Karnataka,Punjab National Bank,PhonePe,Android,26-35,3272,0,2,SUCCESS,0,Not fraud,
677998167353,2023-01-14 10:31:42,54.47,P2P,Not applicable,Rajasthan,Other,PhonePe,Android,46-59,229,0,2,SUCCESS,0,Not fraud,
164556900337,2023-01-14 13:49:46,774.29,P2M,Healthcare,Andhra Pradesh,Other,Google Pay,Android,46-59,2570,1,4,SUCCESS,0,Not fraud,
526714311795,2023-01-14 15:09:24,1830.0,Bill Payment,Telecom & Recharge,West Bengal,ICICI Bank,Google Pay,Feature Phone (USSD),60+,2471,1,5,SUCCESS,0,Not fraud,
767741692492,2023-01-14 17:33:05,1016.42,P2M,Utilities,Maharashtra,Canara Bank,Paytm,Android,36-45,612,1,2,SUCCESS,0,Not fraud,
533975776894,2023-01-14 19:25:46,2700.0,Collect Request,Not applicable,Maharashtra,HDFC Bank,PhonePe,iOS,18-25,217,1,2,SUCCESS,0,Not fraud,
104759833306,2023-01-14 21:26:21,630.0,P2M,E-commerce,Karnataka,Other,BHIM,iOS,26-35,6000,0,4,SUCCESS,0,Not fraud,
996332590620,2023-01-15 00:05:36,10440.0,P2M,E-commerce,Maharashtra,ICICI Bank,Paytm,iOS,18-25,415,0,6,SUCCESS,0,Not fraud,
665488628594,2023-01-15 09:07:17,1100.0,P2P,Not applicable,Assam,State Bank of India,Paytm,Android,26-35,331,0,3,SUCCESS,0,Not fraud,
324101989624,2023-01-15 22:30:25,45300.0,P2P,Not applicable,Maharashtra,IDFC FIRST Bank,PhonePe,Android,60+,285,1,5,SUCCESS,1,SIM Swap/Account Takeover,45.5
950902747586,2023-01-16 07:20:01,680.0,Bill Payment,Utilities,Uttar Pradesh,HDFC Bank,Google Pay,Android,26-35,430,0,3,SUCCESS,0,Not fraud,
534539719698,2023-01-16 08:45:09,36.24,P2M,Entertainment & OTT,Himachal Pradesh,HDFC Bank,Google Pay,Android,26-35,2719,0,4,SUCCESS,0,Not fraud,
508962419285,2023-01-16 12:11:29,800.0,P2P,Not applicable,Rajasthan,Axis Bank,Google Pay,iOS,36-45,981,1,1,SUCCESS,0,Not fraud,
595206313642,2023-01-17 09:19:14,281.49,Autopay/Mandate,Entertainment & OTT,Rajasthan,Other,PhonePe,Android,18-25,282,0,1,SUCCESS,0,Not fraud,
481085714758,2023-01-17 12:41:26,632.04,P2P,Not applicable,Punjab,IDFC FIRST Bank,Amazon Pay,Android,46-59,1244,0,3,SUCCESS,0,Not fraud,
452340128941,2023-01-17 21:26:00,15260.0,Collect Request,Not applicable,Karnataka,ICICI Bank,Google Pay,Android,36-45,1509,1,4,SUCCESS,1,Fake Customer Care,22.3
872993457103,2023-01-17 22:38:15,1700.0,Collect Request,Not applicable,Uttar Pradesh,Other,PhonePe,Android,36-45,2478,1,2,SUCCESS,1,Fake Collect Request,66.7
475593619355,2023-01-18 11:15:54,60.0,P2M,Grocery & Supermarkets,Telangana,Other,Google Pay,iOS,26-35,890,0,6,SUCCESS,0,Not fraud,
912197457847,2023-01-18 20:41:24,9359.41,P2P,Not applicable,Bihar,ICICI Bank,Google Pay,Android,46-59,31,1,2,SUCCESS,0,Not fraud,
393040967008,2023-01-19 01:03:28,1529.64,P2M,Grocery & Supermarkets,Rajasthan,State Bank of India,Google Pay,Android,18-25,2446,0,3,SUCCESS,1,QR Code Scam,162.3
446195624241,2023-01-19 04:16:18,990.0,P2P,Not applicable,Maharashtra,Bank of Baroda,Other,Android,36-45,737,1,3,SUCCESS,0,Not fraud,
391562766919,2023-01-19 12:20:54,5451.0,Collect Request,Not applicable,Delhi,Other,Google Pay,Android,46-59,70,1,3,SUCCESS,1,Fake Collect Request,37.3
602446179871,2023-01-19 21:12:13,5440.65,P2M,Food & Dining,Haryana,Other,PhonePe,Android,26-35,1835,1,6,SUCCESS,1,Merchant Impersonation,71.4
317211687046,2023-01-19 21:52:11,528.83,P2P,Not applicable,Madhya Pradesh,Bank of Baroda,Google Pay,Android,26-35,321,0,1,SUCCESS,0,Not fraud,
328450252592,2023-01-19 21:53:30,2100.56,Collect Request,Not applicable,Maharashtra,Punjab National Bank,Google Pay,Android,18-25,2060,1,2,SUCCESS,1,Fake Collect Request,8.5
828576735459,2023-01-20 02:55:59,26690.0,P2P,Not applicable,Chhattisgarh,Axis Bank,PhonePe,Android,36-45,915,1,5,SUCCESS,1,Remote Access App Scam,35.9
911008581724,2023-01-20 08:10:48,1691.47,P2P,Not applicable,Chhattisgarh,HDFC Bank,Amazon Pay,Android,26-35,155,0,2,SUCCESS,0,Not fraud,
412296244991,2023-01-20 21:47:59,790.0,P2P,Not applicable,Maharashtra,Bank of India,Amazon Pay,iOS,36-45,626,0,4,SUCCESS,0,Not fraud,
483907896171,2023-01-21 08:19:52,5600.0,Bill Payment,Education,West Bengal,Axis Bank,Google Pay,iOS,26-35,2436,0,2,SUCCESS,0,Not fraud,
291766452923,2023-01-21 10:33:43,1000.0,Collect Request,Not applicable,Kerala,State Bank of India,PhonePe,iOS,26-35,85,1,3,SUCCESS,0,Not fraud,
729177484938,2023-01-21 12:59:41,421.1,P2M,Others,Uttar Pradesh,State Bank of India,BHIM,Android,36-45,100,0,6,SUCCESS,0,Not fraud,
954258015718,2023-01-22 10:53:41,2238.99,P2P,Not applicable,Madhya Pradesh,ICICI Bank,Google Pay,Android,36-45,1231,1,2,SUCCESS,0,Not fraud,
287023350743,2023-01-22 14:18:53,1038.98,P2M,Healthcare,Gujarat,Other,Google Pay,Android,18-25,103,0,1,SUCCESS,0,Not fraud,
536859412375,2023-01-22 21:11:38,2474.03,P2P,Not applicable,Gujarat,Kotak Mahindra Bank,Amazon Pay,iOS,46-59,4827,0,1,SUCCESS,0,Not fraud,
142492149096,2023-01-23 19:19:25,400.0,P2M,Others,Tamil Nadu,Punjab National Bank,CRED,iOS,36-45,875,0,3,SUCCESS,0,Not fraud,
169747452397,2023-01-23 22:01:26,2600.0,P2M,E-commerce,Delhi,Other,PhonePe,Android,46-59,2311,0,3,SUCCESS,0,Not fraud,
386423305001,2023-01-23 23:41:16,1792.19,P2P,Not applicable,Jharkhand,Axis Bank,Google Pay,Android,26-35,158,1,5,SUCCESS,0,Not fraud,
347133602393,2023-01-24 10:25:25,240.0,P2M,Utilities,Gujarat,State Bank of India,PhonePe,Android,26-35,242,0,2,SUCCESS,0,Not fraud,
926409829299,2023-01-26 02:29:29,416.04,P2M,Food & Dining,Karnataka,State Bank of India,PhonePe,Android,46-59,117,0,4,SUCCESS,0,Not fraud,
269093555313,2023-01-26 10:33:53,900.0,P2P,Not applicable,Tamil Nadu,Union Bank of India,Google Pay,Feature Phone (USSD),18-25,436,1,4,SUCCESS,0,Not fraud,
956750463792,2023-01-26 16:30:15,200.0,P2M,Financial Services,Gujarat,Axis Bank,PhonePe,Android,18-25,167,0,3,SUCCESS,0,Not fraud,
297017775669,2023-01-27 12:59:45,1933.76,P2M,E-commerce,Kerala,State Bank of India,PhonePe,Android,36-45,256,0,5,SUCCESS,0,Not fraud,
775825213178,2023-01-27 15:08:48,360.0,Autopay/Mandate,Entertainment & OTT,Madhya Pradesh,IndusInd Bank,PhonePe,Android,36-45,1491,0,1,SUCCESS,0,Not fraud,
430884276052,2023-01-27 21:05:33,1080.0,Bill Payment,Utilities,Tamil Nadu,Indian Bank,PhonePe,Android,36-45,153,1,2,SUCCESS,0,Not fraud,
550680297235,2023-01-27 21:20:53,280.0,P2M,Healthcare,Telangana,Kotak Mahindra Bank,PhonePe,Android,18-25,3082,0,3,FAILED,0,Not fraud,
714538796144,2023-01-28 12:16:02,1002.14,P2P,Not applicable,Gujarat,Other,Paytm,iOS,60+,1589,1,3,SUCCESS,0,Not fraud,
859171662090,2023-01-28 14:39:36,1786.85,P2P,Not applicable,Andhra Pradesh,Indian Bank,PhonePe,Android,26-35,367,1,2,SUCCESS,0,Not fraud,
606373589515,2023-01-28 15:47:48,1822.53,Collect Request,Not applicable,Maharashtra,HDFC Bank,Google Pay,Android,26-35,2099,1,3,SUCCESS,0,Not fraud,
768189048620,2023-01-28 22:04:59,1330.0,Autopay/Mandate,Utilities,Andhra Pradesh,ICICI Bank,PhonePe,Android,18-25,39,0,3,SUCCESS,0,Not fraud,
342094735169,2023-01-29 07:54:43,965.78,Autopay/Mandate,Entertainment & OTT,Andhra Pradesh,Canara Bank,Paytm,iOS,18-25,1192,0,3,SUCCESS,0,Not fraud,
730172072992,2023-01-29 10:35:53,9080.0,P2P,Not applicable,Uttar Pradesh,Axis Bank,PhonePe,Android,36-45,2735,0,3,SUCCESS,0,Not fraud,
875648902883,2023-01-29 14:58:57,5460.0,Collect Request,Not applicable,Karnataka,Kotak Mahindra Bank,PhonePe,Feature Phone (USSD),18-25,2253,1,4,SUCCESS,1,Fake Collect Request,4.0
733000626268,2023-01-29 15:46:37,537.98,P2P,Not applicable,Rajasthan,State Bank of India,Paytm,Android,26-35,576,0,5,SUCCESS,0,Not fraud,
883293114884,2023-01-29 17:33:11,1423.68,P2P,Not applicable,Bihar,State Bank of India,PhonePe,Android,46-59,83,1,1,SUCCESS,0,Not fraud,
627776799299,2023-01-29 21:54:14,1300.0,P2M,E-commerce,Rajasthan,State Bank of India,Google Pay,iOS,18-25,838,0,4,SUCCESS,0,Not fraud,
739355063322,2023-01-30 09:53:47,632.88,P2P,Not applicable,Maharashtra,HDFC Bank,PhonePe,Android,18-25,635,0,1,SUCCESS,0,Not fraud,
165508113528,2023-01-30 12:58:55,5660.0,Autopay/Mandate,Entertainment & OTT,Karnataka,Kotak Mahindra Bank,PhonePe,Android,26-35,874,0,3,SUCCESS,0,Not fraud,
950679195666,2023-01-31 13:26:33,3276.58,P2P,Not applicable,Madhya Pradesh,State Bank of India,Google Pay,iOS,36-45,65,0,4,SUCCESS,0,Not fraud,
267767805122,2023-01-31 13:57:13,442.28,P2M,Utilities,Goa,HDFC Bank,PhonePe,Android,18-25,900,0,3,SUCCESS,0,Not fraud,
305534505120,2023-01-31 16:58:00,437.74,P2P,Not applicable,Maharashtra,Bank of India,PhonePe,Android,36-45,722,0,3,SUCCESS,0,Not fraud,
281964911251,2023-02-01 06:55:37,152.66,P2M,Telecom & Recharge,Madhya Pradesh,State Bank of India,Google Pay,Android,18-25,335,0,3,SUCCESS,0,Not fraud,
208772945881,2023-02-01 12:46:22,813.5,P2P,Not applicable,West Bengal,HDFC Bank,PhonePe,Android,26-35,287,0,1,SUCCESS,0,Not fraud,
115197615016,2023-02-01 14:23:47,340.0,P2M,Grocery & Supermarkets,Odisha,Yes Bank,PhonePe,iOS,18-25,3909,0,3,SUCCESS,0,Not fraud,
755424309718,2023-02-01 15:00:40,730.0,P2M,Grocery & Supermarkets,Karnataka,HDFC Bank,Google Pay,iOS,46-59,210,0,6,SUCCESS,0,Not fraud,
962936984089,2023-02-01 20:44:34,1948.85,P2M,E-commerce,Jharkhand,HDFC Bank,Google Pay,iOS,18-25,689,0,2,SUCCESS,0,Not fraud,
127574893656,2023-02-02 16:22:52,800.0,Collect Request,Not applicable,Uttar Pradesh,State Bank of India,Google Pay,Android,46-59,113,1,2,SUCCESS,0,Not fraud,
710215025859,2023-02-02 16:48:40,113.33,P2P,Not applicable,Chhattisgarh,State Bank of India,PhonePe,iOS,26-35,237,1,4,SUCCESS,0,Not fraud,
148614066255,2023-02-02 17:31:47,138.42,P2M,Telecom & Recharge,Uttar Pradesh,HDFC Bank,Google Pay,Android,26-35,386,0,6,SUCCESS,0,Not fraud,
845321310100,2023-02-02 20:20:53,200.0,Autopay/Mandate,Entertainment & OTT,Rajasthan,Axis Bank,Google Pay,Android,26-35,551,0,2,SUCCESS,0,Not fraud,
937121088146,2023-02-03 17:12:02,458.46,P2P,Not applicable,Delhi,ICICI Bank,Paytm,Android,26-35,1640,0,2,FAILED,0,Not fraud,
481999113688,2023-02-04 09:11:18,1329.81,Bill Payment,Financial Services,Telangana,Bank of Baroda,Google Pay,Android,46-59,100,0,3,SUCCESS,0,Not fraud,
514556182170,2023-02-04 15:43:55,989.35,P2M,Financial Services,Rajasthan,HDFC Bank,Paytm,Android,26-35,237,1,5,SUCCESS,1,QR Code Scam,63.8
389581786565,2023-02-04 16:57:12,550.0,P2P,Not applicable,Maharashtra,State Bank of India,PhonePe,iOS,26-35,1958,1,3,SUCCESS,0,Not fraud,
741671878285,2023-02-05 07:16:35,229.21,P2M,Food & Dining,Rajasthan,Kotak Mahindra Bank,PhonePe,Android,36-45,179,0,6,SUCCESS,0,Not fraud,
653697586846,2023-02-05 16:39:00,11100.0,P2P,Not applicable,Puducherry,State Bank of India,PhonePe,Android,18-25,851,0,3,FAILED,0,Not fraud,
307000134114,2023-02-06 10:28:33,1530.0,P2M,Travel & Transport,Chhattisgarh,ICICI Bank,PhonePe,Android,36-45,1803,1,5,SUCCESS,0,Not fraud,
547464265897,2023-02-06 13:14:45,322.08,P2P,Not applicable,Chandigarh,State Bank of India,PhonePe,Android,46-59,183,0,2,SUCCESS,0,Not fraud,
885273760485,2023-02-06 13:44:09,1230.0,P2P,Not applicable,Maharashtra,Other,PhonePe,Android,26-35,796,0,3,SUCCESS,0,Not fraud,
196891404829,2023-02-07 11:05:26,514.27,P2P,Not applicable,Andhra Pradesh,HDFC Bank,PhonePe,Android,46-59,438,0,3,SUCCESS,0,Not fraud,
992292650738,2023-02-07 11:06:16,2830.0,P2P,Not applicable,Karnataka,State Bank of India,Google Pay,Android,46-59,96,0,4,SUCCESS,0,Not fraud,
950241555677,2023-02-08 09:27:29,173.49,P2P,Not applicable,Chandigarh,HDFC Bank,Google Pay,Android,36-45,323,0,3,SUCCESS,0,Not fraud,
759113962097,2023-02-08 09:44:05,1332.1,P2P,Not applicable,Odisha,State Bank of India,PhonePe,Android,36-45,2071,1,4,SUCCESS,0,Not fraud,
355574093908,2023-02-08 12:58:24,440.0,P2P,Not applicable,Kerala,HDFC Bank,Google Pay,Android,26-35,861,0,3,SUCCESS,0,Not fraud,
645596958187,2023-02-08 14:14:57,1610.0,P2P,Not applicable,Madhya Pradesh,ICICI Bank,PhonePe,Android,18-25,6000,1,2,SUCCESS,0,Not fraud,
130155782666,2023-02-08 15:54:45,1612.87,Bill Payment,Education,Andhra Pradesh,Other,Google Pay,Android,46-59,851,0,3,SUCCESS,0,Not fraud,
198195687823,2023-02-08 22:35:49,770.93,P2M,E-commerce,West Bengal,State Bank of India,Google Pay,Android,60+,105,0,2,SUCCESS,0,Not fraud,
354512678601,2023-02-09 22:17:21,1200.0,P2P,Not applicable,Jharkhand,Yes Bank,Amazon Pay,Android,18-25,584,1,1,SUCCESS,0,Not fraud,
444331126228,2023-02-10 19:42:45,235.91,Autopay/Mandate,Entertainment & OTT,Uttar Pradesh,Axis Bank,Google Pay,Android,18-25,715,0,2,SUCCESS,0,Not fraud,
993128256301,2023-02-10 20:17:12,800.0,Bill Payment,Education,Maharashtra,IndusInd Bank,PhonePe,Android,26-35,227,0,3,SUCCESS,0,Not fraud,
406009221862,2023-02-11 14:41:42,1300.0,P2P,Not applicable,West Bengal,Kotak Mahindra Bank,PhonePe,iOS,36-45,759,0,2,SUCCESS,0,Not fraud,
752882349210,2023-02-11 14:44:09,312.79,P2M,Food & Dining,Karnataka,Axis Bank,PhonePe,Android,26-35,582,0,4,SUCCESS,0,Not fraud,
921360242680,2023-02-12 11:05:34,1099.54,P2P,Not applicable,Telangana,Punjab National Bank,Paytm,iOS,18-25,577,0,1,SUCCESS,0,Not fraud,
279162028675,2023-02-12 21:57:12,790.0,P2P,Not applicable,Telangana,HDFC Bank,PhonePe,Android,46-59,223,1,2,SUCCESS,0,Not fraud,
531396777000,2023-02-13 12:09:08,2300.0,Bill Payment,Telecom & Recharge,Jharkhand,Union Bank of India,Paytm,Android,26-35,341,0,3,SUCCESS,0,Not fraud,
353654188363,2023-02-13 12:37:29,210.0,Bill Payment,Utilities,Andhra Pradesh,HDFC Bank,Google Pay,Android,36-45,139,0,3,SUCCESS,0,Not fraud,
723011430923,2023-02-13 19:42:44,370.0,P2M,Grocery & Supermarkets,Maharashtra,State Bank of India,Google Pay,Android,26-35,1915,0,1,SUCCESS,0,Not fraud,
850081101511,2023-02-14 19:06:24,2131.7,Autopay/Mandate,Financial Services,Assam,HDFC Bank,PhonePe,Android,46-59,242,0,2,SUCCESS,0,Not fraud,
160045987862,2023-02-14 19:12:53,1068.02,P2M,Travel & Transport,Madhya Pradesh,Axis Bank,Google Pay,iOS,26-35,3705,0,8,SUCCESS,0,Not fraud,
669747321735,2023-02-14 19:21:05,60.0,Autopay/Mandate,Financial Services,Bihar,Bank of India,PhonePe,Android,60+,54,0,1,SUCCESS,0,Not fraud,
208948816263,2023-02-14 19:31:43,113.43,P2M,Telecom & Recharge,Uttar Pradesh,HDFC Bank,PhonePe,iOS,26-35,190,0,2,SUCCESS,0,Not fraud,
172938528483,2023-02-16 10:45:54,1749.27,P2P,Not applicable,Punjab,State Bank of India,Google Pay,Android,18-25,281,0,3,SUCCESS,0,Not fraud,
464428024089,2023-02-16 10:52:37,190.51,P2P,Not applicable,West Bengal,Axis Bank,PhonePe,iOS,36-45,633,1,3,SUCCESS,0,Not fraud,
661833874924,2023-02-16 23:40:37,300.0,P2M,Utilities,Uttar Pradesh,HDFC Bank,CRED,Android,18-25,65,0,6,SUCCESS,0,Not fraud,
663597612097,2023-02-17 18:02:52,3887.83,Bill Payment,Utilities,Kerala,HDFC Bank,PhonePe,Android,36-45,2164,0,2,SUCCESS,0,Not fraud,
958977907772,2023-02-18 09:45:44,540.0,P2M,Grocery & Supermarkets,Delhi,Kotak Mahindra Bank,Google Pay,Android,46-59,1885,0,4,SUCCESS,0,Not fraud,
849977412898,2023-02-18 18:18:55,1680.0,Autopay/Mandate,Entertainment & OTT,Telangana,Axis Bank,Google Pay,Android,18-25,2335,0,3,SUCCESS,0,Not fraud,
403626201333,2023-02-18 22:15:58,346.85,P2M,Food & Dining,Karnataka,Canara Bank,PhonePe,Android,26-35,766,0,6,FAILED,0,Not fraud,
296954503371,2023-02-19 07:31:47,778.52,P2M,Fuel,Delhi,ICICI Bank,PhonePe,Android,18-25,1117,0,6,SUCCESS,0,Not fraud,
996821982444,2023-02-20 19:05:25,8026.24,P2P,Not applicable,Karnataka,State Bank of India,Google Pay,Android,18-25,183,1,3,SUCCESS,1,Remote Access App Scam,96.9
331952364210,2023-02-20 22:53:35,2030.0,P2P,Not applicable,Punjab,HDFC Bank,Paytm,Android,46-59,6000,1,4,SUCCESS,1,Phishing/Vishing,56.8
444175267955,2023-02-21 12:22:09,1954.62,P2M,Fuel,Himachal Pradesh,State Bank of India,Paytm,iOS,60+,93,0,4,SUCCESS,0,Not fraud,
325626733620,2023-02-21 13:12:46,1100.0,P2M,Travel & Transport,Kerala,Bank of India,PhonePe,Android,26-35,115,1,7,SUCCESS,0,Not fraud,
139887985547,2023-02-22 19:44:53,2718.97,Collect Request,Not applicable,Telangana,Punjab National Bank,Google Pay,iOS,46-59,300,0,3,DEEMED,0,Not fraud,
679335117590,2023-02-23 11:01:06,4052.05,P2M,Fuel,Odisha,HDFC Bank,PhonePe,iOS,36-45,648,0,6,SUCCESS,0,Not fraud,
290699968479,2023-02-23 11:31:59,117.0,P2M,Utilities,Delhi,HDFC Bank,Google Pay,iOS,26-35,135,0,4,SUCCESS,0,Not fraud,
901346826385,2023-02-23 18:41:42,334.11,P2P,Not applicable,Bihar,Other,PhonePe,Android,46-59,382,0,3,SUCCESS,0,Not fraud,
698479914716,2023-02-24 13:34:18,170.0,P2M,Food & Dining,Karnataka,ICICI Bank,Google Pay,Android,18-25,343,0,3,SUCCESS,0,Not fraud,
246572388688,2023-02-24 21:52:00,3714.48,Collect Request,Not applicable,West Bengal,ICICI Bank,PhonePe,Android,36-45,1122,1,4,SUCCESS,1,Phishing/Vishing,8.3
817276552053,2023-02-25 00:16:57,96.62,P2M,Grocery & Supermarkets,Kerala,State Bank of India,PhonePe,iOS,26-35,3418,0,8,SUCCESS,0,Not fraud,
695545980257,2023-02-25 11:20:09,7220.0,P2P,Not applicable,Punjab,Axis Bank,Other,Android,36-45,422,1,1,SUCCESS,1,Investment/Task Scam,33.6
142424087456,2023-02-25 13:00:19,280.0,Autopay/Mandate,Financial Services,Tamil Nadu,Bank of Baroda,Amazon Pay,Android,26-35,34,0,1,SUCCESS,0,Not fraud,
845288529683,2023-02-25 16:06:44,670.0,P2P,Not applicable,Assam,IndusInd Bank,PhonePe,iOS,26-35,474,1,4,SUCCESS,0,Not fraud,
802428899588,2023-02-25 20:14:29,3587.68,P2P,Not applicable,Karnataka,Other,PhonePe,Android,46-59,358,0,3,SUCCESS,0,Not fraud,
466103317088,2023-02-26 09:02:33,1.0,P2M,Others,Kerala,State Bank of India,PhonePe,Android,18-25,3414,1,4,SUCCESS,0,Not fraud,
585730103675,2023-02-26 12:11:31,500.0,P2M,Healthcare,Jharkhand,IndusInd Bank,Google Pay,Android,18-25,196,0,4,SUCCESS,0,Not fraud,
201307331498,2023-02-26 18:03:25,352.75,P2M,Grocery & Supermarkets,Maharashtra,Axis Bank,Google Pay,Android,26-35,626,1,5,SUCCESS,0,Not fraud,
253376278849,2023-02-26 21:52:50,330.0,P2M,Entertainment & OTT,Jharkhand,Other,PhonePe,Android,18-25,899,0,5,SUCCESS,0,Not fraud,
731825551842,2023-02-26 22:57:25,5540.0,P2M,E-commerce,Kerala,ICICI Bank,PhonePe,iOS,18-25,5585,0,3,SUCCESS,1,Merchant Impersonation,16.9
209343048058,2023-02-27 09:45:53,797.45,Bill Payment,Utilities,Maharashtra,State Bank of India,PhonePe,Android,36-45,104,0,2,SUCCESS,0,Not fraud,
569871028235,2023-02-27 17:45:16,700.0,P2P,Not applicable,Tamil Nadu,Axis Bank,Google Pay,iOS,18-25,314,0,2,FAILED,0,Not fraud,
417566438603,2023-02-28 12:32:34,32100.0,P2M,Education,Haryana,Other,Google Pay,Android,26-35,6000,0,3,SUCCESS,0,Not fraud,
297368929013,2023-02-28 14:36:29,14700.0,P2P,Not applicable,Andhra Pradesh,HDFC Bank,Google Pay,Android,26-35,910,0,5,SUCCESS,0,Not fraud,
237550904982,2023-03-01 10:33:07,1155.61,Autopay/Mandate,Utilities,Rajasthan,Other,PhonePe,Android,60+,1293,0,1,SUCCESS,0,Not fraud,
344498637508,2023-03-01 23:36:44,4820.0,Collect Request,Not applicable,Gujarat,Yes Bank,Google Pay,Android,26-35,3016,0,5,FAILED,0,Not fraud,
320413256290,2023-03-02 09:50:38,295.79,P2P,Not applicable,Uttar Pradesh,State Bank of India,Amazon Pay,Feature Phone (USSD),36-45,104,1,3,SUCCESS,0,Not fraud,
518184890944,2023-03-02 13:26:34,361.38,P2M,Grocery & Supermarkets,Karnataka,Bank of Baroda,PhonePe,Android,26-35,1215,0,5,SUCCESS,0,Not fraud,
277385592651,2023-03-02 18:26:25,2300.0,P2M,E-commerce,Jharkhand,State Bank of India,BHIM,Android,36-45,168,0,6,SUCCESS,0,Not fraud,
478511401254,2023-03-02 20:36:38,210.93,P2M,E-commerce,Telangana,HDFC Bank,Google Pay,Android,36-45,5332,0,5,SUCCESS,0,Not fraud,
793840686760,2023-03-02 22:18:24,1004.7,Bill Payment,Telecom & Recharge,Maharashtra,Axis Bank,PhonePe,iOS,36-45,789,0,3,SUCCESS,0,Not fraud,
921360167112,2023-03-03 11:23:58,1030.0,Bill Payment,Utilities,Bihar,HDFC Bank,PhonePe,Android,36-45,3151,0,3,SUCCESS,0,Not fraud,
400781827368,2023-03-03 14:30:01,490.0,P2P,Not applicable,Punjab,ICICI Bank,Google Pay,Android,26-35,1247,0,3,SUCCESS,0,Not fraud,
691975965555,2023-03-03 22:02:04,940.0,P2M,Fuel,Maharashtra,Axis Bank,PhonePe,Android,26-35,283,0,4,SUCCESS,0,Not fraud,
868291164949,2023-03-04 17:17:20,130.0,P2M,Grocery & Supermarkets,Odisha,State Bank of India,Google Pay,Android,36-45,208,0,7,SUCCESS,0,Not fraud,
282318815974,2023-03-05 11:02:48,1100.0,P2P,Not applicable,Meghalaya,ICICI Bank,PhonePe,Android,26-35,392,1,1,SUCCESS,0,Not fraud,
411010890438,2023-03-05 13:36:58,1440.0,P2M,Fuel,Jharkhand,State Bank of India,PhonePe,Android,18-25,190,0,5,SUCCESS,0,Not fraud,
296811888819,2023-03-05 23:46:11,2854.26,P2M,Entertainment & OTT,Bihar,HDFC Bank,Google Pay,Android,26-35,4096,0,3,SUCCESS,0,Not fraud,
112561601802,2023-03-06 16:19:16,191.04,P2M,Grocery & Supermarkets,Karnataka,State Bank of India,PhonePe,Android,46-59,1748,0,5,SUCCESS,0,Not fraud,
471342340341,2023-03-06 20:42:54,50.0,Autopay/Mandate,Utilities,Telangana,HDFC Bank,Google Pay,iOS,26-35,560,0,6,SUCCESS,0,Not fraud,
716951688420,2023-03-07 10:47:05,2300.0,P2P,Not applicable,Rajasthan,Canara Bank,Other,Android,18-25,653,0,3,SUCCESS,0,Not fraud,
836268463208,2023-03-07 12:08:24,500.0,P2P,Not applicable,Punjab,State Bank of India,PhonePe,Android,18-25,408,0,1,DEEMED,0,Not fraud,
315721517211,2023-03-07 17:54:13,260.0,P2P,Not applicable,Uttar Pradesh,State Bank of India,Google Pay,Feature Phone (USSD),26-35,192,0,3,SUCCESS,0,Not fraud,
778388076869,2023-03-08 12:29:55,300.0,P2M,Entertainment & OTT,Kerala,State Bank of India,Other,Android,18-25,914,0,2,SUCCESS,0,Not fraud,
887899198905,2023-03-09 00:34:06,520.0,P2P,Not applicable,Assam,State Bank of India,PhonePe,Android,60+,194,1,1,SUCCESS,0,Not fraud,
546988997050,2023-03-09 02:07:45,680.0,P2M,Fuel,Telangana,Union Bank of India,Google Pay,Android,36-45,234,0,5,SUCCESS,0,Not fraud,
912536872942,2023-03-09 12:28:17,197.16,P2M,Telecom & Recharge,Karnataka,State Bank of India,Google Pay,Android,36-45,1456,0,5,SUCCESS,0,Not fraud,
638351535747,2023-03-10 15:01:10,2800.0,P2M,Telecom & Recharge,Madhya Pradesh,Union Bank of India,Google Pay,iOS,46-59,643,0,2,SUCCESS,0,Not fraud,
790215950094,2023-03-10 16:22:04,425.23,P2M,Utilities,Tamil Nadu,Other,PhonePe,Android,60+,219,0,4,SUCCESS,0,Not fraud,
861569612261,2023-03-11 12:17:14,1200.0,P2M,Financial Services,Assam,HDFC Bank,PhonePe,Android,60+,969,0,8,SUCCESS,0,Not fraud,
551041383162,2023-03-12 02:55:02,940.0,P2M,Grocery & Supermarkets,Karnataka,Other,Google Pay,Android,26-35,496,0,1,SUCCESS,0,Not fraud,
239842889615,2023-03-12 08:19:26,409.23,P2M,E-commerce,Haryana,HDFC Bank,BHIM,Android,18-25,812,0,3,SUCCESS,0,Not fraud,
559584944232,2023-03-12 08:50:23,21563.51,P2P,Not applicable,Bihar,ICICI Bank,PhonePe,Android,18-25,798,1,2,SUCCESS,1,SIM Swap/Account Takeover,3.2
593592440263,2023-03-12 11:29:13,1200.0,P2P,Not applicable,Karnataka,HDFC Bank,Google Pay,Android,18-25,109,0,1,PENDING,0,Not fraud,
981967454214,2023-03-12 16:35:59,790.0,P2M,Food & Dining,Odisha,ICICI Bank,PhonePe,Android,60+,2054,0,3,SUCCESS,0,Not fraud,
189721089997,2023-03-12 16:52:18,390.0,P2M,Others,Madhya Pradesh,Other,PhonePe,Android,26-35,76,0,9,SUCCESS,0,Not fraud,
386417634805,2023-03-12 23:04:20,5037.1,Collect Request,Not applicable,Madhya Pradesh,ICICI Bank,PhonePe,Android,26-35,407,1,3,SUCCESS,1,Fake Collect Request,1.8
880938067141,2023-03-13 16:09:02,6419.17,P2M,Travel & Transport,Gujarat,ICICI Bank,Google Pay,Android,36-45,641,0,2,SUCCESS,0,Not fraud,
479461269401,2023-03-14 07:42:52,300.0,P2M,Grocery & Supermarkets,Telangana,Bank of India,PhonePe,Android,46-59,206,0,5,SUCCESS,0,Not fraud,
194549111454,2023-03-14 17:50:06,350.0,P2P,Not applicable,Uttar Pradesh,Other,Paytm,Android,18-25,352,1,3,FAILED,0,Not fraud,
406971919901,2023-03-14 22:54:12,6424.95,Bill Payment,Telecom & Recharge,Andhra Pradesh,HDFC Bank,Other,iOS,36-45,618,0,3,SUCCESS,0,Not fraud,
417613029255,2023-03-15 17:30:50,3260.7,P2M,Healthcare,Uttar Pradesh,Yes Bank,Paytm,iOS,18-25,3173,0,4,SUCCESS,0,Not fraud,
825296152854,2023-03-15 19:55:35,101.52,P2M,Food & Dining,Uttar Pradesh,ICICI Bank,BHIM,Android,26-35,402,0,3,SUCCESS,0,Not fraud,
883494376388,2023-03-16 06:53:06,800.0,P2M,Grocery & Supermarkets,Madhya Pradesh,HDFC Bank,CRED,Android,46-59,275,0,5,SUCCESS,0,Not fraud,
893905413955,2023-03-16 08:47:58,500.0,P2M,E-commerce,Andhra Pradesh,State Bank of India,PhonePe,Android,46-59,701,0,5,SUCCESS,0,Not fraud,
283141704363,2023-03-16 12:34:29,4312.87,P2M,Healthcare,Rajasthan,Kotak Mahindra Bank,PhonePe,iOS,46-59,816,0,7,SUCCESS,0,Not fraud,
281819930420,2023-03-16 22:40:29,1599.58,P2P,Not applicable,Himachal Pradesh,HDFC Bank,BHIM,Android,26-35,675,0,1,SUCCESS,0,Not fraud,
910511285645,2023-03-17 02:03:29,1920.0,Collect Request,Not applicable,Karnataka,HDFC Bank,PhonePe,iOS,18-25,290,1,2,SUCCESS,0,Not fraud,
447072245758,2023-03-17 22:54:29,1999.9,P2M,Healthcare,Odisha,IDFC FIRST Bank,PhonePe,iOS,18-25,538,0,2,SUCCESS,0,Not fraud,
294045884416,2023-03-18 16:21:45,1740.0,P2P,Not applicable,Kerala,Punjab National Bank,PhonePe,iOS,26-35,173,0,2,SUCCESS,0,Not fraud,
806999393683,2023-03-18 17:24:38,2910.0,P2P,Not applicable,Tamil Nadu,State Bank of India,Google Pay,Android,36-45,2030,0,1,SUCCESS,0,Not fraud,
325848613791,2023-03-18 22:32:16,1350.0,Collect Request,Not applicable,Chandigarh,State Bank of India,Other,Android,26-35,381,1,2,SUCCESS,1,Phishing/Vishing,7.6
699154011078,2023-03-19 06:48:48,550.0,P2M,Financial Services,Maharashtra,Punjab National Bank,PhonePe,Android,46-59,95,0,3,SUCCESS,0,Not fraud,
268283521537,2023-03-19 09:41:03,1430.0,P2P,Not applicable,Maharashtra,Axis Bank,PhonePe,Android,26-35,1412,1,3,SUCCESS,0,Not fraud,
395338093616,2023-03-20 18:52:51,536.9,P2P,Not applicable,Odisha,ICICI Bank,PhonePe,Android,36-45,1477,0,3,SUCCESS,0,Not fraud,
295887524581,2023-03-20 20:52:28,300.0,P2M,Telecom & Recharge,Andhra Pradesh,State Bank of India,Google Pay,Feature Phone (USSD),26-35,6000,0,2,SUCCESS,0,Not fraud,
860031263569,2023-03-21 13:10:45,733.3,P2M,Grocery & Supermarkets,Maharashtra,Other,PhonePe,iOS,36-45,131,0,8,SUCCESS,0,Not fraud,
320725504120,2023-03-21 13:11:28,1007.86,P2M,E-commerce,Andhra Pradesh,Axis Bank,Google Pay,Android,26-35,960,0,4,SUCCESS,0,Not fraud,
188353631898,2023-03-21 18:26:09,100.0,P2P,Not applicable,Gujarat,Yes Bank,Paytm,Android,26-35,954,1,1,SUCCESS,0,Not fraud,
271281140140,2023-03-21 19:15:57,1570.0,P2M,Fuel,Gujarat,HDFC Bank,Google Pay,Android,18-25,2570,0,7,SUCCESS,0,Not fraud,
792171213851,2023-03-21 21:58:11,306.46,P2M,Travel & Transport,Madhya Pradesh,HDFC Bank,Other,iOS,36-45,2021,0,3,SUCCESS,0,Not fraud,
879926914591,2023-03-21 22:22:11,300.0,P2M,E-commerce,Andhra Pradesh,State Bank of India,PhonePe,Android,46-59,2216,1,3,SUCCESS,0,Not fraud,
394584782509,2023-03-22 00:43:04,200.0,Bill Payment,Utilities,West Bengal,Bank of Baroda,PhonePe,Android,36-45,206,0,4,SUCCESS,0,Not fraud,
511587990464,2023-03-22 14:39:38,610.0,P2P,Not applicable,Gujarat,State Bank of India,PhonePe,Android,26-35,282,0,2,SUCCESS,0,Not fraud,
307412342896,2023-03-22 17:25:10,210.15,P2M,Grocery & Supermarkets,Gujarat,Punjab National Bank,PhonePe,Android,18-25,140,0,2,SUCCESS,0,Not fraud,
642067184093,2023-03-23 07:26:49,810.0,Bill Payment,Telecom & Recharge,Madhya Pradesh,Axis Bank,PhonePe,Android,60+,4501,0,1,SUCCESS,0,Not fraud,
142309317275,2023-03-23 15:46:27,700.0,Autopay/Mandate,Utilities,Odisha,HDFC Bank,PhonePe,Android,36-45,748,0,1,SUCCESS,0,Not fraud,
155667971172,2023-03-23 19:58:42,550.0,P2P,Not applicable,Maharashtra,Kotak Mahindra Bank,Google Pay,Android,18-25,788,1,2,SUCCESS,0,Not fraud,
288111567972,2023-03-24 08:52:00,500.0,P2P,Not applicable,Uttar Pradesh,State Bank of India,Google Pay,Android,26-35,390,1,1,SUCCESS,0,Not fraud,
732623387938,2023-03-24 10:56:09,2280.0,Bill Payment,Utilities,Tamil Nadu,State Bank of India,PhonePe,Android,26-35,1225,0,3,SUCCESS,0,Not fraud,
206733692081,2023-03-24 12:30:35,7850.0,P2P,Not applicable,Uttar Pradesh,State Bank of India,Google Pay,Android,46-59,189,1,8,SUCCESS,1,Phishing/Vishing,11.5
687675588046,2023-03-24 17:51:33,150.0,P2M,Grocery & Supermarkets,Karnataka,HDFC Bank,PhonePe,Android,18-25,1157,0,9,SUCCESS,0,Not fraud,
634457563109,2023-03-24 19:00:56,710.0,P2P,Not applicable,Telangana,State Bank of India,PhonePe,Android,18-25,903,0,2,SUCCESS,0,Not fraud,
657362719125,2023-03-24 20:44:02,3284.94,P2M,E-commerce,Delhi,HDFC Bank,BHIM,iOS,46-59,362,0,3,SUCCESS,0,Not fraud,
979577888696,2023-03-24 20:57:26,752.85,P2P,Not applicable,Telangana,Kotak Mahindra Bank,PhonePe,iOS,46-59,535,1,3,SUCCESS,0,Not fraud,
948919407030,2023-03-25 12:06:32,470.0,P2M,Entertainment & OTT,Punjab,ICICI Bank,Google Pay,Android,26-35,360,0,9,SUCCESS,0,Not fraud,
110790087175,2023-03-25 14:47:00,2038.77,P2M,Grocery & Supermarkets,Tamil Nadu,IDFC FIRST Bank,Google Pay,Android,18-25,6000,0,3,SUCCESS,0,Not fraud,
345935257739,2023-03-25 17:01:52,990.94,P2M,Fuel,West Bengal,State Bank of India,Google Pay,Android,46-59,1208,0,5,SUCCESS,0,Not fraud,
476897501142,2023-03-27 15:05:11,2100.0,P2M,Financial Services,Uttar Pradesh,Other,PhonePe,iOS,60+,159,0,3,SUCCESS,0,Not fraud,
626986556039,2023-03-27 17:24:31,720.0,P2P,Not applicable,West Bengal,Bank of India,Google Pay,Android,18-25,556,0,1,SUCCESS,0,Not fraud,
256425362934,2023-03-27 20:40:44,500.0,Autopay/Mandate,Financial Services,Maharashtra,State Bank of India,PhonePe,Android,46-59,415,0,3,SUCCESS,0,Not fraud,
199195081606,2023-03-28 09:15:17,1150.0,P2M,Education,Uttar Pradesh,Kotak Mahindra Bank,Google Pay,iOS,36-45,248,0,2,SUCCESS,0,Not fraud,
595885316502,2023-03-28 18:22:09,659.62,P2M,Travel & Transport,Tamil Nadu,State Bank of India,PhonePe,Android,18-25,350,0,2,SUCCESS,0,Not fraud,
187275404423,2023-03-28 20:16:37,499.32,P2P,Not applicable,Bihar,Punjab National Bank,Google Pay,Android,46-59,502,0,3,SUCCESS,0,Not fraud,
813501471899,2023-03-29 10:07:54,120.0,P2M,Food & Dining,Bihar,Other,Google Pay,Android,26-35,619,0,6,SUCCESS,0,Not fraud,
828513450262,2023-03-29 11:32:21,203.06,P2M,Food & Dining,Maharashtra,Axis Bank,PhonePe,Android,46-59,358,0,3,SUCCESS,0,Not fraud,
148699717177,2023-03-29 11:55:24,3050.0,P2M,Utilities,Jharkhand,State Bank of India,Google Pay,Android,46-59,1973,1,5,SUCCESS,1,Merchant Impersonation,12.0
995914941798,2023-03-29 12:21:42,856.57,P2M,Healthcare,Tamil Nadu,IndusInd Bank,Google Pay,Android,18-25,447,0,4,SUCCESS,0,Not fraud,
666534019823,2023-03-29 23:11:34,137.59,P2M,Grocery & Supermarkets,Haryana,Bank of Baroda,PhonePe,iOS,18-25,994,1,9,SUCCESS,0,Not fraud,
444048864343,2023-03-30 13:54:55,20834.15,P2P,Not applicable,Tamil Nadu,State Bank of India,Google Pay,Android,18-25,324,0,4,SUCCESS,1,Phishing/Vishing,1.6
632749746487,2023-03-30 13:59:00,5300.0,P2P,Not applicable,Karnataka,State Bank of India,PhonePe,Android,18-25,898,0,3,SUCCESS,1,Phishing/Vishing,48.5
900190722679,2023-03-31 10:34:24,200.0,P2P,Not applicable,Uttarakhand,Other,Google Pay,Android,18-25,522,0,1,SUCCESS,0,Not fraud,
839042634102,2023-03-31 13:24:14,399.76,P2M,Entertainment & OTT,Maharashtra,Bank of India,PhonePe,Android,18-25,662,0,3,SUCCESS,0,Not fraud,
122951417596,2023-03-31 19:43:13,470.0,P2M,Fuel,Jharkhand,Canara Bank,PhonePe,iOS,18-25,586,0,1,SUCCESS,0,Not fraud,
752709048810,2023-04-01 06:20:32,610.0,Collect Request,Not applicable,Jharkhand,Indian Bank,Google Pay,Android,36-45,655,1,4,SUCCESS,1,Fake Collect Request,47.7
772017484576,2023-04-01 09:44:14,433.28,P2P,Not applicable,Uttar Pradesh,State Bank of India,Paytm,Android,18-25,284,0,2,SUCCESS,0,Not fraud,
454810389662,2023-04-01 13:09:30,823.93,P2M,Utilities,Maharashtra,ICICI Bank,Google Pay,Android,36-45,344,0,2,SUCCESS,0,Not fraud,
811039475294,2023-04-01 19:17:38,900.0,Collect Request,Not applicable,Maharashtra,Other,PhonePe,Android,36-45,450,1,6,SUCCESS,0,Not fraud,
980055284120,2023-04-01 23:22:47,755.88,P2M,Others,Rajasthan,State Bank of India,Google Pay,Android,18-25,1983,0,1,SUCCESS,0,Not fraud,
726850577637,2023-04-02 13:46:01,1507.63,P2M,Grocery & Supermarkets,Chhattisgarh,Axis Bank,Google Pay,Android,26-35,708,0,5,SUCCESS,0,Not fraud,
820622211762,2023-04-02 14:35:46,520.0,Collect Request,Not applicable,Haryana,Bank of Baroda,Paytm,iOS,46-59,1026,0,2,SUCCESS,0,Not fraud,
491902440714,2023-04-03 12:07:49,1600.0,P2M,Grocery & Supermarkets,Maharashtra,Bank of India,Google Pay,Android,46-59,127,0,5,SUCCESS,0,Not fraud,
502308529773,2023-04-04 08:12:04,100.0,Autopay/Mandate,Financial Services,Maharashtra,State Bank of India,CRED,Android,36-45,157,0,1,SUCCESS,0,Not fraud,
683612661203,2023-04-04 09:31:24,2033.66,P2P,Not applicable,Rajasthan,State Bank of India,Google Pay,Android,18-25,367,0,3,SUCCESS,0,Not fraud,
163927835694,2023-04-04 14:05:15,1150.07,Bill Payment,Utilities,Uttar Pradesh,Union Bank of India,Google Pay,Android,18-25,5181,1,7,SUCCESS,0,Not fraud,
656698686747,2023-04-04 14:09:09,800.0,P2P,Not applicable,Delhi,State Bank of India,PhonePe,iOS,26-35,1060,0,2,SUCCESS,0,Not fraud,
433033866270,2023-04-04 19:15:53,1450.0,P2M,Travel & Transport,Tamil Nadu,Axis Bank,PhonePe,Android,36-45,269,0,6,SUCCESS,0,Not fraud,
914958549992,2023-04-04 19:23:59,2053.22,P2P,Not applicable,Bihar,Axis Bank,Google Pay,iOS,60+,250,0,1,SUCCESS,0,Not fraud,
530027183246,2023-04-05 08:48:53,480.0,P2P,Not applicable,Gujarat,HDFC Bank,PhonePe,Android,36-45,1215,0,2,SUCCESS,0,Not fraud,
584473336928,2023-04-05 11:02:11,720.6,P2P,Not applicable,Madhya Pradesh,HDFC Bank,Paytm,Android,26-35,969,0,7,SUCCESS,0,Not fraud,
686996798202,2023-04-05 17:06:28,2040.0,P2M,Fuel,Tamil Nadu,Punjab National Bank,CRED,Android,18-25,651,0,3,SUCCESS,0,Not fraud,
705665637808,2023-04-06 19:42:59,360.0,P2P,Not applicable,Maharashtra,Other,Google Pay,Android,18-25,118,0,1,SUCCESS,0,Not fraud,
173144901557,2023-04-06 20:39:15,229.17,P2M,Utilities,Telangana,Indian Bank,Other,Android,26-35,508,1,6,SUCCESS,0,Not fraud,
268814226107,2023-04-07 10:49:33,4156.27,Bill Payment,Telecom & Recharge,Maharashtra,Canara Bank,Google Pay,Android,36-45,612,0,5,SUCCESS,0,Not fraud,
678444990174,2023-04-07 19:37:17,680.61,P2M,Travel & Transport,Maharashtra,Yes Bank,CRED,Android,26-35,3116,0,3,SUCCESS,0,Not fraud,
397279886095,2023-04-08 14:15:16,480.0,P2P,Not applicable,Uttar Pradesh,Punjab National Bank,Google Pay,Android,46-59,1054,0,6,SUCCESS,0,Not fraud,
222198861253,2023-04-08 14:15:29,358.3,P2P,Not applicable,Karnataka,State Bank of India,Google Pay,Android,26-35,2701,0,1,SUCCESS,0,Not fraud,
700861004594,2023-04-08 14:18:04,382.06,P2M,Financial Services,Andhra Pradesh,State Bank of India,PhonePe,Android,18-25,686,0,1,SUCCESS,0,Not fraud,
399764406746,2023-04-08 15:20:56,1374.37,P2P,Not applicable,Tamil Nadu,HDFC Bank,Paytm,Android,26-35,195,1,3,SUCCESS,0,Not fraud,
401297415364,2023-04-08 20:53:21,252.98,P2M,Grocery & Supermarkets,Tamil Nadu,State Bank of India,Google Pay,Android,18-25,236,0,3,SUCCESS,0,Not fraud,
559022737747,2023-04-09 15:23:37,1030.11,Bill Payment,Telecom & Recharge,Gujarat,Indian Bank,Google Pay,Android,26-35,676,0,3,SUCCESS,0,Not fraud,
434012913308,2023-04-09 16:11:09,620.0,P2P,Not applicable,Tamil Nadu,Other,PhonePe,iOS,46-59,1649,0,6,SUCCESS,0,Not fraud,
634565958548,2023-04-09 18:35:39,1514.65,Bill Payment,Telecom & Recharge,Maharashtra,State Bank of India,Google Pay,iOS,46-59,805,0,1,SUCCESS,0,Not fraud,
501327041860,2023-04-10 08:42:02,3975.49,P2M,Financial Services,Uttar Pradesh,Other,PhonePe,Android,26-35,3899,0,4,SUCCESS,0,Not fraud,
202910605747,2023-04-10 15:19:55,509.72,P2P,Not applicable,West Bengal,State Bank of India,PhonePe,Android,26-35,228,0,3,SUCCESS,0,Not fraud,
830434931043,2023-04-10 15:49:45,720.0,P2P,Not applicable,Chhattisgarh,HDFC Bank,Google Pay,Android,18-25,211,0,2,SUCCESS,0,Not fraud,
755144904969,2023-04-10 18:00:56,100.0,P2M,Telecom & Recharge,Andhra Pradesh,ICICI Bank,Google Pay,Android,36-45,82,0,5,SUCCESS,0,Not fraud,
649177489302,2023-04-11 06:18:04,170.0,P2M,Financial Services,Jharkhand,Canara Bank,Google Pay,Android,26-35,296,0,2,SUCCESS,0,Not fraud,
473004532057,2023-04-11 11:53:48,700.0,Collect Request,Not applicable,Telangana,HDFC Bank,Google Pay,Android,18-25,358,1,5,SUCCESS,0,Not fraud,
441306824005,2023-04-11 12:04:53,320.0,Autopay/Mandate,Entertainment & OTT,Maharashtra,Other,PhonePe,Android,18-25,371,0,2,SUCCESS,0,Not fraud,
774357991330,2023-04-11 15:00:57,10470.0,P2P,Not applicable,Bihar,State Bank of India,PhonePe,Android,36-45,430,1,2,SUCCESS,1,Phishing/Vishing,30.1
615215294116,2023-04-12 14:50:02,86.55,P2M,Telecom & Recharge,Maharashtra,Kotak Mahindra Bank,Google Pay,Android,18-25,167,1,6,FAILED,0,Not fraud,
261152424714,2023-04-13 11:56:08,390.0,P2P,Not applicable,Haryana,Other,Google Pay,Android,36-45,2202,0,4,SUCCESS,0,Not fraud,
945294603555,2023-04-13 11:56:49,90.0,P2P,Not applicable,Maharashtra,State Bank of India,Google Pay,Android,26-35,390,1,1,SUCCESS,0,Not fraud,
401534033437,2023-04-13 13:10:41,15434.46,Collect Request,Not applicable,Telangana,Bank of Baroda,PhonePe,Android,60+,921,1,4,SUCCESS,1,Fake Collect Request,61.2
808595194815,2023-04-13 21:04:15,546.33,P2P,Not applicable,Maharashtra,Punjab National Bank,Google Pay,Android,36-45,923,0,3,SUCCESS,0,Not fraud,
615781657330,2023-04-14 06:27:46,619.07,P2M,Others,West Bengal,State Bank of India,PhonePe,Android,18-25,177,0,4,SUCCESS,0,Not fraud,
526586020947,2023-04-14 13:00:49,400.0,P2P,Not applicable,Haryana,State Bank of India,Google Pay,Android,26-35,941,1,1,SUCCESS,0,Not fraud,
360857555079,2023-04-14 14:13:45,462.12,P2P,Not applicable,Gujarat,Other,PhonePe,iOS,36-45,611,0,1,SUCCESS,0,Not fraud,
851043927349,2023-04-14 15:08:50,426.93,P2M,Telecom & Recharge,Chhattisgarh,ICICI Bank,PhonePe,Android,46-59,702,0,7,SUCCESS,0,Not fraud,
805261940447,2023-04-14 17:10:47,1160.0,P2P,Not applicable,Karnataka,State Bank of India,PhonePe,iOS,36-45,2310,0,1,SUCCESS,0,Not fraud,
285105428815,2023-04-15 09:32:20,150.0,P2M,Food & Dining,Bihar,State Bank of India,PhonePe,Android,36-45,471,1,3,SUCCESS,0,Not fraud,
109516323217,2023-04-16 07:06:16,1220.0,P2P,Not applicable,Bihar,ICICI Bank,CRED,iOS,26-35,477,0,3,SUCCESS,0,Not fraud,
708374867556,2023-04-16 11:52:54,4600.0,Bill Payment,Telecom & Recharge,Haryana,Canara Bank,PhonePe,Android,18-25,5749,0,4,SUCCESS,0,Not fraud,
481002226867,2023-04-16 19:19:51,139.85,P2M,Others,Odisha,HDFC Bank,PhonePe,Android,36-45,2097,0,5,SUCCESS,0,Not fraud,
289768445524,2023-04-17 09:21:03,200.0,P2P,Not applicable,Andhra Pradesh,HDFC Bank,PhonePe,Android,26-35,91,0,3,SUCCESS,0,Not fraud,
869952599053,2023-04-17 14:27:57,672.7,P2M,E-commerce,Tamil Nadu,Other,PhonePe,Android,36-45,144,0,3,SUCCESS,0,Not fraud,
119461644162,2023-04-17 16:13:29,5480.0,Bill Payment,Financial Services,Tamil Nadu,Kotak Mahindra Bank,Other,Android,26-35,1507,0,1,SUCCESS,0,Not fraud,
823471772022,2023-04-17 20:04:26,500.0,P2P,Not applicable,Haryana,Kotak Mahindra Bank,Google Pay,Android,36-45,621,0,2,SUCCESS,0,Not fraud,
672752882294,2023-04-17 21:42:54,10756.75,P2P,Not applicable,Gujarat,Canara Bank,Google Pay,Android,26-35,564,1,2,SUCCESS,1,QR Code Scam,5.2
711375199598,2023-04-18 09:12:45,120.0,P2M,Utilities,Andhra Pradesh,Bank of Baroda,PhonePe,Android,18-25,106,0,6,SUCCESS,0,Not fraud,
767076867837,2023-04-18 20:34:10,1572.99,Autopay/Mandate,Financial Services,Karnataka,Other,Amazon Pay,iOS,46-59,539,0,4,SUCCESS,0,Not fraud,
163324585650,2023-04-18 22:18:54,1900.0,Collect Request,Not applicable,Bihar,HDFC Bank,PhonePe,Android,26-35,669,1,2,SUCCESS,1,Fake Collect Request,14.8
786371520328,2023-04-19 03:09:21,260.0,Autopay/Mandate,Financial Services,Haryana,Axis Bank,Google Pay,Android,60+,312,0,6,SUCCESS,0,Not fraud,
532087741089,2023-04-19 10:45:56,1060.0,P2M,Others,Odisha,Punjab National Bank,PhonePe,Android,36-45,299,0,4,SUCCESS,0,Not fraud,
420502421769,2023-04-19 11:08:55,16210.0,P2P,Not applicable,Tamil Nadu,IDFC FIRST Bank,Google Pay,Android,36-45,932,0,2,SUCCESS,1,SIM Swap/Account Takeover,9.8
367853238352,2023-04-19 16:34:26,2250.0,P2P,Not applicable,Kerala,State Bank of India,PhonePe,Android,26-35,568,0,3,SUCCESS,0,Not fraud,
239346192301,2023-04-20 17:51:17,195.7,P2M,Telecom & Recharge,Maharashtra,State Bank of India,PhonePe,Android,60+,3876,0,2,FAILED,0,Not fraud,
481457747606,2023-04-21 07:29:54,300.16,Bill Payment,Education,Tamil Nadu,State Bank of India,PhonePe,Android,60+,72,0,3,SUCCESS,0,Not fraud,
772908868494,2023-04-21 13:50:04,410.0,P2P,Not applicable,Haryana,Other,Google Pay,Android,36-45,715,1,5,SUCCESS,0,Not fraud,
218457630160,2023-04-22 15:20:46,2253.72,P2P,Not applicable,Tamil Nadu,State Bank of India,Amazon Pay,iOS,60+,360,0,6,SUCCESS,0,Not fraud,
998047663057,2023-04-22 16:38:59,600.0,P2M,E-commerce,Maharashtra,HDFC Bank,Google Pay,iOS,46-59,395,1,2,SUCCESS,0,Not fraud,
490964257214,2023-04-22 17:21:48,298.99,P2P,Not applicable,Telangana,HDFC Bank,PhonePe,Android,26-35,924,1,2,SUCCESS,0,Not fraud,
518299514304,2023-04-22 19:34:26,1225.61,P2M,Financial Services,Gujarat,Union Bank of India,PhonePe,Android,26-35,91,0,5,SUCCESS,0,Not fraud,
600578039065,2023-04-22 20:14:40,1800.0,P2M,Financial Services,Karnataka,Union Bank of India,PhonePe,Android,36-45,2171,0,5,SUCCESS,0,Not fraud,
530922534651,2023-04-22 20:44:53,750.0,P2M,Utilities,Bihar,State Bank of India,Paytm,Android,18-25,891,0,2,SUCCESS,0,Not fraud,
823586491796,2023-04-22 23:43:08,9220.0,P2P,Not applicable,Tamil Nadu,HDFC Bank,Other,Android,26-35,725,1,3,SUCCESS,1,Phishing/Vishing,67.7
432911439463,2023-04-23 16:13:36,690.66,P2P,Not applicable,Assam,Other,Google Pay,Android,46-59,88,0,5,SUCCESS,0,Not fraud,
207650824294,2023-04-24 19:40:36,1900.0,Bill Payment,Education,Karnataka,Other,PhonePe,Android,26-35,205,0,4,SUCCESS,0,Not fraud,
274223251273,2023-04-24 20:01:10,720.0,P2P,Not applicable,Rajasthan,Axis Bank,PhonePe,Android,36-45,722,0,1,SUCCESS,0,Not fraud,
359185260818,2023-04-25 15:37:41,520.0,P2M,Fuel,Madhya Pradesh,HDFC Bank,Paytm,Android,26-35,1249,0,1,SUCCESS,0,Not fraud,
206712861585,2023-04-25 20:35:43,843.32,P2P,Not applicable,Madhya Pradesh,Punjab National Bank,Paytm,iOS,26-35,278,0,1,SUCCESS,0,Not fraud,
690369128595,2023-04-27 16:01:26,1.0,P2M,Grocery & Supermarkets,Karnataka,IndusInd Bank,Paytm,Android,46-59,1849,0,4,SUCCESS,0,Not fraud,
821555047713,2023-04-28 20:03:31,100.0,P2M,Telecom & Recharge,Uttar Pradesh,State Bank of India,PhonePe,Android,18-25,86,0,4,SUCCESS,0,Not fraud,
830370129934,2023-04-29 09:56:23,200.0,P2M,Fuel,Tamil Nadu,Canara Bank,Paytm,Android,26-35,304,0,3,SUCCESS,0,Not fraud,
856757577796,2023-04-29 13:09:07,68.12,P2P,Not applicable,Bihar,State Bank of India,PhonePe,iOS,26-35,1592,1,5,SUCCESS,0,Not fraud,
635639133196,2023-04-29 17:43:45,400.0,Collect Request,Not applicable,Maharashtra,Axis Bank,Paytm,Android,60+,108,0,4,SUCCESS,0,Not fraud,
461697399167,2023-04-30 11:25:30,1141.85,Autopay/Mandate,Financial Services,Andhra Pradesh,State Bank of India,PhonePe,iOS,26-35,568,0,2,SUCCESS,0,Not fraud,
754530312933,2023-05-01 10:14:48,5870.0,P2P,Not applicable,Telangana,State Bank of India,Google Pay,Android,46-59,608,0,1,SUCCESS,0,Not fraud,
976385398523,2023-05-01 14:31:44,200.0,P2M,Food & Dining,Gujarat,Punjab National Bank,Google Pay,Android,18-25,72,0,2,SUCCESS,0,Not fraud,
422900712194,2023-05-01 21:23:25,600.0,P2P,Not applicable,Maharashtra,Other,Google Pay,Android,18-25,447,0,2,SUCCESS,0,Not fraud,
876510319382,2023-05-02 21:47:53,3900.0,Collect Request,Not applicable,Rajasthan,Axis Bank,Google Pay,Android,60+,224,1,2,SUCCESS,1,Fake Collect Request,23.5
333917868040,2023-05-03 21:05:53,319.56,Autopay/Mandate,Entertainment & OTT,Gujarat,Other,Paytm,Android,46-59,2224,0,2,SUCCESS,0,Not fraud,
172975536631,2023-05-04 12:26:32,3612.45,P2M,E-commerce,Tamil Nadu,Canara Bank,PhonePe,iOS,26-35,1620,1,4,SUCCESS,0,Not fraud,
672191838604,2023-05-04 12:33:50,1100.0,P2P,Not applicable,Assam,State Bank of India,PhonePe,Android,36-45,999,0,3,SUCCESS,0,Not fraud,
326466368753,2023-05-04 12:41:30,2060.0,P2P,Not applicable,Karnataka,Indian Bank,PhonePe,Android,18-25,3654,0,4,SUCCESS,0,Not fraud,
205864566726,2023-05-04 13:59:42,700.0,P2M,Utilities,Maharashtra,State Bank of India,PhonePe,Android,36-45,1173,0,4,SUCCESS,0,Not fraud,
323649686001,2023-05-04 17:29:54,3430.0,P2P,Not applicable,Maharashtra,State Bank of India,PhonePe,iOS,36-45,118,1,3,SUCCESS,0,Not fraud,
152208185022,2023-05-04 19:50:45,2430.0,P2M,Education,Madhya Pradesh,ICICI Bank,PhonePe,Android,46-59,215,0,3,SUCCESS,0,Not fraud,
787020084135,2023-05-04 21:37:54,1179.13,P2M,Grocery & Supermarkets,Delhi,Bank of Baroda,PhonePe,Android,26-35,1586,0,6,SUCCESS,0,Not fraud,
498081697990,2023-05-05 20:26:32,77.25,P2M,E-commerce,Kerala,Punjab National Bank,PhonePe,iOS,26-35,251,0,6,SUCCESS,0,Not fraud,
451343678975,2023-05-06 11:25:44,300.0,P2M,Grocery & Supermarkets,Maharashtra,HDFC Bank,Google Pay,Android,18-25,6000,0,3,SUCCESS,0,Not fraud,
334979506692,2023-05-06 16:12:53,90.0,P2M,Utilities,Jharkhand,Canara Bank,PhonePe,Android,26-35,383,0,3,SUCCESS,0,Not fraud,
879902487924,2023-05-06 19:46:00,111.29,P2P,Not applicable,Odisha,Bank of Baroda,Google Pay,Android,26-35,6000,0,2,SUCCESS,0,Not fraud,
466429136945,2023-05-07 08:07:15,330.0,P2M,Grocery & Supermarkets,Uttar Pradesh,State Bank of India,PhonePe,iOS,18-25,886,0,8,SUCCESS,0,Not fraud,
858909000887,2023-05-07 10:05:17,160.0,P2P,Not applicable,Delhi,State Bank of India,PhonePe,Android,26-35,1631,0,2,SUCCESS,0,Not fraud,
884719846837,2023-05-07 15:44:00,391.67,P2M,Grocery & Supermarkets,Uttar Pradesh,ICICI Bank,PhonePe,Android,18-25,3275,0,7,SUCCESS,0,Not fraud,
946819625358,2023-05-07 16:09:47,920.0,P2M,Healthcare,Chhattisgarh,State Bank of India,Other,Android,26-35,1043,0,6,SUCCESS,0,Not fraud,
583145680136,2023-05-07 19:22:07,139.81,P2M,Grocery & Supermarkets,Assam,State Bank of India,Google Pay,Android,36-45,1463,0,4,SUCCESS,0,Not fraud,
584583378926,2023-05-08 19:17:54,130.0,P2M,Healthcare,Gujarat,Kotak Mahindra Bank,PhonePe,Android,18-25,406,0,3,SUCCESS,0,Not fraud,
721902519873,2023-05-09 10:05:56,778.31,Bill Payment,Education,Andhra Pradesh,Other,PhonePe,Android,18-25,245,0,2,SUCCESS,0,Not fraud,
664804454730,2023-05-09 16:42:40,500.0,P2M,Entertainment & OTT,Karnataka,State Bank of India,PhonePe,Android,26-35,937,0,3,SUCCESS,0,Not fraud,
890902196184,2023-05-09 18:43:49,80.0,P2M,Food & Dining,West Bengal,State Bank of India,CRED,iOS,18-25,559,0,7,SUCCESS,0,Not fraud,
207650260003,2023-05-10 17:42:26,164.38,P2M,Financial Services,Kerala,State Bank of India,PhonePe,Android,18-25,308,0,3,SUCCESS,0,Not fraud,
109869091866,2023-05-11 18:42:52,110.0,P2M,Food & Dining,Maharashtra,Other,PhonePe,Android,36-45,698,0,3,SUCCESS,0,Not fraud,
444027690223,2023-05-12 00:14:00,940.0,P2P,Not applicable,Punjab,Kotak Mahindra Bank,PhonePe,Android,36-45,140,1,2,SUCCESS,0,Not fraud,
157474862680,2023-05-12 08:34:45,199.94,P2M,Grocery & Supermarkets,Uttar Pradesh,HDFC Bank,Google Pay,Android,26-35,208,0,3,SUCCESS,0,Not fraud,
297041888670,2023-05-12 18:59:53,2664.03,P2P,Not applicable,Madhya Pradesh,HDFC Bank,PhonePe,Android,18-25,676,1,2,SUCCESS,0,Not fraud,
403306711720,2023-05-13 16:29:52,1400.0,P2P,Not applicable,West Bengal,HDFC Bank,Google Pay,Android,26-35,57,1,3,SUCCESS,0,Not fraud,
598101904371,2023-05-13 20:59:48,4661.67,Bill Payment,Utilities,Madhya Pradesh,ICICI Bank,PhonePe,Android,26-35,134,0,1,SUCCESS,0,Not fraud,
684597027811,2023-05-13 21:22:56,428.96,P2P,Not applicable,Kerala,IDFC FIRST Bank,Paytm,Android,26-35,2208,0,2,SUCCESS,0,Not fraud,
686121170109,2023-05-13 23:17:29,900.0,P2M,Grocery & Supermarkets,Haryana,HDFC Bank,PhonePe,Android,26-35,323,0,4,SUCCESS,0,Not fraud,
432413292463,2023-05-14 12:27:42,350.0,P2M,Grocery & Supermarkets,Chhattisgarh,Axis Bank,PhonePe,Android,46-59,1481,0,7,SUCCESS,0,Not fraud,
953435480884,2023-05-14 19:08:39,1400.0,P2M,Grocery & Supermarkets,Himachal Pradesh,HDFC Bank,PhonePe,Android,46-59,529,0,3,SUCCESS,0,Not fraud,
827576312115,2023-05-15 10:16:53,60.0,P2M,Entertainment & OTT,Tamil Nadu,Other,PhonePe,iOS,18-25,674,0,1,SUCCESS,0,Not fraud,
604495455384,2023-05-15 14:19:26,967.07,P2M,Fuel,Uttar Pradesh,State Bank of India,Google Pay,Android,26-35,72,0,7,SUCCESS,0,Not fraud,
859107825660,2023-05-15 15:03:59,3920.0,Collect Request,Not applicable,Gujarat,IDFC FIRST Bank,PhonePe,Android,26-35,603,1,6,SUCCESS,1,Fake Collect Request,40.6
756592085281,2023-05-15 15:09:22,1925.2,Collect Request,Not applicable,Rajasthan,Other,PhonePe,Android,36-45,6000,1,4,SUCCESS,0,Not fraud,
891331969105,2023-05-15 17:31:58,260.29,P2P,Not applicable,Bihar,HDFC Bank,Other,Android,26-35,847,0,2,SUCCESS,0,Not fraud,
960082666242,2023-05-16 00:39:17,120.0,P2M,Grocery & Supermarkets,Gujarat,State Bank of India,PhonePe,Android,46-59,445,0,6,SUCCESS,0,Not fraud,
490100244554,2023-05-16 10:37:06,590.0,P2P,Not applicable,Andhra Pradesh,HDFC Bank,PhonePe,Android,26-35,250,0,2,SUCCESS,0,Not fraud,
505625842274,2023-05-17 21:18:12,4730.0,Collect Request,Not applicable,Rajasthan,ICICI Bank,PhonePe,Android,26-35,33,1,1,SUCCESS,1,Fake Customer Care,8.9
381274457010,2023-05-17 22:39:47,754.95,P2M,Financial Services,West Bengal,ICICI Bank,Google Pay,Android,26-35,1091,1,6,SUCCESS,0,Not fraud,
983901677435,2023-05-18 00:58:54,310.0,P2P,Not applicable,Assam,Other,PhonePe,Android,60+,272,0,4,SUCCESS,0,Not fraud,
840172570954,2023-05-18 11:17:58,3100.0,P2M,Food & Dining,Maharashtra,Other,Paytm,Android,26-35,2274,0,4,SUCCESS,0,Not fraud,
981760486920,2023-05-18 20:22:36,820.0,P2P,Not applicable,Gujarat,Yes Bank,Paytm,Android,60+,2422,1,1,SUCCESS,0,Not fraud,
534859507032,2023-05-19 19:27:50,1300.0,Autopay/Mandate,Education,West Bengal,ICICI Bank,PhonePe,Android,26-35,3238,0,3,SUCCESS,0,Not fraud,
349392532141,2023-05-20 09:06:47,644.16,P2M,Food & Dining,Rajasthan,IndusInd Bank,Google Pay,Android,36-45,2992,1,3,SUCCESS,0,Not fraud,
671877751050,2023-05-20 11:45:29,1700.0,P2P,Not applicable,Andhra Pradesh,Punjab National Bank,PhonePe,Android,26-35,208,0,4,SUCCESS,0,Not fraud,
568556532126,2023-05-21 10:55:58,137.17,P2P,Not applicable,Jharkhand,ICICI Bank,PhonePe,Android,46-59,632,1,4,SUCCESS,0,Not fraud,
660123821262,2023-05-21 13:45:04,2223.52,Collect Request,Not applicable,Bihar,Bank of India,Amazon Pay,Android,26-35,2765,1,3,SUCCESS,0,Not fraud,
994404668912,2023-05-21 20:56:04,6871.29,P2P,Not applicable,Gujarat,State Bank of India,PhonePe,Android,36-45,193,1,3,SUCCESS,1,Remote Access App Scam,4.5
516181401206,2023-05-21 21:30:14,10330.0,P2P,Not applicable,West Bengal,ICICI Bank,PhonePe,iOS,46-59,3375,1,2,SUCCESS,0,Not fraud,
977495845734,2023-05-22 18:07:53,840.92,P2P,Not applicable,Karnataka,ICICI Bank,PhonePe,Android,46-59,194,1,2,SUCCESS,0,Not fraud,
252664541175,2023-05-22 21:52:30,920.0,P2P,Not applicable,West Bengal,Kotak Mahindra Bank,PhonePe,Android,60+,660,1,3,SUCCESS,0,Not fraud,
540523192926,2023-05-23 08:24:11,1461.09,Bill Payment,Utilities,Madhya Pradesh,Punjab National Bank,PhonePe,Android,18-25,1121,0,1,SUCCESS,0,Not fraud,
252040748518,2023-05-23 23:45:37,3950.0,P2M,Grocery & Supermarkets,Uttar Pradesh,Union Bank of India,Amazon Pay,Android,36-45,149,0,2,SUCCESS,1,QR Code Scam,9.8
878097062434,2023-05-24 02:34:29,10100.0,P2P,Not applicable,Rajasthan,Punjab National Bank,PhonePe,Android,36-45,112,0,1,SUCCESS,1,Fake Customer Care,10.3
403105035530,2023-05-24 09:32:24,1991.2,Bill Payment,Financial Services,Rajasthan,HDFC Bank,Other,Android,46-59,962,0,2,SUCCESS,0,Not fraud,
603129583423,2023-05-24 11:35:57,1005.27,Collect Request,Not applicable,Chhattisgarh,Bank of India,Google Pay,Android,18-25,281,1,2,SUCCESS,0,Not fraud,
830629633888,2023-05-24 15:27:17,328.13,Bill Payment,Financial Services,Karnataka,ICICI Bank,Google Pay,Android,18-25,2507,0,5,SUCCESS,0,Not fraud,
312669896872,2023-05-24 16:43:13,750.0,P2M,Grocery & Supermarkets,Tamil Nadu,Punjab National Bank,PhonePe,Android,36-45,57,0,4,FAILED,0,Not fraud,
998849925491,2023-05-24 18:57:00,3694.07,P2P,Not applicable,Tamil Nadu,Union Bank of India,PhonePe,Android,26-35,840,0,1,SUCCESS,0,Not fraud,
961537225622,2023-05-24 22:12:51,370.0,Autopay/Mandate,Financial Services,Chhattisgarh,HDFC Bank,PhonePe,Android,18-25,3570,0,1,SUCCESS,0,Not fraud,
808138638099,2023-05-24 22:55:29,350.0,Autopay/Mandate,Telecom & Recharge,Telangana,Canara Bank,PhonePe,Android,46-59,294,0,2,SUCCESS,0,Not fraud,
992681674870,2023-05-25 14:45:49,3500.0,Bill Payment,Telecom & Recharge,Maharashtra,HDFC Bank,PhonePe,Android,46-59,2882,0,5,SUCCESS,0,Not fraud,
417973871372,2023-05-25 16:57:09,104.04,P2M,Food & Dining,Maharashtra,State Bank of India,PhonePe,iOS,26-35,980,1,5,SUCCESS,0,Not fraud,
214840888243,2023-05-25 17:37:37,814.97,P2P,Not applicable,Karnataka,State Bank of India,PhonePe,Android,36-45,685,0,3,SUCCESS,0,Not fraud,
684578423501,2023-05-26 16:36:06,62.9,P2M,Utilities,West Bengal,Axis Bank,PhonePe,Android,26-35,384,0,7,SUCCESS,0,Not fraud,
912035281333,2023-05-26 17:20:38,450.0,P2M,Food & Dining,Maharashtra,Other,PhonePe,Feature Phone (USSD),46-59,2147,0,3,SUCCESS,0,Not fraud,
256348261810,2023-05-26 21:58:51,8070.0,Autopay/Mandate,Telecom & Recharge,Maharashtra,Bank of Baroda,Google Pay,Android,26-35,4584,0,2,SUCCESS,0,Not fraud,
438385066777,2023-05-27 14:29:48,144.26,P2M,Food & Dining,Maharashtra,Yes Bank,Google Pay,iOS,36-45,742,0,1,SUCCESS,0,Not fraud,
869417652973,2023-05-27 15:08:31,1100.0,P2M,Grocery & Supermarkets,West Bengal,State Bank of India,Google Pay,Android,26-35,582,0,6,SUCCESS,0,Not fraud,
494472202240,2023-05-27 15:36:08,890.0,Collect Request,Not applicable,Uttar Pradesh,HDFC Bank,Google Pay,Android,26-35,2655,1,2,SUCCESS,0,Not fraud,
274691800035,2023-05-27 18:16:27,56900.0,P2P,Not applicable,Karnataka,Axis Bank,Google Pay,Android,26-35,763,0,3,SUCCESS,1,Fake Customer Care,35.1
343893942844,2023-05-27 21:55:42,148.92,P2M,Food & Dining,Gujarat,Other,Paytm,Android,36-45,2634,0,4,SUCCESS,0,Not fraud,
217671318840,2023-05-28 12:05:05,260.0,P2M,Food & Dining,Gujarat,Bank of Baroda,BHIM,Android,26-35,249,1,3,SUCCESS,0,Not fraud,
390438580514,2023-05-28 12:47:54,363.07,Bill Payment,Financial Services,Tripura,Axis Bank,Google Pay,iOS,36-45,784,0,3,SUCCESS,0,Not fraud,
737861091658,2023-05-29 13:08:30,340.0,P2M,Food & Dining,Maharashtra,State Bank of India,Paytm,Android,60+,424,0,1,SUCCESS,0,Not fraud,
288190047012,2023-05-30 10:34:05,400.0,P2M,Grocery & Supermarkets,Jammu & Kashmir,Indian Bank,Google Pay,iOS,36-45,607,0,7,SUCCESS,0,Not fraud,
424688993635,2023-05-30 10:51:05,240.0,P2P,Not applicable,Madhya Pradesh,HDFC Bank,PhonePe,Android,18-25,805,0,3,SUCCESS,0,Not fraud,
429040219447,2023-05-30 12:15:10,876.87,Autopay/Mandate,Utilities,Karnataka,Canara Bank,BHIM,iOS,36-45,588,0,4,SUCCESS,0,Not fraud,
670395668862,2023-05-30 13:48:47,14700.0,P2P,Not applicable,Maharashtra,State Bank of India,Google Pay,Android,36-45,360,0,2,SUCCESS,1,SIM Swap/Account Takeover,12.6
535057350043,2023-05-30 14:26:40,900.0,P2P,Not applicable,Maharashtra,State Bank of India,Google Pay,Android,26-35,38,0,1,SUCCESS,0,Not fraud,
639971578896,2023-05-30 14:41:20,953.73,Autopay/Mandate,Financial Services,Tamil Nadu,Axis Bank,PhonePe,Android,36-45,1214,0,2,SUCCESS,0,Not fraud,
494787081908,2023-05-30 16:02:13,917.9,P2P,Not applicable,Karnataka,State Bank of India,PhonePe,Android,46-59,442,1,2,SUCCESS,0,Not fraud,
359167992771,2023-05-30 17:56:05,567.99,P2M,E-commerce,Odisha,HDFC Bank,PhonePe,Android,26-35,1237,0,2,SUCCESS,0,Not fraud,
861135027054,2023-05-30 23:39:34,17470.0,P2P,Not applicable,West Bengal,State Bank of India,PhonePe,Android,36-45,160,1,2,SUCCESS,1,Fake Customer Care,60.4
577419009946,2023-05-31 09:28:00,260.0,P2M,Grocery & Supermarkets,Telangana,State Bank of India,Google Pay,iOS,26-35,4412,1,3,SUCCESS,0,Not fraud,
376050080945,2023-05-31 16:06:58,181.35,P2P,Not applicable,Gujarat,State Bank of India,Amazon Pay,Android,36-45,266,0,5,SUCCESS,0,Not fraud,
245908431770,2023-05-31 16:29:52,1608.15,Bill Payment,Financial Services,Maharashtra,Yes Bank,PhonePe,Android,18-25,1057,0,2,SUCCESS,0,Not fraud,
751172706329,2023-05-31 19:12:08,800.0,P2M,Travel & Transport,Telangana,Bank of Baroda,Google Pay,Android,26-35,2010,0,3,SUCCESS,0,Not fraud,
975997450141,2023-06-01 08:33:48,502.54,P2M,Food & Dining,Kerala,HDFC Bank,PhonePe,Android,26-35,1368,1,5,FAILED,0,Not fraud,
150863208047,2023-06-01 11:49:18,510.0,P2M,Others,Delhi,State Bank of India,Paytm,Android,46-59,983,0,6,SUCCESS,0,Not fraud,
280111816125,2023-06-01 13:55:08,570.0,Autopay/Mandate,Financial Services,Telangana,State Bank of India,PhonePe,Android,60+,155,0,2,SUCCESS,0,Not fraud,
444160748188,2023-06-01 14:50:09,1874.98,P2M,Fuel,Delhi,Axis Bank,Google Pay,Android,36-45,1380,0,3,SUCCESS,0,Not fraud,
280978588967,2023-06-01 16:02:03,1836.13,Autopay/Mandate,Financial Services,Madhya Pradesh,Punjab National Bank,PhonePe,Android,36-45,773,1,1,SUCCESS,0,Not fraud,
482800188579,2023-06-01 16:33:41,6200.0,P2P,Not applicable,Punjab,State Bank of India,PhonePe,Android,26-35,484,0,1,SUCCESS,0,Not fraud,
994786479460,2023-06-02 00:19:29,200.0,P2P,Not applicable,Bihar,State Bank of India,PhonePe,Android,26-35,140,0,4,SUCCESS,0,Not fraud,
100360940218,2023-06-02 20:13:02,300.0,P2P,Not applicable,Uttar Pradesh,Axis Bank,PhonePe,Android,46-59,223,0,3,SUCCESS,0,Not fraud,
989636318850,2023-06-03 15:51:54,2450.0,P2M,Grocery & Supermarkets,Odisha,State Bank of India,PhonePe,Android,18-25,2168,0,4,SUCCESS,0,Not fraud,
250732852419,2023-06-03 16:18:13,11841.05,P2M,Travel & Transport,West Bengal,Axis Bank,Paytm,Android,26-35,706,0,7,SUCCESS,0,Not fraud,
277531300761,2023-06-03 20:10:50,700.0,P2M,E-commerce,Maharashtra,State Bank of India,CRED,Android,18-25,85,0,2,SUCCESS,0,Not fraud,
816343392928,2023-06-04 11:34:01,2600.0,P2P,Not applicable,Madhya Pradesh,State Bank of India,PhonePe,Android,26-35,2802,1,3,SUCCESS,0,Not fraud,
748955677560,2023-06-04 14:22:34,2805.4,P2M,Fuel,Uttarakhand,Other,PhonePe,Android,46-59,475,1,4,SUCCESS,0,Not fraud,
683814702129,2023-06-04 14:59:57,970.0,Bill Payment,Education,Karnataka,Union Bank of India,Other,Android,18-25,40,0,2,SUCCESS,0,Not fraud,
747354707942,2023-06-04 16:04:14,281.47,P2M,Financial Services,Maharashtra,State Bank of India,Amazon Pay,Android,18-25,33,0,2,SUCCESS,0,Not fraud,
354443651828,2023-06-04 18:39:02,40.0,P2M,Utilities,Maharashtra,Other,PhonePe,iOS,18-25,260,0,3,SUCCESS,0,Not fraud,
929443649404,2023-06-04 22:48:13,1355.76,Bill Payment,Education,Telangana,Kotak Mahindra Bank,PhonePe,Feature Phone (USSD),26-35,1735,0,3,SUCCESS,0,Not fraud,
209408997838,2023-06-04 23:26:00,2700.0,P2P,Not applicable,Karnataka,Union Bank of India,PhonePe,Android,26-35,401,1,2,SUCCESS,1,Phishing/Vishing,37.5
932882465407,2023-06-05 14:10:12,315.98,P2M,Fuel,Delhi,Kotak Mahindra Bank,Google Pay,iOS,26-35,9,0,5,FAILED,0,Not fraud,
942366127251,2023-06-06 14:11:32,1300.0,P2M,Telecom & Recharge,Assam,Union Bank of India,PhonePe,Feature Phone (USSD),46-59,1168,0,5,SUCCESS,0,Not fraud,
286988485988,2023-06-06 19:31:40,736.29,Autopay/Mandate,Entertainment & OTT,Chandigarh,State Bank of India,PhonePe,Android,26-35,383,0,2,SUCCESS,0,Not fraud,
880519955137,2023-06-06 21:20:32,530.0,P2M,Grocery & Supermarkets,Andhra Pradesh,ICICI Bank,PhonePe,Android,18-25,793,0,4,SUCCESS,0,Not fraud,
722864739656,2023-06-07 17:18:10,319.3,P2M,Telecom & Recharge,West Bengal,Axis Bank,PhonePe,Android,26-35,476,0,12,SUCCESS,0,Not fraud,
359139811033,2023-06-07 19:39:48,400.0,Collect Request,Not applicable,Karnataka,Bank of Baroda,Amazon Pay,iOS,26-35,186,1,3,SUCCESS,0,Not fraud,
148623705665,2023-06-07 19:51:46,2427.64,P2P,Not applicable,Kerala,Bank of Baroda,PhonePe,Android,26-35,110,0,3,SUCCESS,0,Not fraud,
345731382512,2023-06-08 14:48:14,8238.45,P2M,Grocery & Supermarkets,Rajasthan,State Bank of India,PhonePe,Android,18-25,607,0,5,SUCCESS,0,Not fraud,
319287213064,2023-06-09 12:46:03,154.33,Autopay/Mandate,Utilities,Karnataka,HDFC Bank,PhonePe,iOS,60+,139,1,2,SUCCESS,0,Not fraud,
842879657812,2023-06-10 09:52:19,130.0,Autopay/Mandate,Financial Services,Gujarat,ICICI Bank,PhonePe,Feature Phone (USSD),18-25,121,0,2,SUCCESS,0,Not fraud,
779992755887,2023-06-10 10:25:37,1210.61,Autopay/Mandate,Financial Services,Uttar Pradesh,State Bank of India,PhonePe,Android,26-35,86,0,1,SUCCESS,0,Not fraud,
365236218259,2023-06-10 10:44:16,27610.0,P2P,Not applicable,Andhra Pradesh,Kotak Mahindra Bank,Google Pay,Android,36-45,743,1,8,SUCCESS,1,Investment/Task Scam,33.9
557684640552,2023-06-10 12:58:14,1856.5,Collect Request,Not applicable,Telangana,IndusInd Bank,Google Pay,Android,46-59,455,1,4,SUCCESS,1,Fake Collect Request,6.4
677067113725,2023-06-10 19:27:24,3400.0,P2P,Not applicable,Madhya Pradesh,State Bank of India,Google Pay,iOS,36-45,904,1,3,SUCCESS,0,Not fraud,
412276859273,2023-06-10 21:24:45,1596.47,P2P,Not applicable,Bihar,State Bank of India,PhonePe,Android,26-35,1682,1,2,SUCCESS,0,Not fraud,
259349778005,2023-06-11 10:12:50,91.52,P2P,Not applicable,West Bengal,Other,Google Pay,Android,60+,2818,0,4,SUCCESS,0,Not fraud,
609947579290,2023-06-11 15:13:30,1100.0,P2P,Not applicable,Karnataka,State Bank of India,Other,Android,18-25,1453,0,5,SUCCESS,0,Not fraud,
199266959686,2023-06-11 20:02:15,870.69,P2M,Fuel,Maharashtra,State Bank of India,Google Pay,iOS,18-25,92,0,4,SUCCESS,0,Not fraud,
280806437193,2023-06-11 20:14:23,1677.74,Autopay/Mandate,Entertainment & OTT,Haryana,HDFC Bank,PhonePe,Android,36-45,1092,0,2,FAILED,0,Not fraud,
758816572026,2023-06-12 03:29:45,1023.12,Collect Request,Not applicable,Gujarat,Kotak Mahindra Bank,PhonePe,iOS,26-35,803,1,3,SUCCESS,1,Fake Collect Request,40.2
955198658701,2023-06-12 09:42:30,1630.0,P2P,Not applicable,Gujarat,HDFC Bank,PhonePe,Android,26-35,627,1,1,SUCCESS,0,Not fraud,
830038988374,2023-06-12 13:09:17,13950.0,Collect Request,Not applicable,Tamil Nadu,State Bank of India,Paytm,Android,60+,126,0,1,SUCCESS,1,Fake Collect Request,12.8
600085723763,2023-06-12 14:05:17,126.58,P2P,Not applicable,Chandigarh,Indian Bank,Google Pay,Android,26-35,589,1,2,SUCCESS,0,Not fraud,
415782364635,2023-06-12 15:20:44,167.71,P2P,Not applicable,Uttar Pradesh,Other,PhonePe,Android,36-45,32,0,4,SUCCESS,0,Not fraud,
187300682931,2023-06-12 20:12:37,30170.0,Collect Request,Not applicable,Bihar,State Bank of India,Google Pay,Android,18-25,454,1,1,SUCCESS,1,Fake Customer Care,21.0
106190089455,2023-06-12 22:59:24,2620.0,P2M,Grocery & Supermarkets,Madhya Pradesh,HDFC Bank,Google Pay,Android,26-35,212,0,4,SUCCESS,0,Not fraud,
128808344833,2023-06-13 13:00:04,354.38,P2P,Not applicable,Karnataka,ICICI Bank,PhonePe,Android,36-45,127,0,4,SUCCESS,0,Not fraud,
823763024320,2023-06-13 13:59:24,590.43,Autopay/Mandate,Financial Services,Kerala,Punjab National Bank,Google Pay,Android,26-35,620,0,2,SUCCESS,0,Not fraud,
856800219518,2023-06-14 08:27:08,1237.27,P2M,Grocery & Supermarkets,Maharashtra,Union Bank of India,PhonePe,Android,18-25,1893,0,4,SUCCESS,0,Not fraud,
685420433793,2023-06-14 09:40:35,1521.88,P2P,Not applicable,Bihar,HDFC Bank,PhonePe,Android,18-25,2127,1,2,SUCCESS,0,Not fraud,
180986886808,2023-06-14 17:10:52,3695.31,P2P,Not applicable,Delhi,State Bank of India,Google Pay,Android,26-35,118,1,1,SUCCESS,0,Not fraud,
914177346020,2023-06-15 15:14:46,300.0,P2M,Fuel,West Bengal,State Bank of India,Google Pay,Android,36-45,767,0,4,SUCCESS,0,Not fraud,
147371233380,2023-06-15 20:33:18,1877.07,Autopay/Mandate,Entertainment & OTT,Haryana,State Bank of India,PhonePe,iOS,18-25,463,0,1,SUCCESS,0,Not fraud,
691398081707,2023-06-16 07:37:44,830.0,P2M,Financial Services,Maharashtra,Punjab National Bank,Google Pay,iOS,18-25,439,0,3,FAILED,0,Not fraud,
335082656992,2023-06-16 10:38:29,400.0,P2M,Food & Dining,Uttar Pradesh,Canara Bank,PhonePe,iOS,26-35,855,0,3,SUCCESS,0,Not fraud,
485697550196,2023-06-16 10:52:49,100.0,P2P,Not applicable,Telangana,State Bank of India,CRED,Android,26-35,1104,1,5,SUCCESS,0,Not fraud,
452360305856,2023-06-16 12:01:21,300.0,P2M,Food & Dining,Maharashtra,Punjab National Bank,Google Pay,Android,26-35,46,0,3,SUCCESS,0,Not fraud,
720964795116,2023-06-16 12:50:08,3500.0,Bill Payment,Telecom & Recharge,Odisha,State Bank of India,Google Pay,Android,26-35,108,0,2,SUCCESS,0,Not fraud,
351214784400,2023-06-16 14:57:07,749.19,Collect Request,Not applicable,Haryana,HDFC Bank,Google Pay,iOS,26-35,582,0,2,SUCCESS,0,Not fraud,
607447603945,2023-06-17 10:33:21,444.29,P2M,E-commerce,Karnataka,State Bank of India,PhonePe,Android,36-45,118,0,6,SUCCESS,0,Not fraud,
939345063323,2023-06-17 15:48:31,277.03,Collect Request,Not applicable,Gujarat,Canara Bank,Google Pay,Android,36-45,1933,1,4,FAILED,0,Not fraud,
597223336919,2023-06-17 17:15:29,317.96,P2M,Travel & Transport,Telangana,Other,PhonePe,Android,26-35,293,0,3,SUCCESS,0,Not fraud,
859069963770,2023-06-17 20:57:09,820.82,P2M,Telecom & Recharge,West Bengal,ICICI Bank,Other,Android,18-25,202,0,3,SUCCESS,0,Not fraud,
818129064790,2023-06-18 12:02:49,1364.62,P2M,Others,Maharashtra,ICICI Bank,Google Pay,iOS,26-35,1004,0,3,SUCCESS,0,Not fraud,
729920438479,2023-06-19 12:23:22,68.02,P2M,Healthcare,Rajasthan,Other,CRED,Android,26-35,4216,0,5,DEEMED,0,Not fraud,
469853902610,2023-06-19 18:52:25,1485.46,P2M,E-commerce,Andhra Pradesh,ICICI Bank,Google Pay,Android,26-35,141,0,4,SUCCESS,0,Not fraud,
501713648870,2023-06-19 19:56:15,121.15,P2M,Telecom & Recharge,Andhra Pradesh,Kotak Mahindra Bank,PhonePe,iOS,18-25,3353,0,3,SUCCESS,0,Not fraud,
814921232743,2023-06-20 13:06:48,1385.76,P2P,Not applicable,Bihar,ICICI Bank,PhonePe,Android,36-45,328,0,1,SUCCESS,0,Not fraud,
906610077783,2023-06-20 21:01:12,1581.61,P2M,Education,Gujarat,Canara Bank,PhonePe,Android,46-59,304,0,3,SUCCESS,0,Not fraud,
402126588749,2023-06-20 23:37:57,460.67,P2M,Grocery & Supermarkets,Andhra Pradesh,Other,Google Pay,iOS,26-35,1200,0,3,SUCCESS,0,Not fraud,
374661760653,2023-06-21 07:59:16,370.0,P2P,Not applicable,Tamil Nadu,Indian Bank,PhonePe,Android,46-59,397,0,2,SUCCESS,0,Not fraud,
454130625199,2023-06-21 10:20:59,1570.0,P2M,Grocery & Supermarkets,Maharashtra,Axis Bank,Google Pay,iOS,46-59,417,0,4,SUCCESS,0,Not fraud,
585726918200,2023-06-21 21:03:23,700.0,Autopay/Mandate,Financial Services,Maharashtra,Canara Bank,PhonePe,Android,26-35,244,0,2,SUCCESS,0,Not fraud,
782839525489,2023-06-21 21:04:14,90.12,P2M,Utilities,Maharashtra,HDFC Bank,CRED,iOS,36-45,1922,0,6,SUCCESS,0,Not fraud,
490465392489,2023-06-22 11:58:50,1379.03,P2M,Grocery & Supermarkets,Bihar,IndusInd Bank,PhonePe,Android,26-35,598,1,7,SUCCESS,0,Not fraud,
428160376608,2023-06-22 12:55:40,7092.87,P2P,Not applicable,Uttar Pradesh,Axis Bank,Google Pay,Android,18-25,156,0,2,SUCCESS,1,Fake Customer Care,12.5
378929086994,2023-06-22 15:22:35,812.79,P2M,Education,Gujarat,HDFC Bank,PhonePe,Android,26-35,175,1,5,SUCCESS,0,Not fraud,
703811924620,2023-06-22 19:00:25,280.0,P2M,Telecom & Recharge,Maharashtra,Other,Amazon Pay,Android,46-59,1381,0,3,SUCCESS,0,Not fraud,
931773940440,2023-06-22 20:02:07,791.73,P2P,Not applicable,Gujarat,Bank of Baroda,Google Pay,Android,26-35,844,0,5,SUCCESS,0,Not fraud,
303973104255,2023-06-23 11:23:00,5690.0,P2P,Not applicable,Bihar,State Bank of India,PhonePe,Android,36-45,410,0,2,SUCCESS,1,Fake Customer Care,4.5
612497904335,2023-06-23 13:29:48,740.0,P2M,Grocery & Supermarkets,Madhya Pradesh,State Bank of India,PhonePe,Android,36-45,3181,0,8,SUCCESS,0,Not fraud,
450413977975,2023-06-23 19:40:09,830.0,Autopay/Mandate,Financial Services,Rajasthan,ICICI Bank,PhonePe,Android,36-45,296,0,4,SUCCESS,0,Not fraud,
109576708134,2023-06-23 21:44:34,9000.0,P2P,Not applicable,Gujarat,State Bank of India,Google Pay,Android,18-25,90,0,5,SUCCESS,0,Not fraud,
586722396720,2023-06-24 11:32:06,600.0,Autopay/Mandate,Financial Services,Telangana,Axis Bank,PhonePe,Android,36-45,172,0,5,SUCCESS,0,Not fraud,
704846772906,2023-06-24 18:42:04,300.0,Bill Payment,Education,Karnataka,State Bank of India,Paytm,Android,18-25,666,0,1,SUCCESS,0,Not fraud,
158592631035,2023-06-24 19:31:49,304.31,P2M,Education,Karnataka,Other,CRED,Android,26-35,1075,0,5,SUCCESS,0,Not fraud,
922695734334,2023-06-24 20:06:09,680.0,P2P,Not applicable,Karnataka,State Bank of India,PhonePe,Android,26-35,117,0,5,SUCCESS,0,Not fraud,
300517694726,2023-06-25 10:31:35,2200.0,P2M,Grocery & Supermarkets,Maharashtra,State Bank of India,Google Pay,Android,18-25,333,0,3,FAILED,0,Not fraud,
602758355974,2023-06-25 13:10:56,350.0,Autopay/Mandate,Entertainment & OTT,Kerala,HDFC Bank,Google Pay,Android,36-45,306,0,3,SUCCESS,0,Not fraud,
883786104928,2023-06-26 15:51:06,30.0,P2M,Food & Dining,Gujarat,Other,PhonePe,Android,36-45,390,0,4,SUCCESS,0,Not fraud,
710724906499,2023-06-26 19:46:20,600.0,P2M,Grocery & Supermarkets,Maharashtra,Other,Paytm,Android,46-59,1056,0,1,SUCCESS,1,Merchant Impersonation,58.3
876751362448,2023-06-27 09:10:49,100.0,P2M,Telecom & Recharge,Karnataka,Bank of India,PhonePe,Android,26-35,3250,0,5,SUCCESS,0,Not fraud,
873289492551,2023-06-27 09:13:24,200.0,P2M,Others,Tamil Nadu,Kotak Mahindra Bank,PhonePe,Android,26-35,3827,1,4,SUCCESS,0,Not fraud,
766423086376,2023-06-27 10:46:12,1550.0,Autopay/Mandate,Education,Maharashtra,HDFC Bank,Google Pay,Android,36-45,2490,0,1,SUCCESS,0,Not fraud,
992877389425,2023-06-27 11:27:59,600.0,Autopay/Mandate,Entertainment & OTT,West Bengal,Other,PhonePe,Android,46-59,288,0,3,SUCCESS,0,Not fraud,
600681578023,2023-06-27 12:02:35,301.61,P2M,Food & Dining,Andhra Pradesh,Other,Google Pay,Android,18-25,3778,1,6,SUCCESS,0,Not fraud,
485688803338,2023-06-27 16:04:10,4881.72,P2M,Fuel,Telangana,State Bank of India,Google Pay,Android,26-35,839,0,5,SUCCESS,0,Not fraud,
567607439077,2023-06-27 22:11:30,210.59,Collect Request,Not applicable,Gujarat,Axis Bank,Google Pay,Android,46-59,671,0,1,SUCCESS,0,Not fraud,
211157899472,2023-06-28 09:57:07,565.32,P2M,Grocery & Supermarkets,Tamil Nadu,Canara Bank,PhonePe,Android,26-35,613,0,1,SUCCESS,0,Not fraud,
771871371016,2023-06-28 18:38:40,1613.7,P2M,Grocery & Supermarkets,Andhra Pradesh,State Bank of India,Paytm,Android,18-25,1741,1,2,SUCCESS,1,QR Code Scam,13.2
572097100821,2023-06-29 12:54:54,1800.0,P2P,Not applicable,Telangana,HDFC Bank,PhonePe,Android,46-59,1434,0,4,SUCCESS,0,Not fraud,
357237414519,2023-06-29 23:17:15,1140.0,P2M,Travel & Transport,Maharashtra,ICICI Bank,Google Pay,Android,60+,1118,0,5,SUCCESS,0,Not fraud,
538590781148,2023-06-30 00:10:25,394.52,P2M,E-commerce,Delhi,Axis Bank,Google Pay,Android,46-59,181,1,8,SUCCESS,0,Not fraud,
897010416217,2023-06-30 09:12:11,278.23,Autopay/Mandate,Utilities,Telangana,State Bank of India,PhonePe,iOS,36-45,985,0,3,SUCCESS,0,Not fraud,
893432076110,2023-06-30 14:51:00,190.0,P2M,Entertainment & OTT,Haryana,Yes Bank,Google Pay,iOS,26-35,1511,0,6,SUCCESS,0,Not fraud,
306418070574,2023-06-30 17:23:41,447.3,P2M,Food & Dining,Uttarakhand,State Bank of India,PhonePe,iOS,26-35,628,0,4,SUCCESS,0,Not fraud,
763388009494,2023-06-30 18:07:53,24400.0,P2P,Not applicable,Rajasthan,HDFC Bank,Google Pay,Android,60+,279,0,2,SUCCESS,1,Remote Access App Scam,22.8
803103374491,2023-07-01 12:24:26,62.95,P2M,Grocery & Supermarkets,West Bengal,Kotak Mahindra Bank,PhonePe,Android,36-45,65,1,7,SUCCESS,0,Not fraud,
842487401827,2023-07-01 16:20:31,764.85,P2P,Not applicable,Rajasthan,Other,Google Pay,iOS,46-59,647,0,2,SUCCESS,0,Not fraud,
919569324922,2023-07-01 19:01:11,7620.0,P2P,Not applicable,Bihar,Other,Paytm,Android,26-35,143,1,4,SUCCESS,1,Phishing/Vishing,12.8
922741859378,2023-07-01 19:51:30,289.36,P2M,Travel & Transport,Maharashtra,HDFC Bank,PhonePe,Android,60+,130,0,4,SUCCESS,0,Not fraud,
895781627121,2023-07-02 09:18:16,1800.0,P2P,Not applicable,Tamil Nadu,ICICI Bank,Google Pay,Android,60+,3639,1,3,SUCCESS,0,Not fraud,
500121109338,2023-07-02 18:55:42,1150.0,P2M,Fuel,Bihar,Axis Bank,Other,Android,26-35,114,0,8,SUCCESS,0,Not fraud,
128080957901,2023-07-02 20:48:26,400.0,Autopay/Mandate,Education,Rajasthan,Bank of Baroda,PhonePe,Android,60+,344,0,3,SUCCESS,0,Not fraud,
748656162107,2023-07-03 06:30:13,1332.5,Collect Request,Not applicable,Odisha,Bank of Baroda,PhonePe,Feature Phone (USSD),36-45,124,1,4,SUCCESS,0,Not fraud,
626782486300,2023-07-03 14:36:39,450.0,P2M,Grocery & Supermarkets,Karnataka,Indian Bank,PhonePe,iOS,26-35,3040,1,6,SUCCESS,0,Not fraud,
205988834993,2023-07-03 19:19:04,440.09,P2M,Food & Dining,Madhya Pradesh,Bank of Baroda,PhonePe,Android,36-45,1962,0,4,SUCCESS,0,Not fraud,
237570678545,2023-07-04 08:04:48,389.67,P2P,Not applicable,Delhi,Other,PhonePe,Android,36-45,220,0,2,SUCCESS,0,Not fraud,
293132366214,2023-07-04 17:19:51,2617.14,Bill Payment,Education,Uttar Pradesh,Bank of India,CRED,Android,36-45,623,0,2,SUCCESS,0,Not fraud,
819974634018,2023-07-04 21:17:37,810.0,P2M,Grocery & Supermarkets,Uttar Pradesh,State Bank of India,Google Pay,iOS,18-25,6000,0,7,SUCCESS,0,Not fraud,
428507715732,2023-07-05 19:17:12,520.0,P2P,Not applicable,Rajasthan,Canara Bank,PhonePe,iOS,46-59,550,0,1,SUCCESS,0,Not fraud,
853707206260,2023-07-05 19:31:11,1180.0,Bill Payment,Utilities,Uttar Pradesh,Other,PhonePe,Android,26-35,98,0,2,SUCCESS,0,Not fraud,
247774235340,2023-07-05 20:45:31,497.51,P2M,Travel & Transport,Himachal Pradesh,HDFC Bank,Google Pay,Android,36-45,1855,0,7,SUCCESS,0,Not fraud,
283564823679,2023-07-06 17:30:21,810.0,P2P,Not applicable,Haryana,State Bank of India,BHIM,Android,26-35,3299,1,3,SUCCESS,0,Not fraud,
367017479572,2023-07-06 20:32:20,5858.11,P2M,Grocery & Supermarkets,Rajasthan,Punjab National Bank,PhonePe,Android,36-45,6000,0,3,SUCCESS,0,Not fraud,
481608285946,2023-07-06 23:27:00,1380.0,P2M,E-commerce,Tamil Nadu,Other,PhonePe,Android,26-35,248,0,4,SUCCESS,0,Not fraud,
482968362089,2023-07-07 06:46:27,260.0,Autopay/Mandate,Financial Services,Bihar,ICICI Bank,PhonePe,iOS,26-35,649,0,4,SUCCESS,0,Not fraud,
753390692696,2023-07-07 13:49:41,697.96,P2M,Travel & Transport,Telangana,Axis Bank,Google Pay,Android,46-59,100,0,3,SUCCESS,0,Not fraud,
919108043962,2023-07-07 15:25:07,100.0,P2P,Not applicable,Delhi,State Bank of India,BHIM,Android,46-59,32,0,5,SUCCESS,0,Not fraud,
266770932258,2023-07-07 15:41:57,247.11,Collect Request,Not applicable,Andhra Pradesh,ICICI Bank,PhonePe,Android,18-25,1364,0,3,SUCCESS,0,Not fraud,
828699260505,2023-07-07 18:46:09,787.27,Collect Request,Not applicable,Delhi,State Bank of India,Google Pay,Android,26-35,3249,1,6,SUCCESS,1,Fake Collect Request,15.9
311005778523,2023-07-07 23:07:19,3820.0,P2P,Not applicable,Kerala,Canara Bank,PhonePe,Android,46-59,247,0,2,SUCCESS,0,Not fraud,
686977476592,2023-07-08 13:02:14,355.38,P2P,Not applicable,Rajasthan,State Bank of India,Google Pay,Android,26-35,820,0,2,SUCCESS,0,Not fraud,
557948576004,2023-07-08 14:21:07,402.18,P2P,Not applicable,Maharashtra,HDFC Bank,PhonePe,iOS,46-59,2249,0,3,SUCCESS,0,Not fraud,
330656163584,2023-07-08 19:11:13,119.66,P2P,Not applicable,Madhya Pradesh,Axis Bank,Google Pay,Android,18-25,629,0,2,SUCCESS,0,Not fraud,
534688894906,2023-07-09 12:33:47,100.0,P2M,Financial Services,Jammu & Kashmir,State Bank of India,Paytm,iOS,18-25,1161,0,4,SUCCESS,0,Not fraud,
372139740420,2023-07-09 19:33:42,620.0,Collect Request,Not applicable,Jammu & Kashmir,Kotak Mahindra Bank,PhonePe,Android,36-45,934,1,5,SUCCESS,0,Not fraud,
605262429399,2023-07-10 11:52:52,1600.0,P2M,Education,Telangana,Bank of India,Google Pay,iOS,26-35,41,0,5,SUCCESS,0,Not fraud,
342483562424,2023-07-10 18:38:37,200.0,Autopay/Mandate,Entertainment & OTT,Uttar Pradesh,HDFC Bank,PhonePe,Android,18-25,253,0,4,SUCCESS,0,Not fraud,
492640993453,2023-07-11 06:44:25,133.25,P2P,Not applicable,Odisha,Bank of India,Paytm,Android,18-25,1718,0,3,SUCCESS,0,Not fraud,
984525915821,2023-07-11 11:07:08,1725.92,Collect Request,Not applicable,Gujarat,Bank of India,Google Pay,iOS,26-35,1066,0,3,SUCCESS,0,Not fraud,
182465089256,2023-07-11 12:10:18,195.69,P2P,Not applicable,Haryana,Kotak Mahindra Bank,PhonePe,Android,18-25,276,0,3,SUCCESS,0,Not fraud,
853706865569,2023-07-11 16:11:59,1300.0,P2P,Not applicable,Andhra Pradesh,Kotak Mahindra Bank,PhonePe,Android,36-45,316,0,1,SUCCESS,0,Not fraud,
495398178047,2023-07-11 17:09:09,3350.0,P2P,Not applicable,Odisha,State Bank of India,PhonePe,Android,46-59,1370,0,3,SUCCESS,0,Not fraud,
666207249190,2023-07-11 17:49:08,965.76,P2M,E-commerce,West Bengal,Kotak Mahindra Bank,Google Pay,Android,26-35,2444,1,6,SUCCESS,0,Not fraud,
604863671941,2023-07-13 18:02:45,948.9,P2P,Not applicable,Rajasthan,Bank of India,PhonePe,Android,18-25,964,1,2,SUCCESS,0,Not fraud,
817173069929,2023-07-13 18:27:00,1780.0,Autopay/Mandate,Telecom & Recharge,Tamil Nadu,ICICI Bank,Google Pay,iOS,36-45,4291,0,1,SUCCESS,0,Not fraud,
505676402701,2023-07-13 23:14:48,490.0,Autopay/Mandate,Entertainment & OTT,Chhattisgarh,Kotak Mahindra Bank,Google Pay,Android,26-35,4977,0,6,SUCCESS,0,Not fraud,
489317065403,2023-07-14 09:50:27,190.0,P2P,Not applicable,Karnataka,Punjab National Bank,PhonePe,iOS,18-25,655,0,2,SUCCESS,0,Not fraud,
451367752579,2023-07-14 16:52:23,891.83,Autopay/Mandate,Financial Services,Uttar Pradesh,State Bank of India,Google Pay,iOS,18-25,1508,0,5,SUCCESS,0,Not fraud,
195956365039,2023-07-14 18:48:57,1140.0,P2M,Telecom & Recharge,Karnataka,State Bank of India,PhonePe,Android,18-25,305,0,4,SUCCESS,0,Not fraud,
610782536957,2023-07-14 20:03:36,301.67,P2P,Not applicable,Odisha,Canara Bank,PhonePe,Android,26-35,477,1,3,SUCCESS,0,Not fraud,
137766259903,2023-07-15 16:39:42,3426.02,P2M,Fuel,Gujarat,ICICI Bank,PhonePe,Android,18-25,370,0,4,SUCCESS,0,Not fraud,
310130635538,2023-07-15 19:17:42,2032.17,P2P,Not applicable,Uttar Pradesh,HDFC Bank,PhonePe,Android,46-59,4452,0,2,SUCCESS,0,Not fraud,
899290174638,2023-07-15 20:39:51,2282.59,P2M,Education,Andhra Pradesh,State Bank of India,PhonePe,Android,36-45,394,0,4,SUCCESS,0,Not fraud,
839808097208,2023-07-16 07:49:15,549.5,P2P,Not applicable,Odisha,Canara Bank,PhonePe,Android,26-35,885,0,2,SUCCESS,0,Not fraud,
822584043143,2023-07-16 10:00:43,39.51,P2M,Grocery & Supermarkets,Meghalaya,State Bank of India,Google Pay,Android,18-25,804,0,3,SUCCESS,0,Not fraud,
614572444289,2023-07-16 15:00:36,430.0,P2M,Grocery & Supermarkets,Haryana,HDFC Bank,Paytm,Android,18-25,6000,0,4,SUCCESS,0,Not fraud,
378181107824,2023-07-17 14:37:27,2600.0,P2M,Healthcare,Punjab,Indian Bank,Google Pay,Feature Phone (USSD),26-35,51,1,3,SUCCESS,0,Not fraud,
333591769391,2023-07-18 12:51:02,200.0,P2P,Not applicable,Maharashtra,State Bank of India,Paytm,Android,46-59,477,0,1,SUCCESS,0,Not fraud,
342580901007,2023-07-18 19:54:59,800.0,P2P,Not applicable,Tamil Nadu,State Bank of India,Paytm,Android,36-45,1231,0,1,SUCCESS,0,Not fraud,
936795055969,2023-07-18 20:39:20,300.0,P2M,E-commerce,Tamil Nadu,ICICI Bank,PhonePe,Android,26-35,5999,0,6,SUCCESS,0,Not fraud,
313448049389,2023-07-19 01:39:41,407.1,P2M,Travel & Transport,Telangana,Punjab National Bank,BHIM,Android,26-35,852,1,5,SUCCESS,0,Not fraud,
229829602549,2023-07-19 12:07:30,200.0,P2M,Food & Dining,Maharashtra,Other,PhonePe,Android,18-25,4445,0,5,SUCCESS,0,Not fraud,
691518048972,2023-07-19 13:57:09,900.0,P2M,Travel & Transport,Uttar Pradesh,State Bank of India,PhonePe,Android,18-25,2019,0,8,SUCCESS,0,Not fraud,
897176338888,2023-07-19 15:40:19,1590.0,Bill Payment,Utilities,Karnataka,ICICI Bank,PhonePe,Android,18-25,461,0,4,SUCCESS,0,Not fraud,
826225634271,2023-07-19 20:16:01,2048.0,Collect Request,Not applicable,Madhya Pradesh,Punjab National Bank,PhonePe,Android,18-25,6000,1,2,SUCCESS,1,Fake Collect Request,128.3
722865856295,2023-07-19 20:49:36,280.0,P2M,Fuel,Assam,State Bank of India,PhonePe,Android,36-45,148,0,8,SUCCESS,0,Not fraud,
232860819616,2023-07-20 13:48:13,3720.0,P2M,Grocery & Supermarkets,Haryana,Other,PhonePe,iOS,18-25,212,0,5,SUCCESS,0,Not fraud,
989977683155,2023-07-20 22:05:07,700.0,P2P,Not applicable,Madhya Pradesh,HDFC Bank,Google Pay,Android,18-25,29,1,1,SUCCESS,1,Phishing/Vishing,50.7
930852146399,2023-07-20 23:48:39,30459.87,P2P,Not applicable,Delhi,State Bank of India,Google Pay,Android,26-35,341,1,1,SUCCESS,1,SIM Swap/Account Takeover,3.4
704044667076,2023-07-21 05:52:35,17852.9,P2M,Financial Services,Uttar Pradesh,Punjab National Bank,Paytm,Android,26-35,1128,1,9,SUCCESS,1,Investment/Task Scam,17.1
643406336401,2023-07-21 12:35:01,1600.0,P2P,Not applicable,West Bengal,HDFC Bank,PhonePe,Android,18-25,2846,0,1,SUCCESS,0,Not fraud,
147796024074,2023-07-21 17:58:00,589.04,P2P,Not applicable,Haryana,Axis Bank,Google Pay,iOS,18-25,516,1,2,SUCCESS,0,Not fraud,
815013929663,2023-07-21 21:17:28,270.0,P2M,Grocery & Supermarkets,Rajasthan,ICICI Bank,PhonePe,Android,36-45,793,0,3,SUCCESS,0,Not fraud,
294548263799,2023-07-22 07:06:25,4195.37,P2P,Not applicable,Maharashtra,Union Bank of India,PhonePe,Android,26-35,205,0,4,SUCCESS,0,Not fraud,
336206864787,2023-07-22 14:12:18,400.0,P2P,Not applicable,Telangana,State Bank of India,PhonePe,Android,36-45,2575,0,3,SUCCESS,0,Not fraud,
212778452183,2023-07-22 16:45:39,1710.0,Collect Request,Not applicable,Delhi,ICICI Bank,Google Pay,Android,26-35,1095,0,5,SUCCESS,0,Not fraud,
483944046927,2023-07-22 18:31:36,110.0,P2M,Entertainment & OTT,Goa,HDFC Bank,Google Pay,Android,18-25,599,0,4,SUCCESS,0,Not fraud,
599433357020,2023-07-23 15:55:51,170.0,P2M,Grocery & Supermarkets,Uttarakhand,State Bank of India,Google Pay,Android,36-45,1402,0,4,SUCCESS,0,Not fraud,
612575348457,2023-07-23 17:29:50,387.56,Autopay/Mandate,Entertainment & OTT,Kerala,HDFC Bank,PhonePe,iOS,18-25,51,0,4,SUCCESS,0,Not fraud,
219095343445,2023-07-24 17:32:50,719.99,P2M,Grocery & Supermarkets,Gujarat,Other,PhonePe,iOS,18-25,437,0,2,SUCCESS,0,Not fraud,
871114559234,2023-07-24 17:48:09,630.0,P2P,Not applicable,Gujarat,Other,Google Pay,Android,26-35,455,0,3,SUCCESS,0,Not fraud,
613944182230,2023-07-25 09:48:54,113.71,Autopay/Mandate,Entertainment & OTT,Madhya Pradesh,Other,Amazon Pay,Android,18-25,336,0,4,SUCCESS,0,Not fraud,
237942850895,2023-07-25 10:12:50,1050.0,P2P,Not applicable,Chandigarh,Indian Bank,PhonePe,Feature Phone (USSD),26-35,356,0,1,SUCCESS,0,Not fraud,
871720641275,2023-07-25 14:04:11,140.0,P2P,Not applicable,Odisha,Bank of India,Google Pay,Android,18-25,6000,0,2,SUCCESS,0,Not fraud,
429015950847,2023-07-25 19:28:33,450.0,P2P,Not applicable,Jammu & Kashmir,Other,Paytm,Android,26-35,404,0,5,SUCCESS,0,Not fraud,
697079042316,2023-07-25 22:40:54,10590.0,P2P,Not applicable,Andhra Pradesh,State Bank of India,BHIM,Android,60+,167,1,2,SUCCESS,1,Phishing/Vishing,79.8
691772403386,2023-07-26 10:13:53,40.0,P2M,Telecom & Recharge,Uttar Pradesh,State Bank of India,Google Pay,Android,18-25,224,0,5,SUCCESS,0,Not fraud,
962822257392,2023-07-26 10:25:35,100.0,P2M,Utilities,Gujarat,Axis Bank,PhonePe,Android,26-35,162,0,5,SUCCESS,0,Not fraud,
866256739875,2023-07-26 12:03:26,36350.0,P2M,Education,West Bengal,Other,Google Pay,Android,18-25,1559,0,6,SUCCESS,1,Investment/Task Scam,21.1
509886166556,2023-07-26 19:28:42,1596.72,P2P,Not applicable,Andhra Pradesh,Canara Bank,PhonePe,Android,18-25,246,0,2,SUCCESS,0,Not fraud,
565196633985,2023-07-26 19:54:55,2700.0,Bill Payment,Financial Services,West Bengal,Union Bank of India,Google Pay,Android,26-35,129,0,1,SUCCESS,0,Not fraud,
392619126937,2023-07-27 08:52:27,2258.19,P2P,Not applicable,Karnataka,HDFC Bank,Google Pay,Android,26-35,890,0,4,SUCCESS,0,Not fraud,
629238789681,2023-07-27 11:16:28,31042.62,Collect Request,Not applicable,Uttar Pradesh,IndusInd Bank,Google Pay,Android,26-35,704,0,5,SUCCESS,0,Not fraud,
746441098847,2023-07-27 16:18:07,860.0,P2P,Not applicable,West Bengal,State Bank of India,PhonePe,Android,26-35,886,1,6,SUCCESS,0,Not fraud,
439953534420,2023-07-27 16:28:21,1213.09,Bill Payment,Financial Services,Maharashtra,HDFC Bank,PhonePe,Android,18-25,219,0,4,DEEMED,0,Not fraud,
239969900786,2023-07-27 21:38:57,2570.0,P2P,Not applicable,Karnataka,Bank of Baroda,Google Pay,Android,26-35,8,1,4,SUCCESS,0,Not fraud,
415550071594,2023-07-27 22:40:44,1400.0,P2M,Utilities,Gujarat,Other,BHIM,Android,18-25,236,0,3,SUCCESS,0,Not fraud,
961521979896,2023-07-28 12:33:49,207.74,P2M,Telecom & Recharge,Bihar,Other,PhonePe,Android,36-45,542,0,4,SUCCESS,0,Not fraud,
370826991346,2023-07-29 08:10:36,2885.09,Autopay/Mandate,Financial Services,Telangana,Kotak Mahindra Bank,Google Pay,Android,26-35,1694,0,5,SUCCESS,0,Not fraud,
312773638362,2023-07-30 11:58:03,2295.13,P2M,E-commerce,Delhi,State Bank of India,Google Pay,Android,26-35,584,0,5,SUCCESS,0,Not fraud,
876352004812,2023-07-30 12:46:01,564.97,P2M,E-commerce,Telangana,State Bank of India,Google Pay,Android,26-35,545,0,5,SUCCESS,0,Not fraud,
913387805495,2023-07-30 13:37:43,6895.18,P2P,Not applicable,Gujarat,Axis Bank,PhonePe,Android,26-35,220,0,3,SUCCESS,0,Not fraud,
474390339473,2023-07-30 14:46:22,3890.0,Autopay/Mandate,Financial Services,Andhra Pradesh,ICICI Bank,PhonePe,Android,36-45,191,0,3,SUCCESS,0,Not fraud,
722171309834,2023-07-30 17:30:51,288.41,P2M,Food & Dining,Tamil Nadu,Kotak Mahindra Bank,Google Pay,Android,18-25,723,0,5,SUCCESS,0,Not fraud,
975005951224,2023-07-30 23:01:21,1200.0,P2P,Not applicable,Jharkhand,HDFC Bank,PhonePe,Android,26-35,527,0,2,SUCCESS,0,Not fraud,
450679600109,2023-07-31 20:17:35,400.0,Bill Payment,Utilities,Telangana,Other,PhonePe,Android,26-35,550,0,2,SUCCESS,0,Not fraud,
988053388714,2023-08-01 10:44:18,480.0,P2M,Entertainment & OTT,Punjab,Bank of Baroda,PhonePe,Android,26-35,945,0,5,SUCCESS,0,Not fraud,
947201523559,2023-08-01 13:02:44,1470.0,Bill Payment,Utilities,Maharashtra,Yes Bank,Google Pay,iOS,36-45,2803,0,1,SUCCESS,0,Not fraud,
339997729038,2023-08-01 17:21:02,1860.0,P2M,Grocery & Supermarkets,Telangana,State Bank of India,PhonePe,Android,18-25,2058,0,6,SUCCESS,0,Not fraud,
634409330835,2023-08-01 19:01:02,285.18,P2M,Entertainment & OTT,Telangana,HDFC Bank,CRED,Android,36-45,251,0,4,SUCCESS,0,Not fraud,
708823845189,2023-08-01 19:13:55,600.0,Bill Payment,Utilities,Rajasthan,Punjab National Bank,PhonePe,Android,18-25,3845,0,2,SUCCESS,0,Not fraud,
888327853943,2023-08-02 17:28:05,900.0,P2M,Food & Dining,Assam,Kotak Mahindra Bank,PhonePe,iOS,26-35,219,1,4,SUCCESS,0,Not fraud,
229150193111,2023-08-02 19:43:27,1429.45,P2P,Not applicable,Odisha,Other,PhonePe,Android,26-35,454,0,4,SUCCESS,0,Not fraud,
740066302618,2023-08-03 00:37:00,7700.0,Collect Request,Not applicable,Chhattisgarh,Kotak Mahindra Bank,PhonePe,Android,26-35,113,0,4,SUCCESS,1,Phishing/Vishing,8.2
303426568374,2023-08-03 09:22:55,1500.0,Collect Request,Not applicable,Tamil Nadu,State Bank of India,Amazon Pay,Android,46-59,169,0,4,SUCCESS,0,Not fraud,
170289831886,2023-08-03 15:22:50,1000.0,Autopay/Mandate,Entertainment & OTT,Assam,IndusInd Bank,Paytm,Android,26-35,698,0,4,SUCCESS,0,Not fraud,
152099667938,2023-08-03 15:28:34,347.52,P2M,Entertainment & OTT,Rajasthan,HDFC Bank,Google Pay,Android,36-45,4596,0,4,SUCCESS,0,Not fraud,
631507574728,2023-08-03 19:48:22,1000.0,Bill Payment,Utilities,Karnataka,ICICI Bank,PhonePe,Android,26-35,296,0,4,SUCCESS,0,Not fraud,
330479049579,2023-08-04 07:54:13,1300.0,P2P,Not applicable,Madhya Pradesh,HDFC Bank,PhonePe,iOS,18-25,908,0,3,SUCCESS,0,Not fraud,
479569499119,2023-08-04 17:59:55,100.0,P2M,Financial Services,Tamil Nadu,Kotak Mahindra Bank,Paytm,Android,46-59,703,0,3,SUCCESS,0,Not fraud,
541813586940,2023-08-04 19:38:00,755.79,P2M,E-commerce,Punjab,Bank of Baroda,Google Pay,Android,36-45,412,1,2,SUCCESS,0,Not fraud,
984423456371,2023-08-04 20:51:16,299.11,P2M,Entertainment & OTT,Maharashtra,Other,PhonePe,Android,36-45,64,1,5,SUCCESS,0,Not fraud,
877779902899,2023-08-04 23:48:27,746.83,Bill Payment,Financial Services,Maharashtra,HDFC Bank,Google Pay,iOS,18-25,1276,0,1,SUCCESS,0,Not fraud,
562415123915,2023-08-05 07:25:44,1650.0,P2M,Fuel,Tamil Nadu,HDFC Bank,Google Pay,Android,36-45,6000,0,5,PENDING,0,Not fraud,
203717107082,2023-08-05 19:14:16,100.0,P2M,Others,Delhi,Bank of Baroda,PhonePe,Android,26-35,3845,0,6,SUCCESS,0,Not fraud,
830153144978,2023-08-06 07:13:43,2500.0,P2M,Healthcare,Uttar Pradesh,HDFC Bank,Google Pay,Android,18-25,431,0,2,SUCCESS,0,Not fraud,
594263272411,2023-08-06 12:05:40,4410.0,P2P,Not applicable,Uttarakhand,Union Bank of India,Google Pay,iOS,18-25,2163,0,3,SUCCESS,0,Not fraud,
302093955767,2023-08-06 12:58:32,1680.0,P2M,Others,Madhya Pradesh,State Bank of India,Google Pay,Android,26-35,3774,0,5,SUCCESS,0,Not fraud,
755911632826,2023-08-06 13:36:12,2000.0,P2P,Not applicable,Bihar,Bank of India,PhonePe,Android,60+,349,0,5,SUCCESS,0,Not fraud,
227293610699,2023-08-06 16:23:31,1137.73,Bill Payment,Utilities,Madhya Pradesh,Indian Bank,Google Pay,Android,18-25,6000,0,5,SUCCESS,0,Not fraud,
598428344619,2023-08-06 16:43:12,200.0,Autopay/Mandate,Entertainment & OTT,Telangana,HDFC Bank,Google Pay,Android,18-25,122,0,4,SUCCESS,0,Not fraud,
883663860823,2023-08-06 20:25:40,530.0,P2M,Fuel,West Bengal,Bank of Baroda,PhonePe,Android,26-35,576,0,6,SUCCESS,0,Not fraud,
247662168120,2023-08-06 23:11:41,34800.0,P2P,Not applicable,Maharashtra,State Bank of India,Google Pay,Android,18-25,1364,1,3,SUCCESS,1,Fake Customer Care,125.9
155700191146,2023-08-07 23:24:05,1600.0,Bill Payment,Utilities,Kerala,State Bank of India,Google Pay,Android,26-35,510,0,3,SUCCESS,0,Not fraud,
684089958063,2023-08-08 00:06:27,600.0,P2P,Not applicable,Rajasthan,HDFC Bank,Google Pay,Android,18-25,560,0,5,SUCCESS,0,Not fraud,
932590285074,2023-08-08 13:12:15,42.88,P2P,Not applicable,Jammu & Kashmir,State Bank of India,Google Pay,iOS,26-35,149,1,3,SUCCESS,0,Not fraud,
751854367919,2023-08-08 16:58:57,200.0,P2P,Not applicable,Andhra Pradesh,Bank of India,PhonePe,Android,36-45,2215,1,2,SUCCESS,0,Not fraud,
700002312240,2023-08-08 17:25:15,103.3,Autopay/Mandate,Financial Services,Bihar,HDFC Bank,Google Pay,Android,26-35,1044,0,6,SUCCESS,0,Not fraud,
891439875709,2023-08-08 19:35:51,130.0,P2M,Food & Dining,Maharashtra,Other,Google Pay,Android,36-45,3109,0,4,SUCCESS,0,Not fraud,
255317961388,2023-08-08 21:00:20,87.92,P2P,Not applicable,Jharkhand,HDFC Bank,PhonePe,Android,18-25,78,0,2,SUCCESS,0,Not fraud,
926294796670,2023-08-09 09:59:52,150.0,P2M,Grocery & Supermarkets,West Bengal,Union Bank of India,PhonePe,Android,36-45,84,0,4,SUCCESS,0,Not fraud,
946484860583,2023-08-09 11:44:28,200.0,Autopay/Mandate,Entertainment & OTT,Chhattisgarh,State Bank of India,Google Pay,iOS,26-35,1622,0,4,SUCCESS,0,Not fraud,
584608820627,2023-08-09 16:51:39,859.08,P2M,Fuel,Haryana,Bank of Baroda,Google Pay,Android,46-59,363,0,1,SUCCESS,0,Not fraud,
307149005724,2023-08-10 16:03:39,454.73,Autopay/Mandate,Financial Services,Madhya Pradesh,Punjab National Bank,Google Pay,Android,18-25,46,0,1,SUCCESS,0,Not fraud,
536841795237,2023-08-10 17:13:29,200.0,P2M,Grocery & Supermarkets,Maharashtra,Other,Google Pay,Android,36-45,1400,0,4,SUCCESS,0,Not fraud,
807969548950,2023-08-11 15:12:54,910.0,P2M,Grocery & Supermarkets,Uttar Pradesh,State Bank of India,PhonePe,Android,26-35,1025,0,9,SUCCESS,0,Not fraud,
633108429268,2023-08-11 22:59:44,2236.61,Autopay/Mandate,Utilities,Rajasthan,ICICI Bank,Paytm,Android,46-59,446,1,2,SUCCESS,0,Not fraud,
200752454875,2023-08-12 13:09:59,630.0,P2P,Not applicable,Punjab,HDFC Bank,Google Pay,Android,26-35,1614,0,4,SUCCESS,0,Not fraud,
228465484787,2023-08-12 15:10:46,370.0,P2P,Not applicable,Uttar Pradesh,State Bank of India,Google Pay,Android,18-25,778,0,6,SUCCESS,0,Not fraud,
497174113190,2023-08-13 11:42:29,89.6,P2M,Utilities,Uttar Pradesh,State Bank of India,CRED,Android,26-35,6000,0,4,SUCCESS,0,Not fraud,
747385855102,2023-08-13 12:46:03,1260.0,P2P,Not applicable,Kerala,Kotak Mahindra Bank,Google Pay,Android,36-45,42,0,4,SUCCESS,0,Not fraud,
154456895973,2023-08-13 15:11:39,871.17,P2P,Not applicable,Odisha,IndusInd Bank,Google Pay,Android,26-35,29,1,5,SUCCESS,0,Not fraud,
324024569594,2023-08-13 15:19:08,902.63,P2M,Grocery & Supermarkets,Rajasthan,State Bank of India,PhonePe,Android,18-25,1026,0,4,SUCCESS,0,Not fraud,
417442666551,2023-08-13 16:43:18,2100.0,P2P,Not applicable,Odisha,ICICI Bank,Google Pay,Android,36-45,211,0,3,SUCCESS,0,Not fraud,
165483392463,2023-08-14 06:50:30,120.1,P2M,Food & Dining,Telangana,IndusInd Bank,Google Pay,Android,26-35,2671,0,9,SUCCESS,0,Not fraud,
677964313999,2023-08-14 16:51:29,3870.0,P2P,Not applicable,Punjab,Yes Bank,PhonePe,Android,18-25,1097,1,2,SUCCESS,0,Not fraud,
549660141910,2023-08-14 17:04:43,500.0,P2P,Not applicable,Uttar Pradesh,State Bank of India,Google Pay,Android,18-25,196,1,4,SUCCESS,0,Not fraud,
988054666622,2023-08-14 20:04:36,486.0,P2M,Grocery & Supermarkets,Maharashtra,State Bank of India,Google Pay,iOS,36-45,188,0,4,SUCCESS,0,Not fraud,
889296894816,2023-08-14 21:19:38,1320.0,P2M,Healthcare,Himachal Pradesh,Bank of India,PhonePe,Android,46-59,825,0,2,SUCCESS,0,Not fraud,
525939499730,2023-08-14 22:34:04,1899.61,P2P,Not applicable,Odisha,State Bank of India,Google Pay,Android,18-25,1988,0,3,SUCCESS,0,Not fraud,
763619826137,2023-08-17 00:24:08,290.0,P2M,Grocery & Supermarkets,Gujarat,Bank of Baroda,Google Pay,Android,26-35,633,0,4,SUCCESS,0,Not fraud,
845390454184,2023-08-18 20:55:19,1800.0,P2P,Not applicable,Karnataka,Bank of India,Google Pay,Android,26-35,522,0,4,SUCCESS,0,Not fraud,
202977714555,2023-08-18 22:57:39,693.74,Collect Request,Not applicable,Maharashtra,Kotak Mahindra Bank,PhonePe,Android,18-25,2407,1,3,SUCCESS,0,Not fraud,
776313810862,2023-08-18 23:08:44,458.48,P2M,E-commerce,Bihar,Axis Bank,PhonePe,Android,18-25,564,0,3,SUCCESS,0,Not fraud,
426695085768,2023-08-19 08:47:07,380.0,P2M,Fuel,Haryana,State Bank of India,BHIM,Android,36-45,79,0,6,SUCCESS,0,Not fraud,
693752683431,2023-08-19 20:00:32,534.36,P2P,Not applicable,Tamil Nadu,HDFC Bank,PhonePe,Android,26-35,23,0,3,SUCCESS,0,Not fraud,
201715937070,2023-08-20 05:49:23,236.54,Collect Request,Not applicable,Madhya Pradesh,Union Bank of India,Other,iOS,46-59,510,1,2,SUCCESS,0,Not fraud,
746577678689,2023-08-20 22:50:17,2755.88,P2P,Not applicable,Karnataka,Bank of Baroda,PhonePe,Android,36-45,590,0,3,SUCCESS,0,Not fraud,
148344427827,2023-08-21 21:42:41,294.12,P2P,Not applicable,Jammu & Kashmir,State Bank of India,Google Pay,Android,36-45,858,0,3,SUCCESS,0,Not fraud,
154544407981,2023-08-22 15:24:12,430.0,P2M,E-commerce,Haryana,State Bank of India,PhonePe,Feature Phone (USSD),18-25,754,1,1,FAILED,0,Not fraud,
608127242749,2023-08-22 21:17:59,610.0,P2M,E-commerce,Maharashtra,Union Bank of India,Google Pay,iOS,26-35,56,0,4,SUCCESS,0,Not fraud,
831528605612,2023-08-23 09:45:17,670.0,P2P,Not applicable,Andhra Pradesh,Other,PhonePe,Android,26-35,476,0,3,SUCCESS,0,Not fraud,
104063371635,2023-08-23 10:34:55,310.0,P2M,Grocery & Supermarkets,Uttarakhand,Axis Bank,PhonePe,Android,46-59,276,0,4,SUCCESS,0,Not fraud,
844904550924,2023-08-25 09:08:54,163.34,P2P,Not applicable,West Bengal,State Bank of India,PhonePe,Android,26-35,253,0,3,SUCCESS,0,Not fraud,
648553352670,2023-08-26 15:29:05,23242.54,P2P,Not applicable,Haryana,Other,PhonePe,Android,18-25,6000,1,2,SUCCESS,1,Investment/Task Scam,8.9
255167454060,2023-08-26 16:17:49,830.0,P2M,Entertainment & OTT,Telangana,Indian Bank,Google Pay,iOS,26-35,626,0,6,SUCCESS,0,Not fraud,
307250225983,2023-08-26 21:47:59,125.06,Autopay/Mandate,Financial Services,Tripura,Union Bank of India,PhonePe,iOS,60+,889,0,3,SUCCESS,0,Not fraud,
803359035593,2023-08-26 23:39:12,7800.0,P2P,Not applicable,Maharashtra,IDFC FIRST Bank,Google Pay,Android,26-35,471,1,4,SUCCESS,1,QR Code Scam,31.3
844959983938,2023-08-28 09:43:19,7169.08,P2P,Not applicable,Karnataka,State Bank of India,Google Pay,Android,46-59,3752,0,4,SUCCESS,0,Not fraud,
457617911691,2023-08-28 13:40:09,350.0,Collect Request,Not applicable,Uttar Pradesh,State Bank of India,PhonePe,iOS,46-59,150,1,3,SUCCESS,0,Not fraud,
807971342040,2023-08-28 21:55:22,430.01,Bill Payment,Education,Himachal Pradesh,Yes Bank,PhonePe,Android,36-45,3911,0,1,SUCCESS,0,Not fraud,
765050351915,2023-08-29 00:28:36,11290.0,P2P,Not applicable,Chhattisgarh,IDFC FIRST Bank,Google Pay,Android,60+,93,0,2,SUCCESS,0,Not fraud,
840607095878,2023-08-29 18:22:43,200.0,P2M,Grocery & Supermarkets,Maharashtra,Other,PhonePe,Android,26-35,376,0,7,SUCCESS,0,Not fraud,
586186018972,2023-08-29 21:47:45,674.32,P2M,Food & Dining,Chhattisgarh,Other,Paytm,Android,26-35,844,0,6,SUCCESS,0,Not fraud,
699780698749,2023-08-30 00:23:49,1174.15,P2P,Not applicable,Karnataka,State Bank of India,PhonePe,Android,60+,1666,0,3,DEEMED,0,Not fraud,
727377320585,2023-08-30 18:05:22,26980.0,P2P,Not applicable,Himachal Pradesh,Bank of India,PhonePe,Android,46-59,21,0,4,SUCCESS,1,Remote Access App Scam,13.2
726168935721,2023-08-30 19:48:34,4606.26,P2P,Not applicable,Karnataka,Punjab National Bank,PhonePe,Android,26-35,368,1,1,SUCCESS,1,SIM Swap/Account Takeover,28.7
476158072565,2023-08-30 21:21:54,371.25,Autopay/Mandate,Telecom & Recharge,Andhra Pradesh,IndusInd Bank,Google Pay,iOS,26-35,1098,0,4,SUCCESS,0,Not fraud,
699362278092,2023-08-30 23:02:34,820.0,P2M,Grocery & Supermarkets,Maharashtra,Other,Google Pay,Android,18-25,324,0,3,SUCCESS,0,Not fraud,
207245469837,2023-08-31 10:37:39,150.0,P2M,Food & Dining,Punjab,IDFC FIRST Bank,Google Pay,Android,26-35,1087,0,4,SUCCESS,0,Not fraud,
199530128483,2023-08-31 19:16:12,2335.09,P2P,Not applicable,Chhattisgarh,Canara Bank,PhonePe,iOS,18-25,215,0,2,SUCCESS,0,Not fraud,
489883267262,2023-08-31 20:30:55,1815.29,P2P,Not applicable,Odisha,Other,PhonePe,Android,26-35,1404,1,2,SUCCESS,0,Not fraud,
179558012871,2023-09-01 14:45:14,444.43,Bill Payment,Telecom & Recharge,Bihar,State Bank of India,Other,Android,26-35,6000,0,5,SUCCESS,0,Not fraud,
328929180234,2023-09-01 22:03:40,5342.32,Bill Payment,Utilities,Bihar,Bank of Baroda,PhonePe,iOS,36-45,203,0,3,FAILED,0,Not fraud,
815564377419,2023-09-02 10:55:44,3720.0,P2M,Utilities,Telangana,IDFC FIRST Bank,Google Pay,Android,18-25,302,1,2,SUCCESS,0,Not fraud,
418888809445,2023-09-02 15:03:53,2820.0,Autopay/Mandate,Utilities,Punjab,HDFC Bank,Paytm,Android,36-45,1594,0,4,SUCCESS,0,Not fraud,
260656884340,2023-09-02 16:38:44,4440.0,Collect Request,Not applicable,Karnataka,ICICI Bank,PhonePe,Android,26-35,2700,1,3,SUCCESS,1,Fake Collect Request,21.7
268239161504,2023-09-02 17:26:39,696.55,P2M,Fuel,West Bengal,ICICI Bank,Other,Android,46-59,64,0,5,SUCCESS,0,Not fraud,
821849592182,2023-09-02 19:04:59,1100.0,P2M,Utilities,Karnataka,Other,Google Pay,Android,18-25,2997,1,4,SUCCESS,0,Not fraud,
608774059846,2023-09-02 21:09:38,220.0,P2M,Healthcare,Haryana,State Bank of India,PhonePe,Android,36-45,752,1,4,SUCCESS,0,Not fraud,
859249674451,2023-09-03 11:47:33,85.2,P2M,Telecom & Recharge,Maharashtra,Union Bank of India,Google Pay,Android,26-35,393,0,4,SUCCESS,0,Not fraud,
386459261930,2023-09-03 13:00:00,753.68,P2M,Grocery & Supermarkets,Uttar Pradesh,Canara Bank,BHIM,Android,46-59,5633,0,8,SUCCESS,0,Not fraud,
480524702908,2023-09-03 13:42:08,400.0,P2M,Utilities,Gujarat,HDFC Bank,Google Pay,iOS,26-35,1504,0,1,SUCCESS,0,Not fraud,
533261735211,2023-09-03 19:08:41,429.02,P2M,Grocery & Supermarkets,Tamil Nadu,State Bank of India,PhonePe,Android,26-35,1063,0,3,SUCCESS,0,Not fraud,
753349789497,2023-09-03 20:10:39,3078.23,Collect Request,Not applicable,Maharashtra,Other,Paytm,iOS,26-35,569,1,2,SUCCESS,0,Not fraud,
917279740382,2023-09-04 16:21:35,551.93,Autopay/Mandate,Education,Maharashtra,Canara Bank,Paytm,Android,26-35,118,1,5,SUCCESS,0,Not fraud,
987478557758,2023-09-05 17:52:27,521.64,Autopay/Mandate,Financial Services,Gujarat,Other,PhonePe,Android,26-35,381,0,2,SUCCESS,0,Not fraud,
185007444591,2023-09-05 17:56:35,240.25,P2M,Food & Dining,Chhattisgarh,Punjab National Bank,Google Pay,iOS,26-35,924,1,5,SUCCESS,0,Not fraud,
368718311337,2023-09-05 20:09:14,4100.0,Collect Request,Not applicable,Tamil Nadu,Bank of India,PhonePe,Android,26-35,375,1,2,SUCCESS,0,Not fraud,
973838713031,2023-09-06 01:40:02,7170.0,P2P,Not applicable,Punjab,Other,CRED,Android,60+,206,0,3,SUCCESS,0,Not fraud,
301471822146,2023-09-06 09:20:55,654.27,P2P,Not applicable,Delhi,State Bank of India,PhonePe,Android,26-35,1246,0,4,SUCCESS,0,Not fraud,
294649892062,2023-09-06 18:30:41,2559.76,P2M,Financial Services,Maharashtra,Other,PhonePe,Android,18-25,1291,0,2,SUCCESS,0,Not fraud,
694956506990,2023-09-06 20:23:25,340.0,Collect Request,Not applicable,Punjab,ICICI Bank,PhonePe,Android,26-35,506,1,3,SUCCESS,0,Not fraud,
199242484436,2023-09-07 10:29:37,3650.0,P2M,Grocery & Supermarkets,Rajasthan,Other,PhonePe,Feature Phone (USSD),18-25,570,0,5,SUCCESS,0,Not fraud,
638843496038,2023-09-07 14:12:35,220.0,P2P,Not applicable,Madhya Pradesh,Other,BHIM,Android,26-35,1085,0,3,SUCCESS,0,Not fraud,
593376066416,2023-09-07 15:26:26,159.26,Autopay/Mandate,Entertainment & OTT,Andhra Pradesh,State Bank of India,Google Pay,Android,18-25,1495,0,1,SUCCESS,0,Not fraud,
370399837850,2023-09-07 20:21:47,1100.0,Collect Request,Not applicable,Kerala,Union Bank of India,PhonePe,Android,26-35,404,1,2,SUCCESS,0,Not fraud,
984046207697,2023-09-07 21:07:30,728.45,P2M,Grocery & Supermarkets,Jharkhand,State Bank of India,PhonePe,Android,60+,404,0,4,SUCCESS,0,Not fraud,
169226756129,2023-09-08 07:23:42,1506.82,Autopay/Mandate,Telecom & Recharge,Madhya Pradesh,Kotak Mahindra Bank,Paytm,iOS,18-25,898,0,1,SUCCESS,0,Not fraud,
363155206781,2023-09-08 08:53:28,500.0,P2P,Not applicable,West Bengal,Axis Bank,PhonePe,Android,18-25,2158,1,5,SUCCESS,0,Not fraud,
587795769353,2023-09-08 12:46:41,551.7,P2M,Food & Dining,Uttar Pradesh,HDFC Bank,PhonePe,iOS,36-45,1077,0,3,SUCCESS,0,Not fraud,
847336140229,2023-09-08 15:27:58,2856.8,P2P,Not applicable,Tamil Nadu,State Bank of India,PhonePe,Android,26-35,132,1,3,SUCCESS,0,Not fraud,
659425760648,2023-09-08 17:12:09,523.34,P2M,Utilities,Rajasthan,Yes Bank,Google Pay,Android,36-45,188,0,5,SUCCESS,0,Not fraud,
263339621503,2023-09-09 11:05:32,881.84,P2M,Utilities,Bihar,State Bank of India,PhonePe,iOS,18-25,282,0,6,SUCCESS,0,Not fraud,
290301228508,2023-09-09 14:39:01,210.0,P2M,Entertainment & OTT,Andhra Pradesh,State Bank of India,PhonePe,Android,36-45,19,1,5,SUCCESS,0,Not fraud,
176798225673,2023-09-09 17:58:49,1700.0,P2M,Grocery & Supermarkets,Kerala,Bank of Baroda,PhonePe,Android,26-35,1535,0,3,SUCCESS,0,Not fraud,
532789250115,2023-09-10 20:14:51,200.0,P2P,Not applicable,Andhra Pradesh,HDFC Bank,Google Pay,Android,36-45,2556,0,2,SUCCESS,0,Not fraud,
566525328921,2023-09-11 12:17:01,480.33,P2P,Not applicable,Rajasthan,State Bank of India,PhonePe,Android,26-35,559,0,2,SUCCESS,0,Not fraud,
521322399398,2023-09-11 14:02:01,10.0,P2M,Telecom & Recharge,Kerala,Axis Bank,PhonePe,Android,46-59,846,0,3,SUCCESS,0,Not fraud,
523508374070,2023-09-11 21:10:14,360.0,P2M,Grocery & Supermarkets,Uttarakhand,ICICI Bank,PhonePe,Android,26-35,97,0,2,SUCCESS,0,Not fraud,
761047218854,2023-09-12 00:13:04,2196.02,P2M,Fuel,Madhya Pradesh,Union Bank of India,BHIM,Android,26-35,1577,0,3,SUCCESS,1,Phishing/Vishing,13.9
580664221995,2023-09-13 01:42:35,813.29,P2P,Not applicable,Andhra Pradesh,IDFC FIRST Bank,Google Pay,Android,46-59,1613,0,3,SUCCESS,0,Not fraud,
534602963962,2023-09-13 18:10:35,182.15,P2M,Financial Services,Tamil Nadu,State Bank of India,PhonePe,Feature Phone (USSD),18-25,1105,0,3,DEEMED,0,Not fraud,
799286487108,2023-09-15 18:23:44,300.0,Autopay/Mandate,Telecom & Recharge,Karnataka,State Bank of India,Google Pay,Android,46-59,160,0,1,SUCCESS,0,Not fraud,
747483167414,2023-09-16 08:05:16,99.5,Bill Payment,Telecom & Recharge,Andhra Pradesh,State Bank of India,Google Pay,Android,46-59,1136,0,2,SUCCESS,0,Not fraud,
377141321784,2023-09-16 13:11:59,900.0,Autopay/Mandate,Entertainment & OTT,Maharashtra,HDFC Bank,CRED,Android,26-35,999,0,3,SUCCESS,0,Not fraud,
340712227541,2023-09-16 19:45:52,200.0,Bill Payment,Financial Services,Maharashtra,Other,PhonePe,iOS,36-45,277,0,3,SUCCESS,0,Not fraud,
696995035508,2023-09-16 20:56:31,756.62,P2P,Not applicable,Delhi,ICICI Bank,PhonePe,Android,26-35,350,0,1,SUCCESS,0,Not fraud,
465428030218,2023-09-17 04:49:38,400.0,Autopay/Mandate,Entertainment & OTT,Tamil Nadu,ICICI Bank,PhonePe,Android,26-35,882,0,1,SUCCESS,0,Not fraud,
606983816403,2023-09-17 07:48:44,4723.64,P2P,Not applicable,Telangana,ICICI Bank,PhonePe,iOS,60+,290,0,2,SUCCESS,1,SIM Swap/Account Takeover,17.0
788300847580,2023-09-17 13:41:02,180.0,P2M,Grocery & Supermarkets,Maharashtra,Axis Bank,PhonePe,Android,18-25,410,0,5,SUCCESS,0,Not fraud,
503208265429,2023-09-17 20:40:01,1210.0,P2M,E-commerce,Uttar Pradesh,Other,PhonePe,iOS,36-45,407,0,2,SUCCESS,0,Not fraud,
110365926453,2023-09-18 08:54:01,380.0,Autopay/Mandate,Education,Maharashtra,Union Bank of India,Paytm,iOS,46-59,254,0,4,SUCCESS,0,Not fraud,
443541157847,2023-09-18 12:45:15,580.0,Bill Payment,Telecom & Recharge,Odisha,State Bank of India,Paytm,Android,18-25,1710,0,2,SUCCESS,0,Not fraud,
496332121376,2023-09-20 06:59:36,280.0,P2M,E-commerce,Uttar Pradesh,State Bank of India,Google Pay,Android,36-45,218,0,3,SUCCESS,0,Not fraud,
871057526627,2023-09-20 12:37:17,927.53,P2P,Not applicable,Karnataka,State Bank of India,PhonePe,iOS,18-25,333,0,2,FAILED,0,Not fraud,
552795280490,2023-09-20 13:04:27,412.72,P2M,Utilities,Delhi,Other,PhonePe,Android,18-25,2744,0,3,SUCCESS,0,Not fraud,
866041263013,2023-09-20 17:29:17,190.0,P2M,Grocery & Supermarkets,Tamil Nadu,Bank of India,Google Pay,Android,18-25,583,0,5,SUCCESS,0,Not fraud,
437112432367,2023-09-20 18:51:44,2710.0,P2M,Telecom & Recharge,Kerala,State Bank of India,Other,iOS,36-45,1560,0,3,SUCCESS,0,Not fraud,
762783039766,2023-09-21 11:27:08,463.61,P2P,Not applicable,Punjab,HDFC Bank,PhonePe,Android,46-59,184,1,3,SUCCESS,0,Not fraud,
716868747783,2023-09-22 22:16:46,6800.0,P2P,Not applicable,Kerala,Kotak Mahindra Bank,PhonePe,Android,60+,267,1,3,SUCCESS,1,SIM Swap/Account Takeover,21.4
708377157195,2023-09-23 10:25:37,4580.0,P2P,Not applicable,Karnataka,Canara Bank,Google Pay,Android,60+,226,0,5,SUCCESS,0,Not fraud,
150670115782,2023-09-23 11:32:36,300.0,Bill Payment,Utilities,Tamil Nadu,HDFC Bank,BHIM,Android,36-45,6000,0,2,SUCCESS,0,Not fraud,
871320272781,2023-09-23 14:36:48,1.0,P2M,Utilities,Delhi,ICICI Bank,Paytm,Android,36-45,452,0,6,SUCCESS,0,Not fraud,
472394687296,2023-09-23 16:44:17,16620.0,Collect Request,Not applicable,Tamil Nadu,Kotak Mahindra Bank,Other,Android,36-45,193,0,3,SUCCESS,1,Fake Collect Request,7.4
297172461648,2023-09-23 18:00:15,348.44,P2P,Not applicable,Chhattisgarh,HDFC Bank,PhonePe,Android,46-59,38,0,7,SUCCESS,0,Not fraud,
869619660594,2023-09-23 20:15:08,1000.0,P2M,Food & Dining,Rajasthan,HDFC Bank,Google Pay,Android,36-45,677,0,8,SUCCESS,0,Not fraud,
237196282919,2023-09-23 22:28:40,2410.0,P2M,Financial Services,Gujarat,Other,Google Pay,Android,26-35,2337,1,2,SUCCESS,1,Merchant Impersonation,28.9
135463044502,2023-09-24 07:44:59,1490.0,Bill Payment,Telecom & Recharge,Bihar,Union Bank of India,Google Pay,Android,46-59,389,0,3,SUCCESS,0,Not fraud,
185311644323,2023-09-24 11:07:16,1800.0,P2M,Grocery & Supermarkets,Telangana,HDFC Bank,PhonePe,Android,18-25,901,0,6,SUCCESS,1,QR Code Scam,18.7
400875910365,2023-09-24 15:25:10,3952.46,P2M,Fuel,Maharashtra,State Bank of India,Google Pay,Android,18-25,2794,0,3,SUCCESS,0,Not fraud,
757354526749,2023-09-24 18:40:29,226.11,Autopay/Mandate,Entertainment & OTT,Madhya Pradesh,Bank of Baroda,Google Pay,iOS,46-59,5795,0,2,SUCCESS,0,Not fraud,
925544762818,2023-09-24 18:59:52,642.89,P2P,Not applicable,Gujarat,Axis Bank,Paytm,Android,26-35,1787,0,1,SUCCESS,0,Not fraud,
491062739433,2023-09-24 19:38:03,1450.0,P2M,Telecom & Recharge,Gujarat,State Bank of India,Paytm,Android,46-59,1350,0,3,SUCCESS,0,Not fraud,
137070342403,2023-09-25 11:00:46,200.0,P2M,Grocery & Supermarkets,Kerala,Other,Google Pay,Android,46-59,325,0,4,SUCCESS,0,Not fraud,
321561450169,2023-09-25 19:11:09,400.0,P2M,Education,Tamil Nadu,Bank of India,PhonePe,iOS,18-25,711,0,4,SUCCESS,0,Not fraud,
286638348683,2023-09-26 12:24:06,266.21,Autopay/Mandate,Financial Services,Manipur,Axis Bank,PhonePe,Android,36-45,236,0,2,SUCCESS,0,Not fraud,
301026029635,2023-09-26 22:00:12,15500.0,Autopay/Mandate,Financial Services,Karnataka,Canara Bank,Google Pay,Android,26-35,5712,0,2,SUCCESS,1,Phishing/Vishing,19.5
948560763328,2023-09-26 23:59:44,870.0,P2M,E-commerce,Chhattisgarh,State Bank of India,Paytm,Android,26-35,1958,0,3,SUCCESS,0,Not fraud,
870375779855,2023-09-27 12:24:57,350.0,P2P,Not applicable,Maharashtra,Axis Bank,PhonePe,Android,26-35,2705,1,4,SUCCESS,0,Not fraud,
172760708064,2023-09-28 11:04:26,140.0,P2M,Food & Dining,Manipur,Axis Bank,PhonePe,Android,18-25,4018,0,8,SUCCESS,0,Not fraud,
902723624899,2023-09-28 12:27:06,300.0,Autopay/Mandate,Entertainment & OTT,Maharashtra,State Bank of India,PhonePe,Android,36-45,353,0,3,SUCCESS,0,Not fraud,
152842441334,2023-09-29 17:19:30,500.0,P2P,Not applicable,Karnataka,HDFC Bank,PhonePe,Android,26-35,97,0,5,SUCCESS,0,Not fraud,
273823195588,2023-09-29 17:57:25,7800.0,P2P,Not applicable,Rajasthan,Punjab National Bank,Other,Android,26-35,346,0,3,PENDING,0,Not fraud,
755227485038,2023-09-29 19:38:27,600.0,P2M,Grocery & Supermarkets,Uttar Pradesh,Other,PhonePe,iOS,26-35,2113,0,3,SUCCESS,0,Not fraud,
246312359031,2023-09-29 19:54:41,607.65,P2P,Not applicable,Uttar Pradesh,Kotak Mahindra Bank,PhonePe,Android,18-25,182,0,3,SUCCESS,0,Not fraud,
678045206692,2023-09-30 02:21:31,6784.5,P2P,Not applicable,West Bengal,Canara Bank,PhonePe,Android,26-35,214,0,1,SUCCESS,0,Not fraud,
220128169929,2023-09-30 07:24:22,3500.0,P2M,E-commerce,Maharashtra,Axis Bank,Google Pay,Android,26-35,128,0,5,SUCCESS,0,Not fraud,
877508979019,2023-09-30 12:20:56,1251.51,Collect Request,Not applicable,West Bengal,Other,Paytm,Android,26-35,801,0,4,SUCCESS,1,Fake Collect Request,22.5
123065161155,2023-09-30 14:47:38,2300.0,Bill Payment,Utilities,Haryana,Punjab National Bank,Paytm,Android,26-35,122,0,1,SUCCESS,0,Not fraud,
550261491152,2023-09-30 19:14:59,340.0,P2M,Fuel,Telangana,HDFC Bank,PhonePe,Android,18-25,25,0,2,SUCCESS,0,Not fraud,
269315950844,2023-09-30 20:05:56,458.44,P2M,Food & Dining,Tamil Nadu,State Bank of India,PhonePe,Android,36-45,221,1,7,SUCCESS,0,Not fraud,
518070487871,2023-09-30 21:03:47,2030.0,P2P,Not applicable,Bihar,Punjab National Bank,Other,Android,18-25,674,1,6,SUCCESS,0,Not fraud,
252329109515,2023-09-30 23:42:36,2760.0,P2P,Not applicable,Gujarat,Axis Bank,PhonePe,Android,18-25,313,0,2,SUCCESS,1,QR Code Scam,37.7
733393709171,2023-10-01 07:46:53,500.0,Autopay/Mandate,Financial Services,Punjab,Bank of Baroda,PhonePe,Android,36-45,1660,0,5,SUCCESS,0,Not fraud,
689956609597,2023-10-01 15:42:28,500.0,Autopay/Mandate,Telecom & Recharge,Chhattisgarh,ICICI Bank,PhonePe,Android,26-35,1448,0,3,SUCCESS,0,Not fraud,
102820591886,2023-10-01 18:56:57,241.2,P2M,Grocery & Supermarkets,Karnataka,Bank of India,PhonePe,Android,26-35,708,0,4,SUCCESS,0,Not fraud,
724470208854,2023-10-02 08:37:49,226.28,Autopay/Mandate,Financial Services,Chhattisgarh,Axis Bank,PhonePe,Android,46-59,482,0,2,SUCCESS,0,Not fraud,
432087873998,2023-10-02 17:15:58,880.0,P2P,Not applicable,Karnataka,Kotak Mahindra Bank,Paytm,Android,26-35,939,0,5,SUCCESS,0,Not fraud,
632218217243,2023-10-02 17:50:30,400.0,Collect Request,Not applicable,Odisha,Bank of Baroda,PhonePe,Android,26-35,321,1,3,SUCCESS,0,Not fraud,
794582146656,2023-10-03 11:09:02,333.95,P2M,Financial Services,Maharashtra,State Bank of India,PhonePe,Feature Phone (USSD),36-45,364,0,3,SUCCESS,0,Not fraud,
733624251953,2023-10-03 16:16:00,140.0,P2M,Grocery & Supermarkets,Karnataka,State Bank of India,Paytm,Android,26-35,61,0,3,SUCCESS,0,Not fraud,
992566566894,2023-10-03 18:28:16,1100.74,P2P,Not applicable,Karnataka,Union Bank of India,Google Pay,Android,36-45,914,0,2,SUCCESS,0,Not fraud,
736010567974,2023-10-03 19:52:01,159.96,Autopay/Mandate,Financial Services,Uttar Pradesh,Bank of India,PhonePe,Android,26-35,153,0,2,SUCCESS,0,Not fraud,
859172937566,2023-10-03 21:55:14,200.0,P2M,Entertainment & OTT,Odisha,State Bank of India,Google Pay,Android,18-25,4025,0,6,SUCCESS,0,Not fraud,
272483860245,2023-10-04 15:32:42,2230.0,P2M,Financial Services,Maharashtra,State Bank of India,Other,Android,36-45,171,0,5,SUCCESS,0,Not fraud,
499171115800,2023-10-04 22:30:21,252.23,P2M,Food & Dining,Chhattisgarh,State Bank of India,PhonePe,Android,26-35,1487,0,3,SUCCESS,0,Not fraud,
715864012905,2023-10-05 00:01:52,7700.0,P2P,Not applicable,Kerala,HDFC Bank,PhonePe,Android,26-35,6000,1,2,SUCCESS,1,Investment/Task Scam,27.7
965970666273,2023-10-05 13:10:37,1097.24,P2M,Travel & Transport,Tamil Nadu,State Bank of India,PhonePe,Android,18-25,212,0,3,SUCCESS,0,Not fraud,
213748389707,2023-10-05 19:42:39,6757.34,P2P,Not applicable,Tamil Nadu,State Bank of India,PhonePe,iOS,18-25,1839,1,3,SUCCESS,1,Fake Customer Care,32.0
172959665157,2023-10-06 12:51:21,600.0,P2M,Others,Maharashtra,Punjab National Bank,Paytm,Android,26-35,2003,0,5,SUCCESS,0,Not fraud,
677530407080,2023-10-06 13:48:43,9000.0,P2P,Not applicable,Rajasthan,ICICI Bank,Google Pay,iOS,26-35,1665,0,1,SUCCESS,0,Not fraud,
270321393575,2023-10-06 17:51:13,500.0,P2M,Grocery & Supermarkets,Karnataka,State Bank of India,PhonePe,Android,36-45,160,0,5,SUCCESS,0,Not fraud,
441788237648,2023-10-06 19:18:49,4521.33,Bill Payment,Utilities,Maharashtra,HDFC Bank,CRED,iOS,46-59,606,0,5,SUCCESS,0,Not fraud,
365530776807,2023-10-07 08:00:29,139.18,Autopay/Mandate,Utilities,Telangana,HDFC Bank,PhonePe,Android,36-45,489,0,7,SUCCESS,0,Not fraud,
980017858465,2023-10-07 15:08:21,7636.26,P2M,Grocery & Supermarkets,Rajasthan,Union Bank of India,PhonePe,Android,26-35,756,0,8,SUCCESS,0,Not fraud,
181571227318,2023-10-08 06:03:32,1995.42,Bill Payment,Education,Telangana,State Bank of India,PhonePe,Android,26-35,908,0,2,SUCCESS,0,Not fraud,
491082400293,2023-10-08 06:33:27,456.78,Autopay/Mandate,Financial Services,Maharashtra,State Bank of India,PhonePe,Android,60+,848,0,2,SUCCESS,0,Not fraud,
511682836193,2023-10-08 09:39:18,880.0,P2M,E-commerce,Delhi,HDFC Bank,Google Pay,Android,18-25,2614,0,7,SUCCESS,0,Not fraud,
222316426147,2023-10-08 10:12:10,471.46,P2P,Not applicable,Karnataka,HDFC Bank,Google Pay,Android,36-45,1372,0,1,SUCCESS,0,Not fraud,
624470740435,2023-10-08 13:52:35,1445.26,P2M,E-commerce,Goa,ICICI Bank,Paytm,Android,46-59,2885,0,3,FAILED,0,Not fraud,
585971095227,2023-10-08 17:00:55,1365.17,P2P,Not applicable,Gujarat,State Bank of India,PhonePe,Android,46-59,4613,0,1,SUCCESS,0,Not fraud,
868891238197,2023-10-08 20:45:20,200.0,P2M,Travel & Transport,Madhya Pradesh,Bank of Baroda,PhonePe,Android,18-25,1071,0,3,SUCCESS,0,Not fraud,
567004358182,2023-10-08 22:11:10,3610.0,P2P,Not applicable,Bihar,State Bank of India,PhonePe,iOS,36-45,368,0,2,SUCCESS,0,Not fraud,
479961362000,2023-10-09 03:29:20,711.33,P2M,Food & Dining,Kerala,Union Bank of India,Google Pay,Android,36-45,604,0,6,SUCCESS,0,Not fraud,
729872473163,2023-10-09 11:35:11,1090.0,P2P,Not applicable,Tamil Nadu,Other,Google Pay,Android,46-59,424,1,2,FAILED,0,Not fraud,
402160648398,2023-10-09 13:53:40,2460.0,Bill Payment,Utilities,Telangana,State Bank of India,PhonePe,Android,18-25,416,0,4,SUCCESS,0,Not fraud,
286626088678,2023-10-09 23:42:19,260.29,Autopay/Mandate,Utilities,Gujarat,Punjab National Bank,Google Pay,Android,26-35,744,0,1,SUCCESS,0,Not fraud,
676793288147,2023-10-10 08:07:32,260.0,Bill Payment,Utilities,Karnataka,State Bank of India,PhonePe,Android,26-35,1236,0,2,SUCCESS,0,Not fraud,
649969642362,2023-10-10 11:56:11,6686.81,P2P,Not applicable,Tamil Nadu,Canara Bank,Paytm,iOS,26-35,3229,1,1,SUCCESS,0,Not fraud,
496576230711,2023-10-10 14:17:08,1830.0,Bill Payment,Utilities,Karnataka,State Bank of India,PhonePe,Android,26-35,330,0,4,SUCCESS,0,Not fraud,
131630942144,2023-10-12 08:06:13,644.98,P2M,Financial Services,Maharashtra,HDFC Bank,PhonePe,Android,26-35,523,0,5,SUCCESS,0,Not fraud,
190620468662,2023-10-12 18:00:08,41.76,P2P,Not applicable,Bihar,ICICI Bank,PhonePe,Android,26-35,302,0,2,SUCCESS,0,Not fraud,
396767059382,2023-10-14 12:40:56,8170.0,Bill Payment,Utilities,Karnataka,Axis Bank,Google Pay,iOS,36-45,257,0,4,SUCCESS,0,Not fraud,
831644131645,2023-10-14 16:13:28,620.0,P2M,Grocery & Supermarkets,Kerala,ICICI Bank,Other,iOS,36-45,410,0,5,SUCCESS,0,Not fraud,
223270423679,2023-10-14 22:39:36,500.0,P2M,Grocery & Supermarkets,Jharkhand,Kotak Mahindra Bank,Google Pay,Android,46-59,740,0,5,SUCCESS,0,Not fraud,
489474140074,2023-10-15 20:25:47,400.0,P2M,Grocery & Supermarkets,Maharashtra,Punjab National Bank,Other,Android,46-59,1592,1,2,SUCCESS,0,Not fraud,
752615549089,2023-10-16 11:15:12,2619.59,P2M,Financial Services,Maharashtra,Punjab National Bank,Google Pay,Android,18-25,384,0,4,SUCCESS,0,Not fraud,
423735876982,2023-10-16 11:35:43,330.0,Collect Request,Not applicable,Tamil Nadu,HDFC Bank,PhonePe,Android,60+,2260,1,2,FAILED,0,Not fraud,
498217102990,2023-10-16 11:58:12,300.0,Collect Request,Not applicable,Maharashtra,ICICI Bank,Google Pay,Android,26-35,1750,1,2,SUCCESS,0,Not fraud,
452971709593,2023-10-16 22:40:17,790.0,P2P,Not applicable,Karnataka,Other,Google Pay,Android,36-45,53,0,4,SUCCESS,0,Not fraud,
932157604975,2023-10-18 21:34:32,223.3,P2P,Not applicable,Uttar Pradesh,Union Bank of India,PhonePe,Android,18-25,664,0,2,SUCCESS,0,Not fraud,
413684605058,2023-10-19 02:43:57,1531.39,P2M,E-commerce,Delhi,State Bank of India,Paytm,Android,46-59,2273,0,6,SUCCESS,0,Not fraud,
497533004630,2023-10-19 07:52:15,300.0,P2P,Not applicable,Jharkhand,HDFC Bank,Paytm,Android,26-35,1342,0,2,SUCCESS,0,Not fraud,
905534239355,2023-10-19 10:31:25,1470.0,P2P,Not applicable,Karnataka,Axis Bank,CRED,Android,36-45,1076,0,3,SUCCESS,0,Not fraud,
591272594320,2023-10-19 12:54:27,3380.17,Bill Payment,Telecom & Recharge,West Bengal,Other,BHIM,iOS,18-25,235,1,3,SUCCESS,0,Not fraud,
672381348486,2023-10-19 14:18:26,5300.0,P2M,E-commerce,Gujarat,Axis Bank,Other,Android,26-35,3686,1,3,SUCCESS,0,Not fraud,
198376485289,2023-10-19 16:38:50,5052.68,P2P,Not applicable,Gujarat,Yes Bank,Google Pay,Android,18-25,1197,1,2,SUCCESS,0,Not fraud,
744692143780,2023-10-19 16:57:24,400.0,P2M,Grocery & Supermarkets,Odisha,State Bank of India,Google Pay,Android,26-35,404,0,1,SUCCESS,0,Not fraud,
221835927505,2023-10-19 21:39:13,310.0,P2P,Not applicable,Kerala,Bank of Baroda,PhonePe,Android,46-59,847,0,1,SUCCESS,0,Not fraud,
410127608912,2023-10-19 21:57:48,873.31,P2P,Not applicable,Haryana,HDFC Bank,PhonePe,Android,46-59,394,0,4,SUCCESS,0,Not fraud,
318833710420,2023-10-20 11:38:48,4740.98,P2P,Not applicable,Delhi,Punjab National Bank,PhonePe,Android,46-59,252,1,3,SUCCESS,1,Investment/Task Scam,20.0
767028984022,2023-10-20 16:34:59,474.94,P2M,Food & Dining,Andhra Pradesh,State Bank of India,PhonePe,Android,36-45,449,0,6,SUCCESS,0,Not fraud,
908312656200,2023-10-20 17:40:30,26896.7,P2P,Not applicable,Delhi,HDFC Bank,Other,Android,26-35,1187,1,6,SUCCESS,1,SIM Swap/Account Takeover,24.1
163619950769,2023-10-20 17:46:12,380.0,P2P,Not applicable,Maharashtra,Axis Bank,Google Pay,Android,26-35,237,0,3,SUCCESS,0,Not fraud,
207599819751,2023-10-20 18:51:09,600.98,P2M,Grocery & Supermarkets,Delhi,Yes Bank,PhonePe,Android,26-35,301,0,2,SUCCESS,0,Not fraud,
300155884970,2023-10-21 18:13:03,367.76,P2M,Grocery & Supermarkets,Assam,Axis Bank,PhonePe,Android,26-35,182,0,4,SUCCESS,0,Not fraud,
394866263140,2023-10-22 07:24:51,660.0,P2P,Not applicable,Telangana,Punjab National Bank,PhonePe,iOS,26-35,705,0,3,FAILED,0,Not fraud,
984361076673,2023-10-22 11:26:59,153.55,P2M,Grocery & Supermarkets,Jammu & Kashmir,State Bank of India,PhonePe,iOS,26-35,136,0,2,SUCCESS,0,Not fraud,
569586031928,2023-10-22 11:48:50,10356.22,Bill Payment,Education,Gujarat,Other,Google Pay,Android,26-35,4501,0,1,SUCCESS,0,Not fraud,
911229370504,2023-10-22 12:01:24,4216.75,P2M,Education,Uttarakhand,State Bank of India,Google Pay,Android,36-45,1871,0,2,SUCCESS,0,Not fraud,
772468039362,2023-10-22 14:23:55,1420.0,P2P,Not applicable,Telangana,State Bank of India,BHIM,Android,36-45,474,0,2,SUCCESS,0,Not fraud,
672210881914,2023-10-22 16:29:46,278.28,P2M,Grocery & Supermarkets,Rajasthan,HDFC Bank,Google Pay,Android,18-25,345,0,5,SUCCESS,0,Not fraud,
877514523577,2023-10-22 18:56:32,1895.26,P2P,Not applicable,Karnataka,Punjab National Bank,PhonePe,Android,26-35,3204,0,4,SUCCESS,0,Not fraud,
383363106840,2023-10-23 01:48:09,1100.0,P2P,Not applicable,Uttar Pradesh,Axis Bank,PhonePe,Android,18-25,418,1,5,SUCCESS,0,Not fraud,
943827909268,2023-10-23 10:53:00,170.0,P2M,Grocery & Supermarkets,West Bengal,Other,PhonePe,Android,36-45,6000,0,6,SUCCESS,0,Not fraud,
286298699885,2023-10-23 16:17:49,195.46,Collect Request,Not applicable,Haryana,Kotak Mahindra Bank,Google Pay,Android,36-45,58,0,6,SUCCESS,0,Not fraud,
703914717559,2023-10-24 18:32:32,2880.0,P2P,Not applicable,Gujarat,HDFC Bank,PhonePe,iOS,18-25,568,0,2,SUCCESS,0,Not fraud,
914777677882,2023-10-25 09:46:41,240.0,P2M,Food & Dining,West Bengal,Other,PhonePe,iOS,46-59,463,0,7,SUCCESS,0,Not fraud,
685467048527,2023-10-26 08:18:53,70.0,P2M,Others,Madhya Pradesh,Bank of Baroda,Amazon Pay,Android,36-45,2010,0,4,FAILED,0,Not fraud,
151889228937,2023-10-26 08:45:32,630.0,P2M,E-commerce,West Bengal,HDFC Bank,CRED,Android,36-45,5017,1,7,SUCCESS,0,Not fraud,
328955623846,2023-10-26 09:53:37,130.0,P2M,Utilities,Jharkhand,Other,Paytm,Android,36-45,204,0,3,SUCCESS,0,Not fraud,
763357878590,2023-10-26 14:35:20,3470.55,Bill Payment,Utilities,Chhattisgarh,Kotak Mahindra Bank,Google Pay,iOS,36-45,872,0,1,DEEMED,0,Not fraud,
681028560593,2023-10-26 21:26:42,1870.0,P2M,E-commerce,Karnataka,Kotak Mahindra Bank,Google Pay,iOS,18-25,1312,0,3,SUCCESS,0,Not fraud,
591953956443,2023-10-27 19:28:10,140.0,P2M,Grocery & Supermarkets,Tamil Nadu,HDFC Bank,PhonePe,Android,18-25,1400,0,7,SUCCESS,0,Not fraud,
515070482841,2023-10-28 08:32:34,4306.22,P2M,Education,Maharashtra,Other,Google Pay,Android,26-35,2925,0,5,SUCCESS,0,Not fraud,
410799724328,2023-10-28 08:53:33,1410.0,P2P,Not applicable,Kerala,Axis Bank,PhonePe,Android,36-45,263,0,2,SUCCESS,0,Not fraud,
737786118155,2023-10-28 14:23:03,81310.0,P2P,Not applicable,Uttar Pradesh,Other,Google Pay,Android,26-35,549,1,3,SUCCESS,1,Remote Access App Scam,10.1
816694982698,2023-10-28 21:47:44,700.0,P2M,Education,West Bengal,State Bank of India,PhonePe,iOS,36-45,1192,0,5,SUCCESS,0,Not fraud,
921923925818,2023-10-29 13:47:39,600.0,P2M,Financial Services,Bihar,HDFC Bank,Google Pay,Android,18-25,1318,0,2,SUCCESS,0,Not fraud,
901539009913,2023-10-29 19:21:15,310.0,P2P,Not applicable,West Bengal,Axis Bank,PhonePe,Android,46-59,784,0,3,SUCCESS,0,Not fraud,
769680940041,2023-10-30 14:17:04,2080.97,P2P,Not applicable,Delhi,Canara Bank,Google Pay,Android,46-59,1195,0,3,FAILED,0,Not fraud,
687685576136,2023-10-30 17:10:51,2350.0,P2M,E-commerce,Maharashtra,HDFC Bank,CRED,Android,26-35,290,0,4,SUCCESS,0,Not fraud,
483468423465,2023-10-30 18:43:16,1500.0,Autopay/Mandate,Entertainment & OTT,Assam,Yes Bank,Other,Android,26-35,1857,0,3,SUCCESS,0,Not fraud,
541477290886,2023-10-30 21:15:28,740.0,Autopay/Mandate,Entertainment & OTT,Karnataka,Other,Google Pay,Android,26-35,582,0,2,PENDING,0,Not fraud,
582486932365,2023-10-31 10:11:07,476.54,Autopay/Mandate,Entertainment & OTT,Assam,ICICI Bank,Google Pay,iOS,46-59,529,0,1,SUCCESS,0,Not fraud,
700449446601,2023-10-31 13:21:23,1098.58,P2M,Grocery & Supermarkets,Uttar Pradesh,State Bank of India,PhonePe,Android,36-45,612,0,6,SUCCESS,0,Not fraud,
651233449564,2023-10-31 15:59:49,2498.01,P2P,Not applicable,Madhya Pradesh,Other,Other,Android,18-25,1282,1,7,SUCCESS,0,Not fraud,
695340118278,2023-10-31 16:40:44,1747.82,Collect Request,Not applicable,Madhya Pradesh,HDFC Bank,PhonePe,Android,26-35,509,0,4,SUCCESS,1,Fake Collect Request,66.9
498604454578,2023-10-31 16:52:17,150.0,P2M,Grocery & Supermarkets,Tamil Nadu,Other,PhonePe,Android,26-35,419,0,3,SUCCESS,0,Not fraud,
598776050243,2023-10-31 17:47:38,2330.0,P2M,Grocery & Supermarkets,Andhra Pradesh,Other,Paytm,Android,36-45,740,0,6,SUCCESS,0,Not fraud,
474871720241,2023-11-01 03:49:39,2730.0,P2M,Fuel,Maharashtra,Canara Bank,PhonePe,Android,60+,2090,0,4,SUCCESS,0,Not fraud,
646475013489,2023-11-01 11:09:12,4700.0,P2P,Not applicable,Odisha,Bank of India,PhonePe,Android,18-25,82,1,2,SUCCESS,1,Phishing/Vishing,15.0
219638604992,2023-11-01 21:01:12,1600.0,P2P,Not applicable,Puducherry,State Bank of India,PhonePe,Android,26-35,1053,0,1,SUCCESS,0,Not fraud,
155562749584,2023-11-01 21:19:15,100.0,P2M,Telecom & Recharge,Uttar Pradesh,State Bank of India,Google Pay,Android,18-25,5009,0,5,SUCCESS,0,Not fraud,
318522388911,2023-11-02 11:04:26,300.0,P2M,Food & Dining,Jharkhand,Other,BHIM,Android,26-35,242,0,3,DEEMED,0,Not fraud,
259453424455,2023-11-02 15:12:25,3250.0,Autopay/Mandate,Financial Services,Kerala,State Bank of India,Google Pay,Android,18-25,115,0,3,SUCCESS,0,Not fraud,
756569228501,2023-11-02 18:16:56,261.9,P2P,Not applicable,Uttar Pradesh,HDFC Bank,PhonePe,Android,18-25,1083,0,3,SUCCESS,0,Not fraud,
768833434871,2023-11-02 20:32:49,1017.91,P2P,Not applicable,Tamil Nadu,IDFC FIRST Bank,PhonePe,iOS,36-45,2135,0,3,SUCCESS,0,Not fraud,
239781340784,2023-11-03 08:39:54,1200.0,Autopay/Mandate,Entertainment & OTT,Andhra Pradesh,HDFC Bank,Amazon Pay,iOS,26-35,1106,0,7,SUCCESS,0,Not fraud,
179861506904,2023-11-03 14:24:46,4571.64,Bill Payment,Telecom & Recharge,Haryana,Bank of India,Google Pay,Android,46-59,82,0,3,SUCCESS,0,Not fraud,
354474410491,2023-11-03 16:49:04,350.0,P2M,Food & Dining,Madhya Pradesh,State Bank of India,PhonePe,Feature Phone (USSD),60+,559,0,8,SUCCESS,0,Not fraud,
260512012358,2023-11-03 19:48:29,5038.07,P2P,Not applicable,Maharashtra,Axis Bank,Google Pay,Android,36-45,1162,1,5,SUCCESS,0,Not fraud,
908214114839,2023-11-03 19:51:10,215.6,P2M,Grocery & Supermarkets,Haryana,HDFC Bank,Google Pay,iOS,18-25,193,0,7,SUCCESS,0,Not fraud,
111748254678,2023-11-03 22:42:42,870.0,P2M,Healthcare,Uttar Pradesh,State Bank of India,Paytm,Android,26-35,461,0,1,SUCCESS,0,Not fraud,
961308610082,2023-11-04 02:25:42,270.55,P2M,Others,Gujarat,Other,Google Pay,Android,18-25,428,1,7,SUCCESS,0,Not fraud,
125547391371,2023-11-04 10:39:26,4580.98,Collect Request,Not applicable,Maharashtra,HDFC Bank,Paytm,Android,26-35,137,1,4,SUCCESS,0,Not fraud,
157936167669,2023-11-04 13:45:41,6160.0,P2M,Food & Dining,Karnataka,State Bank of India,Google Pay,iOS,46-59,278,0,4,SUCCESS,0,Not fraud,
346069463872,2023-11-04 17:21:45,2380.0,P2P,Not applicable,Karnataka,Other,Google Pay,iOS,26-35,6000,0,1,SUCCESS,0,Not fraud,
813064897216,2023-11-04 18:39:52,87.23,P2M,Food & Dining,West Bengal,Other,BHIM,Android,36-45,198,0,4,SUCCESS,0,Not fraud,
436666226826,2023-11-05 14:07:27,10370.0,P2P,Not applicable,Tamil Nadu,Axis Bank,Google Pay,Android,36-45,236,0,1,SUCCESS,0,Not fraud,
446332537350,2023-11-05 17:23:55,200.0,P2M,Food & Dining,Tamil Nadu,IDFC FIRST Bank,Google Pay,Android,18-25,37,0,4,SUCCESS,0,Not fraud,
359454612598,2023-11-05 21:46:45,1460.0,Autopay/Mandate,Entertainment & OTT,Uttar Pradesh,Indian Bank,Google Pay,Android,26-35,954,0,1,SUCCESS,0,Not fraud,
825598035177,2023-11-06 04:18:30,1027.11,P2P,Not applicable,Kerala,State Bank of India,Other,Android,46-59,1820,0,2,SUCCESS,0,Not fraud,
190034453409,2023-11-06 18:19:21,490.0,P2P,Not applicable,Delhi,Canara Bank,PhonePe,iOS,18-25,1653,1,3,SUCCESS,0,Not fraud,
301605872517,2023-11-06 19:44:09,432.45,Autopay/Mandate,Education,Maharashtra,HDFC Bank,Google Pay,iOS,26-35,679,0,1,SUCCESS,0,Not fraud,
145494409616,2023-11-06 22:10:03,98.48,P2M,Utilities,Assam,Other,Google Pay,Android,26-35,1238,0,4,SUCCESS,0,Not fraud,
635028624222,2023-11-07 08:08:46,1510.0,P2M,Food & Dining,West Bengal,Union Bank of India,PhonePe,Android,26-35,392,0,9,SUCCESS,0,Not fraud,
817338412547,2023-11-07 08:43:43,1390.0,P2M,Grocery & Supermarkets,Maharashtra,Axis Bank,PhonePe,Android,26-35,355,1,6,SUCCESS,0,Not fraud,
902491209936,2023-11-07 14:29:59,2270.0,P2P,Not applicable,Rajasthan,ICICI Bank,PhonePe,Android,26-35,448,0,2,SUCCESS,0,Not fraud,
761063099469,2023-11-07 15:09:22,128.32,P2M,Travel & Transport,Karnataka,Bank of India,PhonePe,Android,18-25,495,0,5,SUCCESS,0,Not fraud,
992314585392,2023-11-08 10:22:38,700.0,P2M,Food & Dining,Maharashtra,State Bank of India,PhonePe,Android,46-59,242,1,4,SUCCESS,0,Not fraud,
192279067399,2023-11-08 12:11:32,880.0,P2P,Not applicable,Gujarat,Axis Bank,Google Pay,Android,18-25,268,1,2,SUCCESS,0,Not fraud,
786713253808,2023-11-08 16:30:48,136.03,P2M,Food & Dining,Odisha,State Bank of India,PhonePe,iOS,18-25,590,0,5,SUCCESS,0,Not fraud,
896076342569,2023-11-08 20:32:51,610.91,P2M,Fuel,Odisha,ICICI Bank,PhonePe,Android,18-25,868,0,5,SUCCESS,0,Not fraud,
772970857814,2023-11-08 22:45:18,6200.0,Collect Request,Not applicable,Telangana,ICICI Bank,PhonePe,Feature Phone (USSD),26-35,173,1,1,SUCCESS,1,Fake Collect Request,78.2
979184059677,2023-11-09 07:41:34,2073.85,P2P,Not applicable,Maharashtra,IDFC FIRST Bank,PhonePe,Android,26-35,367,0,4,SUCCESS,0,Not fraud,
662539169873,2023-11-09 10:29:41,400.0,P2M,Travel & Transport,Himachal Pradesh,IndusInd Bank,PhonePe,iOS,18-25,5147,0,4,SUCCESS,0,Not fraud,
446114530417,2023-11-09 18:30:51,100.0,P2P,Not applicable,Delhi,HDFC Bank,CRED,Android,26-35,277,0,2,SUCCESS,0,Not fraud,
965386229677,2023-11-10 14:08:34,2514.98,P2P,Not applicable,Tamil Nadu,ICICI Bank,Other,Android,18-25,1264,0,5,SUCCESS,0,Not fraud,
243420793212,2023-11-10 20:38:12,100.0,P2M,Grocery & Supermarkets,Tamil Nadu,HDFC Bank,Google Pay,Android,36-45,2292,0,4,SUCCESS,0,Not fraud,
992004489627,2023-11-11 01:23:01,842.5,P2M,E-commerce,Maharashtra,State Bank of India,PhonePe,Android,26-35,255,0,4,SUCCESS,0,Not fraud,
505883166065,2023-11-11 17:49:51,919.39,P2M,Entertainment & OTT,Himachal Pradesh,HDFC Bank,Google Pay,Android,46-59,1644,1,4,SUCCESS,0,Not fraud,
924983751644,2023-11-11 19:01:21,8106.61,Collect Request,Not applicable,West Bengal,Canara Bank,Google Pay,Android,46-59,30,1,3,SUCCESS,1,Fake Collect Request,16.9
947976637227,2023-11-11 23:57:48,881.56,P2P,Not applicable,Punjab,State Bank of India,BHIM,Android,26-35,396,0,3,SUCCESS,0,Not fraud,
396868236332,2023-11-12 11:13:25,700.0,P2M,Travel & Transport,Madhya Pradesh,Other,PhonePe,iOS,36-45,371,0,3,SUCCESS,0,Not fraud,
194577515296,2023-11-12 12:52:41,818.01,P2M,Travel & Transport,Andhra Pradesh,Punjab National Bank,Google Pay,Android,36-45,373,0,3,SUCCESS,0,Not fraud,
211329909436,2023-11-12 14:27:05,1087.88,P2P,Not applicable,Himachal Pradesh,State Bank of India,PhonePe,Android,26-35,313,0,3,SUCCESS,0,Not fraud,
885251954139,2023-11-13 10:46:40,500.0,Autopay/Mandate,Entertainment & OTT,Kerala,Axis Bank,Google Pay,Android,26-35,391,0,3,SUCCESS,0,Not fraud,
548936946973,2023-11-13 11:34:55,735.12,P2P,Not applicable,Odisha,HDFC Bank,Google Pay,Android,26-35,1022,1,4,FAILED,0,Not fraud,
810249378347,2023-11-13 22:55:12,170.0,P2M,Utilities,Madhya Pradesh,Bank of Baroda,Google Pay,Android,36-45,430,0,3,SUCCESS,0,Not fraud,
203388999055,2023-11-14 07:41:41,241.37,Bill Payment,Education,Madhya Pradesh,Indian Bank,Google Pay,Android,36-45,2944,0,1,SUCCESS,0,Not fraud,
179566412684,2023-11-14 12:32:55,3000.0,P2P,Not applicable,Bihar,Other,Google Pay,Android,26-35,851,0,3,SUCCESS,0,Not fraud,
621087965893,2023-11-14 17:40:36,754.33,Autopay/Mandate,Financial Services,Telangana,HDFC Bank,PhonePe,Android,36-45,788,0,4,SUCCESS,0,Not fraud,
522570299010,2023-11-14 17:43:30,100.0,P2M,Healthcare,Rajasthan,Other,Google Pay,Android,36-45,6000,0,5,SUCCESS,0,Not fraud,
983857227422,2023-11-15 08:00:58,3059.49,Autopay/Mandate,Financial Services,Gujarat,HDFC Bank,Google Pay,Android,26-35,878,0,3,SUCCESS,0,Not fraud,
617698564360,2023-11-15 10:41:52,227.86,Autopay/Mandate,Financial Services,Haryana,State Bank of India,PhonePe,Android,26-35,118,0,1,SUCCESS,0,Not fraud,
821251633092,2023-11-15 12:26:32,300.0,P2M,Utilities,Uttar Pradesh,State Bank of India,PhonePe,Android,60+,6000,0,4,DEEMED,0,Not fraud,
260845310359,2023-11-16 21:49:09,1672.64,P2M,E-commerce,Madhya Pradesh,ICICI Bank,PhonePe,Android,18-25,4780,0,7,SUCCESS,0,Not fraud,
184620792032,2023-11-17 09:26:05,2290.0,Collect Request,Not applicable,Haryana,Indian Bank,PhonePe,Android,18-25,82,1,4,SUCCESS,0,Not fraud,
758747797122,2023-11-18 07:09:54,54368.24,P2P,Not applicable,Andhra Pradesh,State Bank of India,PhonePe,Android,60+,3864,1,3,SUCCESS,1,Remote Access App Scam,51.3
124182966522,2023-11-18 08:19:52,900.0,P2M,Grocery & Supermarkets,Rajasthan,Bank of Baroda,PhonePe,iOS,26-35,1511,0,6,SUCCESS,0,Not fraud,
787827485981,2023-11-18 13:54:48,2390.0,P2P,Not applicable,Tamil Nadu,State Bank of India,BHIM,Android,60+,605,1,4,SUCCESS,0,Not fraud,
269260880746,2023-11-18 14:56:29,7040.0,P2P,Not applicable,Madhya Pradesh,Bank of India,Paytm,Android,26-35,803,0,2,SUCCESS,0,Not fraud,
467109105344,2023-11-18 15:07:39,688.66,P2M,Grocery & Supermarkets,Rajasthan,ICICI Bank,Paytm,Android,26-35,5156,0,8,SUCCESS,0,Not fraud,
515322748070,2023-11-18 18:36:06,192.09,P2P,Not applicable,Rajasthan,State Bank of India,Paytm,Android,26-35,139,0,3,SUCCESS,0,Not fraud,
924359141363,2023-11-18 20:35:24,470.0,Bill Payment,Utilities,Kerala,Other,Google Pay,Android,36-45,407,0,1,PENDING,0,Not fraud,
565978596725,2023-11-18 21:10:32,700.0,P2M,Telecom & Recharge,Maharashtra,Other,Paytm,Android,36-45,332,0,4,SUCCESS,0,Not fraud,
106970593172,2023-11-19 08:54:23,1311.43,P2P,Not applicable,Madhya Pradesh,HDFC Bank,PhonePe,Android,60+,1695,0,6,SUCCESS,0,Not fraud,
633641388704,2023-11-19 20:28:33,33621.65,P2P,Not applicable,Andhra Pradesh,Other,Paytm,Android,46-59,906,0,1,SUCCESS,1,SIM Swap/Account Takeover,4.5
632028252224,2023-11-20 14:02:38,260.0,Autopay/Mandate,Entertainment & OTT,Madhya Pradesh,Kotak Mahindra Bank,Google Pay,Android,36-45,311,0,4,FAILED,0,Not fraud,
588323264448,2023-11-20 14:46:59,125.72,P2M,Telecom & Recharge,Chhattisgarh,HDFC Bank,PhonePe,iOS,36-45,2196,0,4,SUCCESS,0,Not fraud,
558526008216,2023-11-20 15:31:26,260.0,P2P,Not applicable,Kerala,Punjab National Bank,Google Pay,Android,18-25,84,0,2,SUCCESS,0,Not fraud,
193909830555,2023-11-20 16:41:29,328.03,Bill Payment,Financial Services,Madhya Pradesh,ICICI Bank,Google Pay,Android,26-35,1166,0,4,SUCCESS,0,Not fraud,
175707955673,2023-11-21 15:08:56,595.21,P2P,Not applicable,Rajasthan,Other,Google Pay,Android,18-25,205,0,4,SUCCESS,0,Not fraud,
225930206043,2023-11-21 15:19:09,700.0,P2M,Grocery & Supermarkets,Karnataka,State Bank of India,Google Pay,Android,46-59,227,0,3,SUCCESS,0,Not fraud,
277271115311,2023-11-21 16:42:00,1900.0,P2P,Not applicable,Andhra Pradesh,Bank of Baroda,PhonePe,iOS,26-35,261,1,4,SUCCESS,0,Not fraud,
786920745693,2023-11-21 20:27:26,200.0,Bill Payment,Utilities,Karnataka,ICICI Bank,PhonePe,Android,36-45,155,0,1,SUCCESS,0,Not fraud,
500675545955,2023-11-22 08:01:35,578.97,P2M,Food & Dining,Tamil Nadu,Axis Bank,Google Pay,Android,18-25,835,1,5,SUCCESS,0,Not fraud,
729994834572,2023-11-22 13:58:50,2865.12,P2M,Education,Rajasthan,Axis Bank,Google Pay,Android,18-25,41,0,5,SUCCESS,0,Not fraud,
692625299070,2023-11-22 18:37:28,1269.36,P2M,Healthcare,Maharashtra,HDFC Bank,Amazon Pay,Android,26-35,257,0,4,SUCCESS,0,Not fraud,
295116997797,2023-11-22 19:48:08,50.07,P2M,Travel & Transport,Kerala,Kotak Mahindra Bank,Google Pay,Android,18-25,257,0,2,SUCCESS,0,Not fraud,
826096831460,2023-11-22 21:16:59,7600.0,P2P,Not applicable,Maharashtra,ICICI Bank,Paytm,Android,26-35,432,1,2,SUCCESS,1,Investment/Task Scam,15.1
760359016997,2023-11-23 14:10:22,70.0,P2M,Entertainment & OTT,Andhra Pradesh,Punjab National Bank,PhonePe,Android,26-35,271,0,5,SUCCESS,0,Not fraud,
874183692494,2023-11-23 16:36:44,640.0,P2M,Grocery & Supermarkets,Delhi,Axis Bank,BHIM,iOS,18-25,1528,0,4,SUCCESS,0,Not fraud,
688401188807,2023-11-23 17:27:26,200.0,Autopay/Mandate,Education,Gujarat,HDFC Bank,PhonePe,iOS,36-45,138,0,4,SUCCESS,0,Not fraud,
512033612769,2023-11-24 11:42:39,227.38,P2M,Utilities,Gujarat,State Bank of India,Google Pay,Android,46-59,5063,0,1,SUCCESS,0,Not fraud,
135393112431,2023-11-24 14:05:26,1660.92,Collect Request,Not applicable,Delhi,HDFC Bank,Google Pay,Android,36-45,472,1,2,SUCCESS,1,Fake Collect Request,1.8
446204961935,2023-11-24 14:55:26,200.0,P2M,Food & Dining,Andhra Pradesh,State Bank of India,PhonePe,Android,46-59,341,0,1,SUCCESS,0,Not fraud,
877520754263,2023-11-25 00:31:04,500.52,Collect Request,Not applicable,Andhra Pradesh,ICICI Bank,Google Pay,Android,18-25,175,1,4,SUCCESS,1,Fake Collect Request,43.1
326106886028,2023-11-25 09:59:31,1340.0,P2M,Utilities,Gujarat,HDFC Bank,PhonePe,Android,60+,3732,0,5,SUCCESS,0,Not fraud,
225046911982,2023-11-26 00:22:52,409.84,P2M,Food & Dining,Delhi,State Bank of India,PhonePe,Android,60+,90,0,8,SUCCESS,0,Not fraud,
155746804760,2023-11-26 11:35:52,566.28,P2P,Not applicable,Odisha,Kotak Mahindra Bank,Paytm,Android,26-35,248,0,2,SUCCESS,0,Not fraud,
472271802134,2023-11-27 19:33:43,600.0,P2M,Telecom & Recharge,Madhya Pradesh,Bank of Baroda,PhonePe,Android,46-59,360,0,6,SUCCESS,0,Not fraud,
278061076344,2023-11-28 02:50:49,294.87,P2P,Not applicable,Karnataka,State Bank of India,PhonePe,Android,36-45,1145,0,4,SUCCESS,0,Not fraud,
551558413490,2023-11-28 05:51:19,295.4,Autopay/Mandate,Entertainment & OTT,Punjab,ICICI Bank,PhonePe,Android,26-35,265,0,3,SUCCESS,0,Not fraud,
829113324055,2023-11-28 16:04:28,2350.0,P2P,Not applicable,Andhra Pradesh,State Bank of India,PhonePe,Android,26-35,1248,0,1,SUCCESS,0,Not fraud,
883863156305,2023-11-28 18:43:36,577.06,P2P,Not applicable,Karnataka,Indian Bank,Google Pay,Android,36-45,398,0,2,SUCCESS,0,Not fraud,
701238478609,2023-11-28 19:31:15,220.0,P2M,Grocery & Supermarkets,Madhya Pradesh,HDFC Bank,PhonePe,Android,36-45,651,0,3,SUCCESS,0,Not fraud,
474115703843,2023-11-29 13:32:54,100.0,P2M,Food & Dining,Maharashtra,Other,Paytm,Android,36-45,6000,1,3,SUCCESS,0,Not fraud,
548688771027,2023-11-29 16:26:13,820.0,P2M,E-commerce,Andhra Pradesh,State Bank of India,Google Pay,iOS,26-35,144,0,4,SUCCESS,0,Not fraud,
521590177606,2023-11-29 17:28:13,100.0,P2P,Not applicable,Madhya Pradesh,State Bank of India,PhonePe,Android,26-35,507,1,6,SUCCESS,0,Not fraud,
936285698914,2023-11-30 08:23:55,143.61,P2M,Travel & Transport,Gujarat,State Bank of India,PhonePe,iOS,26-35,3179,0,4,SUCCESS,0,Not fraud,
138231033657,2023-11-30 09:33:20,80.0,P2M,Food & Dining,Maharashtra,IDFC FIRST Bank,PhonePe,Android,36-45,156,0,3,SUCCESS,0,Not fraud,
694786928181,2023-11-30 16:48:34,40.0,Autopay/Mandate,Education,West Bengal,Bank of India,Paytm,iOS,46-59,116,0,1,SUCCESS,0,Not fraud,
105255966644,2023-11-30 17:14:43,3109.14,P2M,Travel & Transport,Tamil Nadu,HDFC Bank,PhonePe,Android,46-59,211,0,6,SUCCESS,0,Not fraud,
802873826732,2023-11-30 18:05:55,5100.0,Collect Request,Not applicable,Puducherry,HDFC Bank,PhonePe,Android,26-35,680,1,1,SUCCESS,1,Phishing/Vishing,31.5
163887790785,2023-12-01 11:12:17,200.0,P2M,Telecom & Recharge,Tamil Nadu,Other,PhonePe,Android,46-59,893,0,7,SUCCESS,0,Not fraud,
407948437265,2023-12-01 11:22:00,1419.26,P2M,Grocery & Supermarkets,Madhya Pradesh,State Bank of India,PhonePe,Android,26-35,175,0,5,SUCCESS,0,Not fraud,
638068751518,2023-12-01 20:27:11,1093.97,P2M,Travel & Transport,Madhya Pradesh,Bank of Baroda,Other,Android,60+,268,0,4,SUCCESS,0,Not fraud,
316644174112,2023-12-02 09:45:40,807.21,P2P,Not applicable,Jharkhand,HDFC Bank,Google Pay,Android,26-35,6000,0,4,SUCCESS,0,Not fraud,
557358434407,2023-12-02 12:16:10,3600.0,Collect Request,Not applicable,Karnataka,Other,Google Pay,Android,18-25,814,1,5,SUCCESS,0,Not fraud,
194686879140,2023-12-02 14:02:54,2574.79,P2M,Travel & Transport,Bihar,State Bank of India,PhonePe,Android,26-35,171,1,5,SUCCESS,0,Not fraud,
790236835750,2023-12-02 16:07:16,60.0,P2M,Entertainment & OTT,Andhra Pradesh,Axis Bank,PhonePe,Android,26-35,813,0,4,SUCCESS,0,Not fraud,
226811877675,2023-12-02 18:27:42,950.55,Bill Payment,Utilities,Karnataka,Other,PhonePe,Android,26-35,1536,0,1,SUCCESS,0,Not fraud,
830189273109,2023-12-02 20:13:07,258.01,P2M,E-commerce,Maharashtra,State Bank of India,PhonePe,Android,18-25,658,0,4,SUCCESS,0,Not fraud,
481067255329,2023-12-02 20:43:33,4200.0,P2P,Not applicable,Madhya Pradesh,State Bank of India,Paytm,iOS,36-45,1197,1,1,SUCCESS,0,Not fraud,
929707196467,2023-12-02 22:06:53,210.0,Autopay/Mandate,Utilities,Jharkhand,ICICI Bank,PhonePe,iOS,60+,1390,0,1,SUCCESS,0,Not fraud,
587370093872,2023-12-03 10:26:35,2911.53,P2P,Not applicable,Gujarat,State Bank of India,PhonePe,Android,18-25,1538,1,1,SUCCESS,0,Not fraud,
935828381822,2023-12-03 10:54:13,2198.46,P2P,Not applicable,Uttar Pradesh,Other,PhonePe,iOS,26-35,217,0,3,SUCCESS,0,Not fraud,
860090886234,2023-12-03 17:46:57,600.0,P2P,Not applicable,Uttar Pradesh,Other,PhonePe,Android,60+,889,0,2,SUCCESS,0,Not fraud,
110421352750,2023-12-03 18:07:17,5750.0,Collect Request,Not applicable,Uttar Pradesh,Union Bank of India,PhonePe,Android,26-35,1096,1,1,SUCCESS,1,Fake Customer Care,34.4
919906761073,2023-12-03 18:46:38,6310.0,P2P,Not applicable,Jharkhand,Kotak Mahindra Bank,PhonePe,Android,46-59,6000,1,4,SUCCESS,0,Not fraud,
396586226594,2023-12-04 09:45:29,939.52,P2M,Grocery & Supermarkets,Andhra Pradesh,HDFC Bank,Google Pay,Android,18-25,2397,0,4,SUCCESS,0,Not fraud,
693674053662,2023-12-04 16:19:01,206.82,P2P,Not applicable,West Bengal,Axis Bank,PhonePe,Android,26-35,2728,1,3,SUCCESS,0,Not fraud,
410052297717,2023-12-05 09:45:25,260.0,Autopay/Mandate,Entertainment & OTT,Uttar Pradesh,State Bank of India,Other,Android,18-25,798,0,2,SUCCESS,0,Not fraud,
284622049798,2023-12-05 12:21:02,360.0,P2M,Fuel,Karnataka,State Bank of India,Amazon Pay,Android,26-35,1920,0,6,SUCCESS,0,Not fraud,
814516247626,2023-12-05 20:45:54,2220.9,P2M,Education,Chhattisgarh,HDFC Bank,PhonePe,Android,36-45,319,0,4,SUCCESS,0,Not fraud,
672700706418,2023-12-06 10:06:17,1430.0,P2P,Not applicable,Maharashtra,Other,Google Pay,iOS,36-45,432,1,4,SUCCESS,0,Not fraud,
103589827989,2023-12-06 12:24:31,69.37,P2M,Food & Dining,Maharashtra,State Bank of India,PhonePe,Android,36-45,660,0,3,SUCCESS,0,Not fraud,
995063454932,2023-12-06 17:29:16,230.0,P2M,Grocery & Supermarkets,Karnataka,State Bank of India,Google Pay,iOS,36-45,5321,0,4,SUCCESS,0,Not fraud,
161430629525,2023-12-07 15:25:48,1570.0,P2M,Utilities,Odisha,ICICI Bank,PhonePe,Android,26-35,165,0,5,SUCCESS,0,Not fraud,
541430683155,2023-12-07 17:44:19,508.6,P2P,Not applicable,Uttar Pradesh,State Bank of India,PhonePe,Android,46-59,797,1,3,SUCCESS,0,Not fraud,
329094404056,2023-12-07 19:06:10,1419.33,Collect Request,Not applicable,Gujarat,ICICI Bank,Google Pay,iOS,46-59,2480,1,4,SUCCESS,1,Fake Collect Request,15.6
386223758936,2023-12-07 19:37:11,1469.57,P2P,Not applicable,Karnataka,Canara Bank,Paytm,Android,36-45,661,0,3,SUCCESS,0,Not fraud,
259655354847,2023-12-08 14:21:20,40.0,P2M,Utilities,Andhra Pradesh,Axis Bank,PhonePe,iOS,26-35,434,0,2,SUCCESS,0,Not fraud,
216788398700,2023-12-08 17:07:03,500.0,P2P,Not applicable,Tamil Nadu,ICICI Bank,PhonePe,Android,36-45,777,0,3,SUCCESS,0,Not fraud,
323078755118,2023-12-09 07:48:00,14800.0,P2P,Not applicable,Telangana,State Bank of India,PhonePe,Android,26-35,317,1,2,SUCCESS,1,SIM Swap/Account Takeover,66.2
220578470072,2023-12-09 13:59:37,20440.0,Autopay/Mandate,Utilities,Telangana,HDFC Bank,PhonePe,Android,26-35,6000,1,5,SUCCESS,1,Investment/Task Scam,6.0
121834473282,2023-12-09 14:10:58,186.92,P2M,Healthcare,Karnataka,ICICI Bank,PhonePe,Android,26-35,125,0,6,SUCCESS,0,Not fraud,
707380106318,2023-12-09 15:55:34,470.0,Bill Payment,Financial Services,Telangana,Other,PhonePe,Android,46-59,703,0,3,SUCCESS,0,Not fraud,
404824286196,2023-12-09 18:26:53,2940.0,Bill Payment,Education,Puducherry,Axis Bank,Google Pay,Android,26-35,46,0,3,SUCCESS,0,Not fraud,
763599562550,2023-12-09 22:22:53,1060.0,P2P,Not applicable,Bihar,State Bank of India,PhonePe,iOS,46-59,297,0,1,SUCCESS,0,Not fraud,
257269707954,2023-12-10 15:51:45,2870.0,P2P,Not applicable,Gujarat,Kotak Mahindra Bank,Google Pay,iOS,26-35,482,0,1,SUCCESS,0,Not fraud,
610663596643,2023-12-11 07:01:32,1742.29,P2M,Financial Services,Maharashtra,Bank of India,Google Pay,Android,60+,2389,0,10,SUCCESS,0,Not fraud,
364162621026,2023-12-11 10:08:39,600.0,P2P,Not applicable,Chhattisgarh,Bank of Baroda,Google Pay,Android,26-35,249,0,3,SUCCESS,0,Not fraud,
485345901949,2023-12-11 11:05:42,9200.0,Bill Payment,Utilities,Maharashtra,State Bank of India,BHIM,Android,26-35,35,0,2,SUCCESS,0,Not fraud,
464560378565,2023-12-11 13:19:31,900.0,P2M,Grocery & Supermarkets,Telangana,State Bank of India,Google Pay,Android,18-25,837,0,3,SUCCESS,0,Not fraud,
690570921391,2023-12-11 13:41:03,55.48,P2M,Telecom & Recharge,Uttar Pradesh,Bank of Baroda,Google Pay,Feature Phone (USSD),36-45,180,1,3,SUCCESS,0,Not fraud,
287347019502,2023-12-12 09:19:14,290.0,P2P,Not applicable,Tamil Nadu,HDFC Bank,Google Pay,Android,18-25,709,1,2,SUCCESS,0,Not fraud,
447837217468,2023-12-12 16:09:54,200.0,P2M,Healthcare,Maharashtra,Punjab National Bank,Google Pay,iOS,26-35,141,1,2,SUCCESS,0,Not fraud,
765953178432,2023-12-12 17:37:29,1850.95,Bill Payment,Utilities,Uttar Pradesh,Other,PhonePe,Android,36-45,571,0,3,SUCCESS,0,Not fraud,
736707248952,2023-12-13 09:28:31,1540.0,P2P,Not applicable,Goa,Other,PhonePe,Android,26-35,2250,1,4,SUCCESS,0,Not fraud,
424257959044,2023-12-13 11:12:19,1000.0,Autopay/Mandate,Telecom & Recharge,Madhya Pradesh,Other,Other,Android,26-35,94,0,2,SUCCESS,0,Not fraud,
195861137888,2023-12-13 13:09:07,700.0,P2P,Not applicable,Karnataka,Punjab National Bank,Google Pay,Android,60+,525,1,3,SUCCESS,0,Not fraud,
385139863529,2023-12-13 16:38:38,834.65,P2M,Entertainment & OTT,Andhra Pradesh,Union Bank of India,PhonePe,Android,26-35,420,0,2,SUCCESS,0,Not fraud,
338952674660,2023-12-13 17:33:08,1592.3,P2M,Grocery & Supermarkets,Karnataka,Bank of Baroda,Google Pay,Android,26-35,76,0,5,SUCCESS,0,Not fraud,
309254553938,2023-12-14 07:32:39,300.0,P2P,Not applicable,Rajasthan,Punjab National Bank,PhonePe,iOS,26-35,154,1,5,SUCCESS,0,Not fraud,
233383139513,2023-12-14 17:25:05,560.0,P2P,Not applicable,Karnataka,ICICI Bank,Google Pay,Android,18-25,1412,0,3,SUCCESS,0,Not fraud,
891435028742,2023-12-14 18:31:00,4020.0,P2P,Not applicable,Gujarat,Punjab National Bank,Google Pay,Android,26-35,90,0,3,SUCCESS,0,Not fraud,
591489722417,2023-12-14 19:33:25,500.0,P2M,Food & Dining,Andhra Pradesh,State Bank of India,PhonePe,Android,36-45,315,0,8,SUCCESS,0,Not fraud,
146450711727,2023-12-14 22:56:58,44200.0,P2P,Not applicable,Karnataka,State Bank of India,Amazon Pay,Android,18-25,938,1,1,SUCCESS,1,Investment/Task Scam,48.9
727779566155,2023-12-15 06:45:55,8000.0,P2P,Not applicable,Uttar Pradesh,Other,Google Pay,Android,26-35,1579,0,4,SUCCESS,0,Not fraud,
180980859354,2023-12-15 07:05:09,484.68,Autopay/Mandate,Telecom & Recharge,Karnataka,Other,PhonePe,Android,18-25,83,0,5,SUCCESS,0,Not fraud,
288995739693,2023-12-15 09:12:58,1590.0,P2M,Financial Services,Karnataka,Union Bank of India,Google Pay,Android,26-35,1851,0,3,SUCCESS,0,Not fraud,
472941190029,2023-12-15 13:00:11,108.23,P2M,Telecom & Recharge,Karnataka,Other,Google Pay,Android,26-35,420,0,4,SUCCESS,0,Not fraud,
236791978828,2023-12-15 20:42:35,534.83,Autopay/Mandate,Entertainment & OTT,Telangana,Punjab National Bank,PhonePe,Android,18-25,167,0,4,SUCCESS,0,Not fraud,
589344135294,2023-12-16 09:09:13,134.4,P2P,Not applicable,Jammu & Kashmir,State Bank of India,PhonePe,iOS,36-45,258,0,4,SUCCESS,0,Not fraud,
265784483512,2023-12-16 10:03:47,2000.0,P2M,Financial Services,Maharashtra,ICICI Bank,PhonePe,Android,26-35,743,0,2,SUCCESS,0,Not fraud,
781166816864,2023-12-17 11:18:45,194.38,P2M,Food & Dining,Maharashtra,State Bank of India,PhonePe,Android,18-25,243,0,3,SUCCESS,0,Not fraud,
632406510544,2023-12-17 11:48:54,4277.28,Autopay/Mandate,Entertainment & OTT,Telangana,ICICI Bank,PhonePe,Android,18-25,6000,0,2,SUCCESS,0,Not fraud,
849331317881,2023-12-17 16:07:21,2000.0,P2M,Fuel,Maharashtra,Bank of India,PhonePe,iOS,18-25,377,0,4,DEEMED,0,Not fraud,
233769408020,2023-12-17 16:35:22,926.0,P2P,Not applicable,Jammu & Kashmir,Yes Bank,PhonePe,Android,26-35,181,0,2,SUCCESS,0,Not fraud,
792882343703,2023-12-17 17:45:52,240.0,P2M,Utilities,Uttarakhand,Axis Bank,Google Pay,Android,18-25,164,0,3,SUCCESS,0,Not fraud,
537008415505,2023-12-17 18:40:59,1220.0,P2M,Travel & Transport,Karnataka,Axis Bank,PhonePe,Android,36-45,90,1,2,SUCCESS,0,Not fraud,
937331406919,2023-12-18 01:03:35,1561.44,Autopay/Mandate,Entertainment & OTT,Rajasthan,Other,PhonePe,Android,18-25,350,0,4,SUCCESS,0,Not fraud,
925163840212,2023-12-18 03:09:22,110.0,Autopay/Mandate,Entertainment & OTT,Telangana,Kotak Mahindra Bank,PhonePe,Android,36-45,2376,0,2,SUCCESS,0,Not fraud,
788938778267,2023-12-18 12:04:17,752.62,P2P,Not applicable,Delhi,State Bank of India,Amazon Pay,Android,60+,463,0,5,SUCCESS,0,Not fraud,
886582116149,2023-12-18 16:25:06,140.0,P2M,Food & Dining,Madhya Pradesh,ICICI Bank,Google Pay,Android,18-25,407,0,5,SUCCESS,0,Not fraud,
154580270352,2023-12-18 18:08:37,2770.0,Bill Payment,Telecom & Recharge,Odisha,Axis Bank,PhonePe,Android,36-45,1611,0,3,SUCCESS,0,Not fraud,
470211457707,2023-12-19 16:16:50,1600.0,P2P,Not applicable,Jharkhand,HDFC Bank,PhonePe,iOS,36-45,2563,0,4,SUCCESS,0,Not fraud,
204007201163,2023-12-19 20:18:58,1528.35,P2P,Not applicable,Telangana,State Bank of India,PhonePe,iOS,36-45,189,0,2,SUCCESS,0,Not fraud,
643148165968,2023-12-20 15:35:07,1789.32,Autopay/Mandate,Telecom & Recharge,Telangana,Axis Bank,PhonePe,iOS,26-35,824,0,2,SUCCESS,0,Not fraud,
666314828717,2023-12-20 17:40:26,263.7,Collect Request,Not applicable,Gujarat,Canara Bank,Google Pay,Android,18-25,644,1,7,SUCCESS,0,Not fraud,
341596324750,2023-12-20 18:17:26,30700.0,Collect Request,Not applicable,Rajasthan,State Bank of India,Google Pay,Android,18-25,3032,1,3,SUCCESS,1,Fake Customer Care,25.2
267515545791,2023-12-20 20:24:27,804.32,Collect Request,Not applicable,Gujarat,ICICI Bank,PhonePe,Android,18-25,553,1,5,SUCCESS,1,Fake Collect Request,12.4
776716978292,2023-12-20 21:17:04,403.77,P2M,Food & Dining,Kerala,State Bank of India,Google Pay,iOS,26-35,1044,0,5,SUCCESS,0,Not fraud,
189312905802,2023-12-21 08:44:39,1207.04,P2M,Entertainment & OTT,Bihar,Union Bank of India,Google Pay,Android,18-25,329,0,2,SUCCESS,0,Not fraud,
480252131626,2023-12-21 08:53:20,460.0,P2M,E-commerce,Haryana,Other,Google Pay,iOS,18-25,434,0,5,SUCCESS,0,Not fraud,
298081507568,2023-12-21 11:08:55,240.0,P2M,Grocery & Supermarkets,Haryana,HDFC Bank,Google Pay,Android,60+,3030,0,6,SUCCESS,0,Not fraud,
877901079006,2023-12-22 10:38:28,210.0,P2M,Grocery & Supermarkets,Haryana,ICICI Bank,PhonePe,Android,36-45,1102,0,5,SUCCESS,0,Not fraud,
734044832126,2023-12-22 11:15:01,750.0,P2M,Utilities,Andhra Pradesh,HDFC Bank,Paytm,Android,26-35,1549,0,3,SUCCESS,0,Not fraud,
501124158563,2023-12-23 08:33:35,1962.7,Collect Request,Not applicable,Telangana,Other,PhonePe,Android,26-35,1968,1,2,SUCCESS,1,Fake Collect Request,12.7
707748882321,2023-12-23 11:34:42,1300.0,Bill Payment,Telecom & Recharge,Assam,Punjab National Bank,Paytm,Android,26-35,213,0,5,SUCCESS,0,Not fraud,
447981291976,2023-12-23 12:29:07,490.12,P2M,Grocery & Supermarkets,Jammu & Kashmir,Punjab National Bank,Google Pay,iOS,26-35,506,0,3,SUCCESS,0,Not fraud,
816685567398,2023-12-23 15:27:12,103.78,Autopay/Mandate,Entertainment & OTT,Rajasthan,Union Bank of India,PhonePe,Android,26-35,439,0,4,SUCCESS,0,Not fraud,
708806178760,2023-12-24 11:32:02,300.0,P2M,Grocery & Supermarkets,Telangana,State Bank of India,Google Pay,Android,26-35,1096,0,4,SUCCESS,0,Not fraud,
817693983678,2023-12-24 20:11:07,660.0,P2M,Travel & Transport,Maharashtra,Other,PhonePe,Android,26-35,1063,0,4,SUCCESS,0,Not fraud,
970919703363,2023-12-25 03:16:05,960.0,Autopay/Mandate,Entertainment & OTT,Maharashtra,Axis Bank,PhonePe,Android,18-25,2131,0,3,SUCCESS,0,Not fraud,
319833135073,2023-12-25 06:32:58,1260.0,Autopay/Mandate,Financial Services,Kerala,Other,BHIM,Android,36-45,557,0,2,SUCCESS,0,Not fraud,
513971142284,2023-12-25 12:32:41,100.0,P2M,Food & Dining,Madhya Pradesh,State Bank of India,PhonePe,Android,18-25,127,0,6,SUCCESS,0,Not fraud,
589641116708,2023-12-25 13:54:48,290.0,P2M,Grocery & Supermarkets,West Bengal,State Bank of India,PhonePe,Android,18-25,1773,0,7,SUCCESS,0,Not fraud,
459297136585,2023-12-25 14:55:51,540.0,P2M,Others,Andhra Pradesh,HDFC Bank,Google Pay,Android,26-35,1744,0,4,FAILED,0,Not fraud,
627215960584,2023-12-25 16:37:22,1700.0,P2M,Grocery & Supermarkets,Maharashtra,Axis Bank,Paytm,iOS,18-25,1760,0,3,SUCCESS,0,Not fraud,
373796198766,2023-12-25 17:21:56,644.04,P2P,Not applicable,Rajasthan,State Bank of India,PhonePe,iOS,36-45,338,0,3,SUCCESS,0,Not fraud,
671463919694,2023-12-25 17:47:00,1530.0,P2M,Education,Tamil Nadu,Punjab National Bank,PhonePe,Android,26-35,253,0,2,SUCCESS,0,Not fraud,
335621665364,2023-12-25 18:30:49,1298.06,Autopay/Mandate,Financial Services,Andhra Pradesh,Bank of India,Google Pay,Android,36-45,4260,0,3,SUCCESS,0,Not fraud,
147372637063,2023-12-26 06:22:56,308.58,P2M,Grocery & Supermarkets,Chandigarh,Punjab National Bank,PhonePe,iOS,36-45,789,0,4,SUCCESS,0,Not fraud,
941986146590,2023-12-26 16:42:37,31770.0,P2P,Not applicable,Delhi,HDFC Bank,PhonePe,Android,26-35,378,0,2,SUCCESS,0,Not fraud,
502731941193,2023-12-26 17:53:16,1300.0,P2P,Not applicable,Maharashtra,Bank of Baroda,PhonePe,Android,26-35,2531,0,2,SUCCESS,0,Not fraud,
305789936394,2023-12-26 21:29:56,729.98,P2P,Not applicable,Andhra Pradesh,Bank of Baroda,Google Pay,Android,18-25,1531,0,4,SUCCESS,0,Not fraud,
570855893168,2023-12-27 13:35:37,145.45,P2M,Grocery & Supermarkets,Kerala,Indian Bank,PhonePe,Android,26-35,167,0,2,SUCCESS,0,Not fraud,
719916599542,2023-12-27 15:16:23,505.08,P2P,Not applicable,Jharkhand,State Bank of India,PhonePe,Feature Phone (USSD),26-35,106,0,1,SUCCESS,0,Not fraud,
747625712373,2023-12-27 17:01:10,60.0,P2M,Food & Dining,Karnataka,Kotak Mahindra Bank,PhonePe,iOS,18-25,1474,0,8,SUCCESS,0,Not fraud,
138376524385,2023-12-27 18:31:33,890.0,P2M,Healthcare,Karnataka,State Bank of India,PhonePe,Android,18-25,241,0,4,SUCCESS,0,Not fraud,
225659485106,2023-12-27 21:44:13,403.69,P2M,Grocery & Supermarkets,Delhi,HDFC Bank,PhonePe,iOS,18-25,293,0,8,SUCCESS,0,Not fraud,
408846418340,2023-12-28 13:30:53,160.0,P2P,Not applicable,Jharkhand,State Bank of India,Amazon Pay,iOS,26-35,2686,1,3,SUCCESS,0,Not fraud,
657047233436,2023-12-28 14:17:18,480.0,P2P,Not applicable,Karnataka,State Bank of India,PhonePe,Android,26-35,2385,0,3,SUCCESS,0,Not fraud,
989035347886,2023-12-28 16:43:48,208.93,P2M,Grocery & Supermarkets,Karnataka,HDFC Bank,PhonePe,Android,18-25,487,0,1,SUCCESS,0,Not fraud,
116047750806,2023-12-28 18:19:32,400.0,P2M,Food & Dining,Gujarat,ICICI Bank,Google Pay,Android,46-59,1298,0,4,SUCCESS,0,Not fraud,
272232849084,2023-12-29 13:49:16,1380.0,P2M,Education,Tamil Nadu,HDFC Bank,Google Pay,Android,36-45,593,0,3,FAILED,0,Not fraud,
923145053916,2023-12-30 16:13:56,2670.24,Collect Request,Not applicable,Andhra Pradesh,ICICI Bank,PhonePe,Android,46-59,245,1,5,SUCCESS,1,Fake Collect Request,19.1
907234984448,2023-12-30 18:36:31,60.17,P2P,Not applicable,Assam,ICICI Bank,Google Pay,Android,60+,1683,0,4,SUCCESS,0,Not fraud,
379773278245,2023-12-30 20:17:08,266.61,P2M,Utilities,Bihar,Punjab National Bank,PhonePe,Android,36-45,1741,0,4,SUCCESS,0,Not fraud,
426231531041,2023-12-31 00:21:28,2996.1,P2P,Not applicable,Telangana,IndusInd Bank,PhonePe,Android,36-45,2003,0,2,SUCCESS,0,Not fraud,
349929978615,2023-12-31 14:52:04,587.83,P2P,Not applicable,Punjab,HDFC Bank,Google Pay,iOS,46-59,153,0,2,SUCCESS,0,Not fraud,
892412589999,2023-12-31 18:01:02,100000.0,P2P,Not applicable,Gujarat,HDFC Bank,Google Pay,Feature Phone (USSD),26-35,3186,1,1,SUCCESS,1,Remote Access App Scam,73.0
541667491484,2023-12-31 19:49:13,2477.46,P2M,Education,Karnataka,ICICI Bank,PhonePe,iOS,26-35,461,0,3,SUCCESS,0,Not fraud,
557693734163,2023-12-31 20:08:24,420.0,P2M,Fuel,Rajasthan,Punjab National Bank,PhonePe,Android,36-45,884,0,2,SUCCESS,0,Not fraud,
193203881862,2024-01-01 14:58:12,691.14,Autopay/Mandate,Entertainment & OTT,West Bengal,State Bank of India,Google Pay,iOS,46-59,199,0,2,SUCCESS,0,Not fraud,
890342656041,2024-01-01 18:12:59,680.0,P2M,Education,Delhi,HDFC Bank,Google Pay,Android,26-35,163,0,2,FAILED,0,Not fraud,
341057102128,2024-01-01 18:35:22,3600.0,P2M,Travel & Transport,Uttar Pradesh,Punjab National Bank,PhonePe,iOS,26-35,347,0,8,SUCCESS,0,Not fraud,
186291213277,2024-01-02 09:33:46,300.0,P2M,Food & Dining,Karnataka,State Bank of India,PhonePe,Android,26-35,2304,0,3,SUCCESS,0,Not fraud,
290138462922,2024-01-02 13:21:11,3700.0,P2P,Not applicable,Maharashtra,ICICI Bank,PhonePe,Android,26-35,2642,0,2,SUCCESS,0,Not fraud,
391545984632,2024-01-02 15:53:32,2770.0,Collect Request,Not applicable,Madhya Pradesh,State Bank of India,PhonePe,Android,26-35,1178,1,1,SUCCESS,1,Fake Collect Request,11.4
851552689575,2024-01-02 18:46:48,1125.92,P2P,Not applicable,Delhi,HDFC Bank,Other,Android,36-45,186,0,3,SUCCESS,0,Not fraud,
479403845113,2024-01-02 20:12:16,1070.0,P2P,Not applicable,Tamil Nadu,Axis Bank,Google Pay,Android,26-35,5754,0,3,SUCCESS,0,Not fraud,
817371447929,2024-01-02 22:24:00,1330.0,P2M,Fuel,Punjab,IDFC FIRST Bank,Other,Android,18-25,1572,0,2,SUCCESS,0,Not fraud,
722795094414,2024-01-03 07:56:06,1951.05,P2P,Not applicable,Delhi,Axis Bank,PhonePe,Android,26-35,1012,1,5,SUCCESS,0,Not fraud,
661535566077,2024-01-03 08:30:58,270.0,P2M,Food & Dining,Telangana,Punjab National Bank,Amazon Pay,Android,26-35,1045,0,2,SUCCESS,0,Not fraud,
924302777173,2024-01-03 12:13:30,630.15,Bill Payment,Education,Karnataka,HDFC Bank,Google Pay,Android,26-35,214,0,3,SUCCESS,0,Not fraud,
239356822865,2024-01-04 10:04:45,3586.75,P2M,Travel & Transport,Bihar,HDFC Bank,PhonePe,Android,36-45,40,0,5,SUCCESS,0,Not fraud,
875360499675,2024-01-04 10:51:00,200.0,P2M,Others,Tamil Nadu,State Bank of India,PhonePe,iOS,18-25,804,0,3,SUCCESS,0,Not fraud,
566967248345,2024-01-04 18:48:42,346.3,Bill Payment,Education,Tamil Nadu,State Bank of India,Google Pay,Android,18-25,295,0,4,SUCCESS,0,Not fraud,
858065563591,2024-01-05 09:40:54,1400.0,P2M,Grocery & Supermarkets,Gujarat,HDFC Bank,Other,Android,36-45,171,0,2,SUCCESS,0,Not fraud,
173985992369,2024-01-05 13:26:49,518.27,P2M,Fuel,Maharashtra,HDFC Bank,PhonePe,iOS,36-45,387,0,7,SUCCESS,0,Not fraud,
994849226019,2024-01-05 14:04:42,1400.0,P2P,Not applicable,Telangana,ICICI Bank,Google Pay,Android,26-35,427,0,2,SUCCESS,0,Not fraud,
810470752456,2024-01-05 19:58:37,1958.85,P2P,Not applicable,Telangana,Union Bank of India,Google Pay,Android,18-25,3013,0,1,SUCCESS,0,Not fraud,
193335937156,2024-01-05 21:15:54,1000.0,P2M,E-commerce,Odisha,Punjab National Bank,PhonePe,Android,36-45,448,0,9,SUCCESS,0,Not fraud,
842676074610,2024-01-06 02:52:49,110.0,Bill Payment,Education,Madhya Pradesh,ICICI Bank,PhonePe,Android,46-59,749,0,1,SUCCESS,0,Not fraud,
791730988496,2024-01-06 11:48:52,4000.0,P2M,E-commerce,Andhra Pradesh,Bank of Baroda,PhonePe,iOS,26-35,1214,0,5,SUCCESS,0,Not fraud,
132386766207,2024-01-06 12:16:53,2000.0,Bill Payment,Telecom & Recharge,Odisha,State Bank of India,PhonePe,Android,26-35,653,0,1,SUCCESS,0,Not fraud,
297566676011,2024-01-06 12:48:11,2000.0,P2P,Not applicable,Maharashtra,ICICI Bank,PhonePe,Android,26-35,218,0,1,SUCCESS,0,Not fraud,
301142161837,2024-01-06 18:10:44,434.04,P2P,Not applicable,Delhi,Other,PhonePe,Android,36-45,473,0,2,SUCCESS,0,Not fraud,
264128919424,2024-01-06 20:23:34,1125.83,Collect Request,Not applicable,Telangana,Yes Bank,Other,Android,26-35,482,1,3,SUCCESS,0,Not fraud,
142079502552,2024-01-06 21:42:54,456.44,P2P,Not applicable,Bihar,State Bank of India,PhonePe,Android,46-59,425,0,3,SUCCESS,0,Not fraud,
628063134036,2024-01-07 21:43:59,3526.55,Bill Payment,Utilities,Tamil Nadu,State Bank of India,PhonePe,Android,36-45,157,0,2,SUCCESS,0,Not fraud,
154432385143,2024-01-07 21:50:00,320.0,P2M,Food & Dining,Karnataka,Punjab National Bank,PhonePe,Android,26-35,141,0,4,SUCCESS,0,Not fraud,
962229759871,2024-01-07 22:47:00,134.87,P2M,Healthcare,Chhattisgarh,Bank of Baroda,Paytm,Android,26-35,299,0,1,SUCCESS,0,Not fraud,
162789232465,2024-01-08 22:45:41,1501.1,P2M,Grocery & Supermarkets,Rajasthan,HDFC Bank,PhonePe,Android,46-59,161,1,6,SUCCESS,0,Not fraud,
332559369450,2024-01-09 13:04:52,830.0,P2M,Travel & Transport,Andhra Pradesh,State Bank of India,PhonePe,Android,26-35,6000,0,7,SUCCESS,0,Not fraud,
425934475025,2024-01-09 17:29:35,208.4,P2M,Telecom & Recharge,Karnataka,State Bank of India,PhonePe,iOS,60+,730,0,1,SUCCESS,0,Not fraud,
532441196611,2024-01-09 18:31:37,600.0,P2M,Grocery & Supermarkets,Gujarat,Punjab National Bank,PhonePe,iOS,26-35,277,0,4,SUCCESS,0,Not fraud,
753364178256,2024-01-09 19:21:04,524.59,P2M,Grocery & Supermarkets,Bihar,Other,PhonePe,Android,36-45,1849,0,3,SUCCESS,0,Not fraud,
506036013602,2024-01-09 20:22:08,600.98,Autopay/Mandate,Financial Services,Gujarat,State Bank of India,PhonePe,Android,46-59,274,0,1,SUCCESS,0,Not fraud,
126998836626,2024-01-10 14:22:52,258.72,Autopay/Mandate,Financial Services,Odisha,Yes Bank,Google Pay,Android,26-35,2999,0,6,SUCCESS,0,Not fraud,
854068101363,2024-01-10 19:46:10,5110.0,P2M,Grocery & Supermarkets,Karnataka,Other,Google Pay,iOS,18-25,3422,1,4,SUCCESS,1,Investment/Task Scam,27.0
937341480689,2024-01-11 02:31:56,800.0,P2M,Grocery & Supermarkets,Andhra Pradesh,Canara Bank,PhonePe,iOS,26-35,1337,0,1,SUCCESS,0,Not fraud,
598379146159,2024-01-11 20:06:25,1000.0,P2P,Not applicable,Madhya Pradesh,Axis Bank,Paytm,Android,36-45,293,1,2,SUCCESS,0,Not fraud,
892519214725,2024-01-11 21:09:50,3200.0,P2P,Not applicable,Jharkhand,HDFC Bank,PhonePe,Android,46-59,6000,0,4,SUCCESS,0,Not fraud,
463616687640,2024-01-12 00:35:00,3000.0,Bill Payment,Utilities,Maharashtra,HDFC Bank,PhonePe,Android,18-25,1224,1,2,SUCCESS,0,Not fraud,
454479254412,2024-01-12 08:44:09,876.07,P2M,Travel & Transport,Madhya Pradesh,ICICI Bank,Google Pay,Android,36-45,536,0,7,FAILED,0,Not fraud,
730762858207,2024-01-12 11:42:01,4310.0,P2P,Not applicable,Delhi,HDFC Bank,Google Pay,Android,26-35,300,1,4,SUCCESS,1,Phishing/Vishing,29.5
674980098547,2024-01-13 09:55:22,1025.24,P2P,Not applicable,Telangana,State Bank of India,Amazon Pay,Android,18-25,100,0,1,SUCCESS,0,Not fraud,
758889159117,2024-01-13 14:22:50,1033.01,P2M,Food & Dining,Tamil Nadu,HDFC Bank,Google Pay,Android,60+,1017,0,2,PENDING,0,Not fraud,
147905907381,2024-01-13 14:58:56,265.48,P2M,Healthcare,Delhi,State Bank of India,PhonePe,Android,18-25,2237,0,3,SUCCESS,0,Not fraud,
162783283260,2024-01-13 17:04:15,500.0,P2M,E-commerce,Puducherry,HDFC Bank,CRED,iOS,26-35,6000,0,5,SUCCESS,0,Not fraud,
677751910139,2024-01-13 17:27:46,4500.0,P2P,Not applicable,Uttar Pradesh,ICICI Bank,PhonePe,Android,36-45,336,0,4,SUCCESS,0,Not fraud,
436157300448,2024-01-13 23:07:52,13425.15,Collect Request,Not applicable,Maharashtra,State Bank of India,Google Pay,Android,36-45,494,1,1,SUCCESS,1,Fake Customer Care,70.2
644409003350,2024-01-14 13:08:16,210.0,Autopay/Mandate,Telecom & Recharge,Uttar Pradesh,State Bank of India,CRED,iOS,18-25,297,0,3,SUCCESS,0,Not fraud,
792370188125,2024-01-15 12:46:26,370.0,Autopay/Mandate,Utilities,Madhya Pradesh,State Bank of India,Paytm,Feature Phone (USSD),18-25,1098,0,3,SUCCESS,0,Not fraud,
524236406042,2024-01-15 18:48:33,30.0,P2M,Utilities,Odisha,IDFC FIRST Bank,Google Pay,Android,18-25,620,0,3,SUCCESS,0,Not fraud,
737602903474,2024-01-15 19:36:42,900.0,P2P,Not applicable,Kerala,Kotak Mahindra Bank,Google Pay,Android,36-45,1140,1,2,SUCCESS,0,Not fraud,
187322132422,2024-01-15 21:50:57,1110.0,P2M,Grocery & Supermarkets,Andhra Pradesh,HDFC Bank,Google Pay,Android,26-35,388,0,6,SUCCESS,0,Not fraud,
627278257593,2024-01-16 08:36:22,134.65,P2P,Not applicable,Chandigarh,Bank of Baroda,PhonePe,Android,18-25,623,0,3,SUCCESS,0,Not fraud,
484757333326,2024-01-16 13:36:41,885.76,P2M,Food & Dining,Maharashtra,Other,PhonePe,Feature Phone (USSD),18-25,69,0,3,SUCCESS,0,Not fraud,
660806830773,2024-01-17 19:05:42,1326.39,P2M,Food & Dining,Assam,ICICI Bank,Amazon Pay,Android,60+,52,0,4,SUCCESS,0,Not fraud,
572030608825,2024-01-17 22:13:14,100.0,P2M,Others,Bihar,Bank of Baroda,Google Pay,iOS,18-25,282,0,3,SUCCESS,0,Not fraud,
758917446566,2024-01-18 13:27:08,100.0,P2P,Not applicable,Maharashtra,HDFC Bank,Paytm,Android,26-35,854,1,2,SUCCESS,0,Not fraud,
871171488936,2024-01-20 09:39:23,949.45,P2M,Entertainment & OTT,Gujarat,IDFC FIRST Bank,Google Pay,Android,26-35,1435,0,4,SUCCESS,0,Not fraud,
511050831231,2024-01-20 11:49:37,670.0,P2P,Not applicable,Maharashtra,Other,Other,Android,18-25,78,1,8,SUCCESS,0,Not fraud,
558522700381,2024-01-20 14:27:20,150.15,P2M,Food & Dining,Assam,Indian Bank,Google Pay,Android,36-45,408,0,5,PENDING,0,Not fraud,
703828050054,2024-01-20 17:41:31,300.0,P2M,Telecom & Recharge,Karnataka,Bank of India,PhonePe,Android,46-59,1223,0,4,SUCCESS,0,Not fraud,
762958022488,2024-01-20 21:32:24,380.0,P2M,Grocery & Supermarkets,Maharashtra,IndusInd Bank,PhonePe,Android,26-35,300,0,3,SUCCESS,0,Not fraud,
376384268915,2024-01-21 09:30:42,190.0,P2M,Fuel,Maharashtra,HDFC Bank,PhonePe,Android,36-45,239,0,5,SUCCESS,0,Not fraud,
310347704732,2024-01-21 12:55:38,660.0,P2M,Grocery & Supermarkets,Uttar Pradesh,Axis Bank,PhonePe,Android,18-25,345,0,7,SUCCESS,0,Not fraud,
812299664827,2024-01-21 13:39:17,2010.0,Bill Payment,Financial Services,Karnataka,Axis Bank,Google Pay,Android,36-45,1193,0,1,SUCCESS,0,Not fraud,
147118906181,2024-01-21 19:52:23,1628.21,P2M,Financial Services,Andhra Pradesh,HDFC Bank,Google Pay,Android,36-45,298,0,5,SUCCESS,0,Not fraud,
419816868855,2024-01-23 13:22:44,580.0,P2P,Not applicable,Rajasthan,Union Bank of India,Google Pay,Android,46-59,132,0,1,SUCCESS,0,Not fraud,
719103159708,2024-01-23 21:19:29,348.29,P2M,Grocery & Supermarkets,Maharashtra,Other,Google Pay,Android,36-45,561,0,3,SUCCESS,0,Not fraud,
371628003762,2024-01-24 16:01:24,2800.0,P2M,Grocery & Supermarkets,Karnataka,State Bank of India,Google Pay,Android,36-45,1098,0,4,SUCCESS,0,Not fraud,
712270828833,2024-01-25 09:14:05,1800.0,Bill Payment,Utilities,Uttar Pradesh,Other,PhonePe,iOS,18-25,625,0,2,SUCCESS,0,Not fraud,
777797863440,2024-01-25 09:41:42,5100.0,P2P,Not applicable,Karnataka,State Bank of India,Google Pay,iOS,46-59,1070,0,2,SUCCESS,0,Not fraud,
750254333229,2024-01-25 16:20:32,532.65,Autopay/Mandate,Utilities,Assam,Indian Bank,CRED,iOS,26-35,386,0,3,SUCCESS,0,Not fraud,
590279444036,2024-01-25 20:48:59,1221.14,P2P,Not applicable,Chhattisgarh,Indian Bank,PhonePe,Android,18-25,567,0,3,SUCCESS,0,Not fraud,
980765127598,2024-01-26 13:02:06,100.0,P2M,Grocery & Supermarkets,Maharashtra,Indian Bank,PhonePe,Android,46-59,934,0,3,SUCCESS,0,Not fraud,
123905232870,2024-01-26 13:06:13,30.0,P2M,Grocery & Supermarkets,Rajasthan,State Bank of India,Google Pay,Android,26-35,423,0,7,SUCCESS,0,Not fraud,
443555561522,2024-01-26 18:11:26,740.17,Collect Request,Not applicable,Rajasthan,Indian Bank,Google Pay,Android,26-35,1787,0,2,SUCCESS,0,Not fraud,
566043155170,2024-01-26 21:23:55,1000.0,P2P,Not applicable,Karnataka,State Bank of India,Google Pay,Android,36-45,910,1,7,SUCCESS,0,Not fraud,
330504980400,2024-01-27 08:09:05,500.0,P2M,Grocery & Supermarkets,Karnataka,Axis Bank,Google Pay,iOS,36-45,2121,0,4,SUCCESS,0,Not fraud,
775176906373,2024-01-27 08:17:00,1195.94,P2P,Not applicable,Chhattisgarh,Other,Google Pay,Android,26-35,521,1,2,SUCCESS,0,Not fraud,
519801750724,2024-01-27 13:28:01,2400.0,P2M,Education,Assam,Bank of Baroda,Google Pay,Android,18-25,33,0,4,SUCCESS,0,Not fraud,
610564645272,2024-01-28 08:59:34,2400.0,P2P,Not applicable,Rajasthan,ICICI Bank,PhonePe,Android,46-59,3225,0,2,SUCCESS,0,Not fraud,
734502045184,2024-01-28 10:30:35,25496.13,P2P,Not applicable,Tripura,Bank of Baroda,Google Pay,Android,18-25,215,0,2,SUCCESS,1,Investment/Task Scam,2.6
573882814918,2024-01-28 11:59:04,130.0,P2M,E-commerce,Madhya Pradesh,HDFC Bank,PhonePe,iOS,46-59,1526,0,1,SUCCESS,0,Not fraud,
157595731136,2024-01-28 17:15:19,510.04,P2M,Food & Dining,Telangana,HDFC Bank,Google Pay,Android,26-35,20,0,5,SUCCESS,0,Not fraud,
766936367186,2024-01-28 18:15:28,453.33,P2M,Grocery & Supermarkets,Tamil Nadu,Punjab National Bank,Paytm,Android,46-59,27,0,8,SUCCESS,0,Not fraud,
918022139147,2024-01-29 09:32:14,1310.0,P2P,Not applicable,Telangana,Canara Bank,Google Pay,Android,18-25,1841,0,2,SUCCESS,0,Not fraud,
851731498829,2024-01-29 19:04:02,96.09,Autopay/Mandate,Financial Services,Assam,State Bank of India,Google Pay,Android,26-35,346,0,3,SUCCESS,0,Not fraud,
766319660253,2024-01-29 19:41:56,5550.0,Collect Request,Not applicable,Tamil Nadu,HDFC Bank,Google Pay,Android,18-25,345,1,1,SUCCESS,1,Fake Collect Request,29.9
573858367857,2024-01-29 20:39:17,940.0,P2P,Not applicable,Rajasthan,Other,Other,Android,46-59,618,0,2,SUCCESS,0,Not fraud,
796333709940,2024-01-30 18:09:23,1680.0,P2M,Education,Maharashtra,Axis Bank,Google Pay,Android,26-35,192,0,6,SUCCESS,0,Not fraud,
489544950361,2024-01-30 19:54:53,160.1,P2M,Grocery & Supermarkets,Karnataka,Other,Google Pay,Android,46-59,232,0,3,SUCCESS,0,Not fraud,
949453332416,2024-01-31 08:28:13,753.73,P2M,Entertainment & OTT,Assam,ICICI Bank,Google Pay,Android,26-35,2824,0,3,SUCCESS,0,Not fraud,
480353917944,2024-01-31 10:49:50,100.0,P2M,Food & Dining,Maharashtra,HDFC Bank,Google Pay,iOS,36-45,1324,0,2,SUCCESS,0,Not fraud,
938091856678,2024-01-31 11:35:12,363.78,P2M,Food & Dining,Uttar Pradesh,Kotak Mahindra Bank,PhonePe,Android,60+,142,0,3,DEEMED,0,Not fraud,
780830720487,2024-01-31 13:10:27,4020.0,Bill Payment,Utilities,Rajasthan,HDFC Bank,Google Pay,Android,46-59,323,0,3,SUCCESS,0,Not fraud,
514564334749,2024-01-31 14:33:07,1790.0,P2P,Not applicable,Karnataka,Other,PhonePe,Android,36-45,1493,0,2,SUCCESS,0,Not fraud,
560479216453,2024-02-01 07:53:36,3400.0,P2P,Not applicable,Andhra Pradesh,Axis Bank,PhonePe,Android,26-35,63,0,2,SUCCESS,0,Not fraud,
357197589404,2024-02-01 18:18:43,200.0,P2P,Not applicable,Telangana,State Bank of India,PhonePe,Android,18-25,1877,0,2,SUCCESS,0,Not fraud,
852858584810,2024-02-01 19:13:10,300.0,P2P,Not applicable,Maharashtra,Bank of India,Google Pay,Android,36-45,1706,0,6,SUCCESS,0,Not fraud,
747381783057,2024-02-01 20:52:27,2627.91,P2M,Travel & Transport,West Bengal,Other,Google Pay,Android,26-35,1344,1,4,SUCCESS,0,Not fraud,
464061055387,2024-02-01 21:00:51,250.0,P2M,Grocery & Supermarkets,Kerala,Bank of India,PhonePe,Android,36-45,39,0,6,SUCCESS,0,Not fraud,
491655522113,2024-02-01 23:25:22,7370.0,P2M,Telecom & Recharge,Bihar,HDFC Bank,PhonePe,Android,60+,466,0,4,SUCCESS,1,QR Code Scam,56.2
306068019965,2024-02-02 13:47:38,1100.0,P2M,Entertainment & OTT,Jammu & Kashmir,IDFC FIRST Bank,Paytm,Android,60+,379,0,5,SUCCESS,0,Not fraud,
650268273604,2024-02-03 03:35:49,4084.41,P2P,Not applicable,Maharashtra,Other,PhonePe,Android,26-35,358,0,1,SUCCESS,0,Not fraud,
942071536975,2024-02-03 12:17:00,4030.0,P2P,Not applicable,Tamil Nadu,Canara Bank,PhonePe,Android,26-35,246,0,1,SUCCESS,0,Not fraud,
694390041167,2024-02-03 12:43:00,220.0,P2P,Not applicable,West Bengal,Kotak Mahindra Bank,Google Pay,Android,18-25,1170,0,2,SUCCESS,0,Not fraud,
739072758747,2024-02-03 19:16:46,260.0,P2M,Food & Dining,Andhra Pradesh,State Bank of India,PhonePe,Android,18-25,1441,0,3,SUCCESS,0,Not fraud,
258773637525,2024-02-03 20:46:01,2694.51,P2M,Financial Services,West Bengal,HDFC Bank,Other,Android,26-35,335,0,3,SUCCESS,0,Not fraud,
406551210150,2024-02-04 07:13:52,900.0,P2M,Healthcare,Chhattisgarh,State Bank of India,PhonePe,Android,36-45,4419,0,5,SUCCESS,0,Not fraud,
364674510483,2024-02-04 09:43:45,290.0,P2M,Grocery & Supermarkets,Andhra Pradesh,Indian Bank,PhonePe,Android,36-45,82,0,4,SUCCESS,0,Not fraud,
208637191284,2024-02-04 11:52:17,42.89,P2M,Food & Dining,Karnataka,ICICI Bank,Paytm,Android,36-45,245,0,3,SUCCESS,0,Not fraud,
424710773437,2024-02-04 12:22:29,840.0,P2P,Not applicable,Madhya Pradesh,State Bank of India,PhonePe,Android,26-35,139,0,2,SUCCESS,0,Not fraud,
315151779390,2024-02-04 15:48:23,640.0,P2M,Food & Dining,Jharkhand,State Bank of India,PhonePe,Android,26-35,15,0,3,SUCCESS,0,Not fraud,
346487654595,2024-02-06 11:33:00,7930.0,P2M,Telecom & Recharge,Karnataka,Other,Google Pay,Android,36-45,390,0,3,SUCCESS,1,Phishing/Vishing,70.8
706243264983,2024-02-06 20:59:17,314.06,P2P,Not applicable,Karnataka,State Bank of India,Google Pay,Android,36-45,78,0,1,SUCCESS,0,Not fraud,
222477081295,2024-02-07 18:30:33,300.0,Bill Payment,Education,Kerala,Other,Google Pay,Android,26-35,3865,0,6,SUCCESS,0,Not fraud,
943029340707,2024-02-08 15:25:26,100.0,P2M,Telecom & Recharge,Gujarat,State Bank of India,PhonePe,iOS,18-25,813,0,4,SUCCESS,0,Not fraud,
564634412502,2024-02-08 17:20:04,200.0,P2M,Utilities,Telangana,Axis Bank,PhonePe,Android,18-25,277,0,8,SUCCESS,0,Not fraud,
418436567453,2024-02-08 17:40:10,860.0,P2M,Others,Telangana,IDFC FIRST Bank,PhonePe,iOS,26-35,1452,0,2,SUCCESS,0,Not fraud,
691092186768,2024-02-09 07:36:40,672.47,Bill Payment,Financial Services,Andhra Pradesh,Punjab National Bank,PhonePe,Android,18-25,1071,0,3,SUCCESS,0,Not fraud,
824796864683,2024-02-09 08:08:07,1849.34,Bill Payment,Utilities,West Bengal,HDFC Bank,Google Pay,Android,26-35,186,0,2,SUCCESS,0,Not fraud,
214713005774,2024-02-09 18:50:21,890.0,Collect Request,Not applicable,Jharkhand,Bank of Baroda,Google Pay,Android,18-25,3691,0,3,SUCCESS,0,Not fraud,
574981920076,2024-02-10 06:30:10,400.0,Collect Request,Not applicable,Kerala,Canara Bank,Google Pay,Android,26-35,2778,0,3,SUCCESS,0,Not fraud,
805345872451,2024-02-10 13:00:38,305.68,P2M,Utilities,Madhya Pradesh,Union Bank of India,PhonePe,Android,26-35,1344,0,6,SUCCESS,0,Not fraud,
620487670169,2024-02-10 14:33:51,570.0,P2M,Fuel,Madhya Pradesh,IDFC FIRST Bank,Google Pay,Android,18-25,769,0,7,SUCCESS,0,Not fraud,
840729513114,2024-02-11 10:24:53,1730.0,P2M,Entertainment & OTT,Maharashtra,Kotak Mahindra Bank,PhonePe,Android,26-35,666,0,6,SUCCESS,0,Not fraud,
298511360160,2024-02-11 21:31:09,890.0,Collect Request,Not applicable,Uttar Pradesh,HDFC Bank,PhonePe,Android,46-59,29,0,5,SUCCESS,0,Not fraud,
948398469051,2024-02-12 14:12:06,4100.0,P2M,Grocery & Supermarkets,Telangana,Other,CRED,Android,26-35,1031,0,2,SUCCESS,1,Merchant Impersonation,28.8
861837251616,2024-02-12 16:58:54,1087.57,P2M,Telecom & Recharge,Maharashtra,HDFC Bank,PhonePe,Android,18-25,269,0,1,SUCCESS,0,Not fraud,
345403464524,2024-02-12 19:52:12,1210.0,P2P,Not applicable,Tamil Nadu,Other,PhonePe,Android,60+,924,0,2,SUCCESS,0,Not fraud,
168855843744,2024-02-12 21:57:49,760.0,P2M,Grocery & Supermarkets,Madhya Pradesh,Kotak Mahindra Bank,PhonePe,Android,26-35,290,0,3,SUCCESS,0,Not fraud,
943514400383,2024-02-12 22:58:08,1790.0,P2M,Grocery & Supermarkets,Jammu & Kashmir,Other,PhonePe,Android,18-25,433,0,5,SUCCESS,0,Not fraud,
663059510425,2024-02-13 14:09:31,3400.0,P2P,Not applicable,Delhi,Other,PhonePe,Android,60+,301,1,1,SUCCESS,0,Not fraud,
215331615496,2024-02-13 17:04:03,332.91,P2M,Grocery & Supermarkets,Telangana,Bank of Baroda,Google Pay,Android,36-45,677,0,3,SUCCESS,0,Not fraud,
260444428920,2024-02-13 21:26:28,6180.0,P2P,Not applicable,Uttar Pradesh,IDFC FIRST Bank,PhonePe,Android,36-45,806,1,3,SUCCESS,0,Not fraud,
774167898206,2024-02-14 05:47:15,225.83,P2M,Grocery & Supermarkets,Meghalaya,Kotak Mahindra Bank,Google Pay,Android,60+,6000,0,6,SUCCESS,0,Not fraud,
815127162773,2024-02-14 15:18:00,250.0,P2P,Not applicable,Karnataka,HDFC Bank,Google Pay,iOS,18-25,303,0,3,FAILED,0,Not fraud,
228860733398,2024-02-14 16:49:09,2600.0,P2M,Travel & Transport,Chhattisgarh,State Bank of India,PhonePe,Android,26-35,299,1,5,SUCCESS,1,QR Code Scam,69.9
796596028181,2024-02-14 19:57:43,6420.27,P2P,Not applicable,Gujarat,Bank of Baroda,PhonePe,Android,26-35,244,1,1,SUCCESS,0,Not fraud,
804359032980,2024-02-14 21:02:44,690.76,P2M,Utilities,Tamil Nadu,HDFC Bank,Google Pay,Android,26-35,843,0,4,SUCCESS,0,Not fraud,
939028933722,2024-02-15 08:45:42,4240.0,P2P,Not applicable,Tamil Nadu,Axis Bank,Google Pay,Android,36-45,150,0,2,SUCCESS,0,Not fraud,
642169918094,2024-02-15 11:26:42,590.0,P2M,Food & Dining,Rajasthan,State Bank of India,BHIM,iOS,26-35,137,0,5,SUCCESS,0,Not fraud,
960805206212,2024-02-15 15:33:46,800.0,Bill Payment,Financial Services,Telangana,Canara Bank,Paytm,Android,26-35,568,0,2,PENDING,0,Not fraud,
274687364785,2024-02-15 17:24:44,540.0,Autopay/Mandate,Financial Services,Maharashtra,Punjab National Bank,Google Pay,iOS,26-35,404,0,4,SUCCESS,0,Not fraud,
955700949370,2024-02-15 19:35:19,837.81,P2M,Utilities,Andhra Pradesh,State Bank of India,PhonePe,Android,46-59,1200,0,6,SUCCESS,0,Not fraud,
521313052545,2024-02-15 21:27:15,260.0,P2M,Food & Dining,Rajasthan,Axis Bank,PhonePe,Android,36-45,413,0,6,SUCCESS,0,Not fraud,
557618519007,2024-02-16 10:17:44,177.9,P2M,Entertainment & OTT,Andhra Pradesh,Yes Bank,Google Pay,Android,18-25,848,0,3,SUCCESS,0,Not fraud,
112399680844,2024-02-16 12:56:05,733.41,P2M,Utilities,Telangana,State Bank of India,Other,Android,18-25,354,0,5,SUCCESS,0,Not fraud,
924910578367,2024-02-16 16:41:37,1182.66,Collect Request,Not applicable,Telangana,ICICI Bank,PhonePe,Android,26-35,381,1,2,SUCCESS,0,Not fraud,
259752519915,2024-02-16 18:52:58,356.0,P2M,Telecom & Recharge,Gujarat,Other,PhonePe,Android,36-45,1162,0,4,SUCCESS,0,Not fraud,
614258728986,2024-02-16 20:39:31,6420.0,P2P,Not applicable,Uttar Pradesh,Union Bank of India,Google Pay,Android,18-25,1355,1,5,SUCCESS,0,Not fraud,
956062608083,2024-02-17 10:48:40,25310.0,P2M,Grocery & Supermarkets,Maharashtra,IndusInd Bank,PhonePe,Android,18-25,639,0,4,SUCCESS,1,Phishing/Vishing,47.1
526030760647,2024-02-17 16:59:47,1020.0,P2M,Financial Services,Telangana,HDFC Bank,Google Pay,Android,46-59,702,0,6,SUCCESS,0,Not fraud,
913192462615,2024-02-17 20:29:34,270.0,P2M,Entertainment & OTT,Andhra Pradesh,State Bank of India,Google Pay,Android,18-25,214,0,3,SUCCESS,0,Not fraud,
719210640453,2024-02-18 14:59:14,800.0,P2P,Not applicable,Maharashtra,HDFC Bank,Google Pay,iOS,36-45,2697,0,2,SUCCESS,0,Not fraud,
319877750889,2024-02-18 20:51:56,1390.0,Bill Payment,Utilities,Telangana,HDFC Bank,Google Pay,Android,18-25,466,0,3,SUCCESS,0,Not fraud,
335404354359,2024-02-19 20:17:59,1865.79,P2M,Fuel,Maharashtra,Other,PhonePe,Android,60+,54,0,6,SUCCESS,0,Not fraud,
201201544062,2024-02-20 07:56:59,780.0,P2M,Fuel,Maharashtra,ICICI Bank,Google Pay,Android,46-59,2494,0,3,SUCCESS,0,Not fraud,
144109239939,2024-02-20 17:09:11,780.0,P2P,Not applicable,Uttar Pradesh,Punjab National Bank,PhonePe,Android,18-25,348,0,4,SUCCESS,0,Not fraud,
131148890232,2024-02-20 17:29:12,300.0,P2M,Others,Gujarat,Punjab National Bank,Google Pay,Android,46-59,138,0,4,SUCCESS,0,Not fraud,
540621547268,2024-02-20 18:16:24,100000.0,P2P,Not applicable,Goa,Canara Bank,Google Pay,Android,18-25,236,0,3,SUCCESS,1,Remote Access App Scam,3.2
481242479347,2024-02-20 19:06:14,680.0,Bill Payment,Utilities,West Bengal,Punjab National Bank,PhonePe,Android,26-35,1128,0,1,SUCCESS,0,Not fraud,
545385698287,2024-02-21 12:43:31,370.0,P2M,Financial Services,Assam,Other,CRED,Android,36-45,123,0,6,SUCCESS,0,Not fraud,
614850986055,2024-02-21 18:40:35,3633.46,P2M,Travel & Transport,Maharashtra,Bank of Baroda,PhonePe,Android,46-59,237,0,4,SUCCESS,0,Not fraud,
495900144123,2024-02-21 19:54:36,5768.67,P2P,Not applicable,Bihar,HDFC Bank,PhonePe,Android,36-45,1727,0,2,SUCCESS,0,Not fraud,
784864017725,2024-02-22 08:11:54,240.0,P2P,Not applicable,Haryana,Union Bank of India,PhonePe,Android,36-45,26,0,2,FAILED,0,Not fraud,
474394015365,2024-02-22 12:05:57,361.3,P2P,Not applicable,Uttar Pradesh,State Bank of India,Paytm,Android,26-35,2287,0,4,SUCCESS,0,Not fraud,
796010855552,2024-02-22 16:03:27,260.0,P2P,Not applicable,Uttar Pradesh,Other,PhonePe,Android,26-35,1778,1,4,SUCCESS,0,Not fraud,
248358727439,2024-02-22 20:19:58,1400.0,P2P,Not applicable,Karnataka,HDFC Bank,Google Pay,Android,36-45,205,0,3,SUCCESS,0,Not fraud,
712903516961,2024-02-23 16:43:38,220.0,P2M,Grocery & Supermarkets,Odisha,ICICI Bank,Google Pay,Android,26-35,271,0,4,SUCCESS,0,Not fraud,
749879819858,2024-02-23 17:25:24,859.74,P2P,Not applicable,Uttar Pradesh,State Bank of India,Google Pay,Android,26-35,1687,1,5,SUCCESS,0,Not fraud,
814073375302,2024-02-23 22:13:41,170.0,P2M,Grocery & Supermarkets,Rajasthan,IndusInd Bank,Google Pay,Android,26-35,1081,1,3,SUCCESS,0,Not fraud,
443002490224,2024-02-24 17:51:01,1675.18,P2P,Not applicable,Bihar,ICICI Bank,Google Pay,Android,36-45,60,0,3,SUCCESS,0,Not fraud,
330843005174,2024-02-24 20:57:20,21400.0,P2P,Not applicable,Uttar Pradesh,Kotak Mahindra Bank,CRED,Android,60+,969,1,1,SUCCESS,1,Remote Access App Scam,26.5
275331351478,2024-02-25 05:53:36,621.73,Autopay/Mandate,Financial Services,Delhi,Punjab National Bank,Google Pay,Android,18-25,314,0,1,SUCCESS,0,Not fraud,
847396521078,2024-02-25 13:25:23,484.35,P2P,Not applicable,Chhattisgarh,Punjab National Bank,PhonePe,Android,36-45,1825,0,2,SUCCESS,0,Not fraud,
977460532273,2024-02-25 14:57:40,537.69,P2M,Telecom & Recharge,Gujarat,HDFC Bank,PhonePe,iOS,36-45,3143,0,8,SUCCESS,0,Not fraud,
672120139112,2024-02-26 09:52:40,389.49,P2M,Travel & Transport,Maharashtra,Axis Bank,Other,Android,26-35,951,0,3,SUCCESS,0,Not fraud,
667764904184,2024-02-26 11:32:44,2102.86,P2P,Not applicable,Karnataka,Union Bank of India,PhonePe,Android,18-25,75,0,2,SUCCESS,1,Phishing/Vishing,4.1
397864851125,2024-02-26 12:42:16,100.0,P2M,Food & Dining,Rajasthan,Other,Paytm,iOS,18-25,5244,0,5,SUCCESS,0,Not fraud,
143231705609,2024-02-26 16:47:04,1080.0,P2P,Not applicable,Rajasthan,Axis Bank,Google Pay,Android,36-45,708,1,6,SUCCESS,0,Not fraud,
295967653457,2024-02-26 22:11:27,430.0,P2M,Others,Punjab,IDFC FIRST Bank,PhonePe,iOS,46-59,4021,0,6,SUCCESS,0,Not fraud,
748701412681,2024-02-27 09:03:13,7800.0,P2M,Travel & Transport,Tamil Nadu,IndusInd Bank,PhonePe,Android,36-45,1850,0,3,SUCCESS,0,Not fraud,
593978601605,2024-02-27 22:25:55,62.9,P2M,Utilities,Tamil Nadu,Other,Google Pay,Android,36-45,268,0,7,SUCCESS,0,Not fraud,
608802124076,2024-02-28 14:47:31,913.53,P2M,Grocery & Supermarkets,Uttar Pradesh,Kotak Mahindra Bank,Other,iOS,26-35,6000,0,5,SUCCESS,0,Not fraud,
851045486264,2024-02-28 15:31:02,320.0,Collect Request,Not applicable,Telangana,HDFC Bank,Paytm,Android,26-35,147,1,4,SUCCESS,0,Not fraud,
764271002625,2024-02-28 18:58:08,2990.54,Collect Request,Not applicable,Bihar,Bank of Baroda,PhonePe,Feature Phone (USSD),18-25,261,0,1,FAILED,0,Not fraud,
308174033323,2024-02-28 20:52:06,210.66,Autopay/Mandate,Entertainment & OTT,Telangana,Other,Google Pay,Android,18-25,883,0,2,SUCCESS,0,Not fraud,
151831653072,2024-02-29 00:23:06,484.17,P2P,Not applicable,Kerala,Bank of Baroda,BHIM,Android,18-25,821,0,1,SUCCESS,0,Not fraud,
999685890674,2024-02-29 08:33:25,100.44,P2M,Food & Dining,Maharashtra,State Bank of India,PhonePe,Android,18-25,867,0,4,SUCCESS,0,Not fraud,
820756681029,2024-02-29 09:02:26,538.42,P2P,Not applicable,Kerala,Other,Paytm,Android,18-25,209,0,4,SUCCESS,0,Not fraud,
147039712769,2024-02-29 10:00:20,3400.0,P2M,Entertainment & OTT,Maharashtra,ICICI Bank,PhonePe,Android,36-45,1346,0,5,SUCCESS,0,Not fraud,
765251769266,2024-02-29 19:58:18,800.0,P2P,Not applicable,Rajasthan,Indian Bank,Google Pay,Android,36-45,1306,0,4,SUCCESS,0,Not fraud,
470522566914,2024-03-01 17:59:23,455.85,P2P,Not applicable,Jharkhand,State Bank of India,PhonePe,Android,46-59,1286,0,4,SUCCESS,0,Not fraud,
750191813606,2024-03-02 09:05:45,1099.7,P2M,Fuel,Delhi,Axis Bank,PhonePe,Android,18-25,363,0,5,SUCCESS,0,Not fraud,
818799772369,2024-03-02 10:41:44,460.75,Bill Payment,Utilities,Rajasthan,State Bank of India,Google Pay,Android,46-59,51,0,3,SUCCESS,0,Not fraud,
945121454971,2024-03-02 18:39:26,50.0,P2M,Food & Dining,Maharashtra,Yes Bank,PhonePe,iOS,26-35,1248,0,2,SUCCESS,0,Not fraud,
385298799402,2024-03-02 21:08:54,596.2,Collect Request,Not applicable,Maharashtra,ICICI Bank,Google Pay,Android,26-35,1954,1,1,SUCCESS,0,Not fraud,
907389155665,2024-03-03 12:01:42,463.29,Collect Request,Not applicable,Karnataka,State Bank of India,Paytm,Android,36-45,1610,0,1,DEEMED,0,Not fraud,
833949444539,2024-03-03 12:05:39,300.0,Collect Request,Not applicable,Rajasthan,HDFC Bank,PhonePe,Android,26-35,237,0,4,SUCCESS,0,Not fraud,
195549425824,2024-03-03 13:39:35,170.0,P2M,Grocery & Supermarkets,West Bengal,ICICI Bank,Google Pay,Android,18-25,595,0,4,SUCCESS,0,Not fraud,
770444851704,2024-03-03 16:26:44,209.67,Collect Request,Not applicable,Kerala,Bank of India,PhonePe,Android,18-25,418,0,3,SUCCESS,0,Not fraud,
702601380777,2024-03-04 07:23:26,621.1,P2M,Grocery & Supermarkets,Tamil Nadu,Yes Bank,PhonePe,Android,36-45,536,0,3,SUCCESS,0,Not fraud,
490070856854,2024-03-04 15:55:16,960.0,P2M,Food & Dining,Uttar Pradesh,Axis Bank,PhonePe,Android,36-45,322,0,4,SUCCESS,0,Not fraud,
351685165594,2024-03-04 16:18:39,705.37,P2M,Food & Dining,Bihar,State Bank of India,Google Pay,Android,36-45,6000,0,4,SUCCESS,0,Not fraud,
619303672324,2024-03-05 08:12:11,1090.0,Autopay/Mandate,Telecom & Recharge,Telangana,ICICI Bank,PhonePe,Android,46-59,366,0,5,SUCCESS,0,Not fraud,
712549236678,2024-03-05 09:38:58,440.0,Collect Request,Not applicable,Karnataka,Other,Google Pay,iOS,46-59,455,1,1,SUCCESS,0,Not fraud,
352659286437,2024-03-05 20:18:22,10195.77,P2P,Not applicable,Gujarat,ICICI Bank,BHIM,Android,18-25,1083,0,2,SUCCESS,0,Not fraud,
885234704537,2024-03-06 15:10:56,385.1,P2P,Not applicable,Chhattisgarh,Bank of Baroda,PhonePe,iOS,36-45,3128,1,4,SUCCESS,0,Not fraud,
363566569355,2024-03-06 17:00:59,169.63,P2M,Utilities,Telangana,Axis Bank,Google Pay,Android,36-45,2263,0,3,SUCCESS,0,Not fraud,
566289334902,2024-03-06 20:07:14,900.0,P2P,Not applicable,Punjab,State Bank of India,PhonePe,Android,36-45,353,0,3,SUCCESS,0,Not fraud,
488607797204,2024-03-07 00:31:39,2100.0,P2P,Not applicable,Punjab,Kotak Mahindra Bank,Amazon Pay,Android,26-35,163,1,3,SUCCESS,0,Not fraud,
935958014425,2024-03-07 10:47:11,210.0,P2M,Utilities,Maharashtra,Axis Bank,Google Pay,Android,36-45,86,1,7,SUCCESS,0,Not fraud,
767305022947,2024-03-07 17:21:02,379.3,P2M,Fuel,Punjab,State Bank of India,PhonePe,Android,36-45,533,0,6,SUCCESS,0,Not fraud,
842901259606,2024-03-08 12:00:42,900.0,P2M,Utilities,Maharashtra,Canara Bank,Google Pay,Android,36-45,939,1,5,SUCCESS,0,Not fraud,
266398568554,2024-03-08 18:53:37,1200.0,P2M,E-commerce,Maharashtra,HDFC Bank,PhonePe,Android,18-25,506,0,5,SUCCESS,0,Not fraud,
109054373125,2024-03-08 22:22:50,550.0,P2P,Not applicable,Karnataka,HDFC Bank,PhonePe,Android,18-25,127,0,2,SUCCESS,0,Not fraud,
451089139436,2024-03-09 12:50:19,2836.0,P2M,Grocery & Supermarkets,Bihar,Axis Bank,BHIM,Android,26-35,172,0,7,SUCCESS,1,Merchant Impersonation,43.2
996373541188,2024-03-09 15:01:20,1335.53,P2P,Not applicable,Odisha,Kotak Mahindra Bank,Amazon Pay,Android,26-35,259,0,2,SUCCESS,0,Not fraud,
248355687536,2024-03-09 16:12:16,528.06,P2P,Not applicable,Bihar,ICICI Bank,CRED,Android,26-35,637,1,2,SUCCESS,0,Not fraud,
867224596430,2024-03-09 18:25:45,600.0,Bill Payment,Telecom & Recharge,Haryana,ICICI Bank,Google Pay,Android,60+,425,0,5,SUCCESS,0,Not fraud,
846086934945,2024-03-10 00:48:50,70.0,P2M,Food & Dining,Telangana,ICICI Bank,Google Pay,Android,36-45,370,1,4,SUCCESS,0,Not fraud,
848871288700,2024-03-10 18:32:36,3300.0,P2M,Education,Kerala,Axis Bank,PhonePe,Android,26-35,1034,0,4,DEEMED,0,Not fraud,
709487610030,2024-03-10 20:50:02,600.0,P2P,Not applicable,Karnataka,ICICI Bank,Google Pay,Android,26-35,481,0,1,SUCCESS,0,Not fraud,
420841200755,2024-03-10 20:51:16,87.42,P2M,Entertainment & OTT,Bihar,State Bank of India,Other,iOS,46-59,330,0,1,SUCCESS,0,Not fraud,
230444373671,2024-03-10 21:53:56,688.12,Bill Payment,Telecom & Recharge,Goa,Axis Bank,Google Pay,iOS,46-59,1412,0,2,SUCCESS,0,Not fraud,
828164942956,2024-03-11 17:19:11,400.0,P2P,Not applicable,Andhra Pradesh,State Bank of India,PhonePe,iOS,46-59,546,0,4,SUCCESS,0,Not fraud,
449585847721,2024-03-11 22:48:41,200.0,P2M,Grocery & Supermarkets,Andhra Pradesh,Other,Paytm,Android,26-35,3069,0,4,SUCCESS,0,Not fraud,
398620593604,2024-03-12 10:58:11,380.0,P2M,Grocery & Supermarkets,Bihar,State Bank of India,PhonePe,Android,46-59,1286,0,4,SUCCESS,0,Not fraud,
955058336650,2024-03-12 16:07:46,60.0,Bill Payment,Utilities,Assam,State Bank of India,PhonePe,iOS,18-25,427,0,2,SUCCESS,0,Not fraud,
328304752882,2024-03-12 19:29:07,1250.0,P2P,Not applicable,West Bengal,ICICI Bank,Paytm,Android,26-35,598,1,4,SUCCESS,0,Not fraud,
258008075215,2024-03-13 19:11:05,3267.15,P2M,Education,Uttar Pradesh,HDFC Bank,PhonePe,iOS,60+,194,0,8,SUCCESS,0,Not fraud,
553996064006,2024-03-14 08:37:47,100.0,P2M,Financial Services,Rajasthan,HDFC Bank,PhonePe,Android,26-35,2608,0,2,SUCCESS,0,Not fraud,
592500400678,2024-03-14 17:53:25,2150.0,P2M,Healthcare,Rajasthan,HDFC Bank,Google Pay,iOS,26-35,2957,0,5,SUCCESS,0,Not fraud,
611830290446,2024-03-14 22:12:39,645.07,P2M,Others,Uttar Pradesh,Kotak Mahindra Bank,BHIM,Android,26-35,917,1,2,SUCCESS,0,Not fraud,
913229310998,2024-03-14 22:23:30,486.04,P2M,Grocery & Supermarkets,Maharashtra,Canara Bank,Google Pay,iOS,26-35,338,0,3,SUCCESS,0,Not fraud,
288131351715,2024-03-15 09:03:57,200.35,P2M,Utilities,Delhi,Kotak Mahindra Bank,Google Pay,Android,46-59,189,0,2,SUCCESS,0,Not fraud,
742173111425,2024-03-15 10:05:29,2700.0,P2P,Not applicable,Telangana,State Bank of India,Google Pay,Android,26-35,424,0,3,SUCCESS,0,Not fraud,
635199110808,2024-03-15 13:50:55,140.0,P2M,Food & Dining,Rajasthan,Other,PhonePe,Android,18-25,311,0,4,SUCCESS,0,Not fraud,
532305641354,2024-03-15 18:09:48,883.62,P2P,Not applicable,Telangana,Punjab National Bank,PhonePe,Android,26-35,141,0,2,SUCCESS,0,Not fraud,
270556879901,2024-03-15 20:01:38,637.52,P2M,E-commerce,Rajasthan,Axis Bank,PhonePe,Android,36-45,1212,1,7,SUCCESS,0,Not fraud,
439806595778,2024-03-15 21:36:31,100.0,P2M,Entertainment & OTT,Maharashtra,Punjab National Bank,BHIM,Android,36-45,56,0,5,SUCCESS,0,Not fraud,
151989403756,2024-03-15 23:45:48,280.0,P2M,Others,Maharashtra,Other,PhonePe,Android,26-35,3762,0,3,SUCCESS,0,Not fraud,
916553072148,2024-03-16 12:55:51,663.69,P2P,Not applicable,Andhra Pradesh,Bank of Baroda,Paytm,iOS,46-59,587,0,3,SUCCESS,0,Not fraud,
877091896214,2024-03-16 14:14:50,190.0,P2M,Food & Dining,Madhya Pradesh,Canara Bank,Google Pay,Android,46-59,16,0,4,SUCCESS,0,Not fraud,
785143770391,2024-03-16 15:05:54,679.54,P2P,Not applicable,Kerala,HDFC Bank,Google Pay,iOS,26-35,174,0,4,SUCCESS,0,Not fraud,
293133853344,2024-03-17 09:13:23,500.0,P2M,Education,West Bengal,Yes Bank,PhonePe,Android,46-59,635,0,4,SUCCESS,0,Not fraud,
893807414686,2024-03-17 19:07:43,9200.0,P2P,Not applicable,Assam,Kotak Mahindra Bank,PhonePe,Android,60+,1123,0,1,SUCCESS,0,Not fraud,
645052856885,2024-03-18 17:19:52,2818.65,P2P,Not applicable,Delhi,State Bank of India,Google Pay,Android,36-45,1503,0,3,SUCCESS,0,Not fraud,
567422128433,2024-03-18 18:59:41,452.55,Autopay/Mandate,Financial Services,Gujarat,Bank of Baroda,Other,Android,36-45,83,0,4,SUCCESS,0,Not fraud,
704667898433,2024-03-18 20:41:46,3940.0,P2P,Not applicable,Maharashtra,Punjab National Bank,Google Pay,iOS,26-35,1815,1,1,SUCCESS,0,Not fraud,
745766664139,2024-03-18 20:52:16,150.0,P2M,Grocery & Supermarkets,West Bengal,State Bank of India,Google Pay,Android,60+,2629,0,3,SUCCESS,0,Not fraud,
147676655542,2024-03-19 09:01:53,248.8,P2M,Entertainment & OTT,Gujarat,Kotak Mahindra Bank,PhonePe,Android,46-59,2947,0,2,SUCCESS,0,Not fraud,
269591386871,2024-03-19 16:01:08,1468.12,P2P,Not applicable,Bihar,Other,Paytm,Android,26-35,1334,0,3,SUCCESS,0,Not fraud,
679917030492,2024-03-19 19:34:01,630.0,Bill Payment,Utilities,Maharashtra,Axis Bank,PhonePe,Android,26-35,436,0,2,FAILED,0,Not fraud,
869472734023,2024-03-20 03:38:32,390.0,P2M,Utilities,Odisha,Canara Bank,PhonePe,Android,26-35,828,0,7,SUCCESS,0,Not fraud,
138243339965,2024-03-20 07:40:51,330.0,P2M,Food & Dining,Uttar Pradesh,Canara Bank,Google Pay,Android,18-25,1012,0,1,SUCCESS,0,Not fraud,
443278149834,2024-03-20 11:39:36,1320.0,P2P,Not applicable,Bihar,ICICI Bank,Google Pay,Android,18-25,51,1,3,SUCCESS,0,Not fraud,
724709684861,2024-03-21 07:47:21,19.9,P2M,Telecom & Recharge,Maharashtra,ICICI Bank,PhonePe,iOS,46-59,2582,0,5,SUCCESS,0,Not fraud,
918227964117,2024-03-21 15:26:28,1620.0,P2P,Not applicable,Haryana,HDFC Bank,PhonePe,Android,26-35,167,0,2,SUCCESS,0,Not fraud,
506469009494,2024-03-21 17:21:03,248.08,P2M,Grocery & Supermarkets,Bihar,ICICI Bank,PhonePe,Android,18-25,1200,0,5,SUCCESS,0,Not fraud,
286600431695,2024-03-22 17:11:32,370.0,P2M,Food & Dining,Uttar Pradesh,State Bank of India,PhonePe,Android,26-35,1107,0,4,SUCCESS,0,Not fraud,
381463699324,2024-03-22 17:30:28,146.03,P2M,Others,Telangana,Other,Google Pay,Android,36-45,1157,1,2,SUCCESS,0,Not fraud,
784507010218,2024-03-23 02:35:37,3834.56,P2P,Not applicable,West Bengal,State Bank of India,PhonePe,Android,36-45,163,0,4,SUCCESS,1,QR Code Scam,5.5
905174266585,2024-03-23 20:24:26,860.0,Autopay/Mandate,Entertainment & OTT,Rajasthan,Other,Google Pay,Android,36-45,3278,1,2,SUCCESS,0,Not fraud,
250397640084,2024-03-23 20:39:15,270.0,P2M,Food & Dining,Haryana,State Bank of India,Google Pay,Android,26-35,1597,0,6,SUCCESS,0,Not fraud,
144814364322,2024-03-23 21:55:58,1300.0,P2P,Not applicable,Bihar,State Bank of India,CRED,iOS,26-35,961,1,5,SUCCESS,0,Not fraud,
335447982915,2024-03-25 09:20:48,3280.0,P2P,Not applicable,Uttar Pradesh,HDFC Bank,Google Pay,Android,26-35,113,0,1,SUCCESS,0,Not fraud,
211170211770,2024-03-25 11:13:41,220.0,P2M,Grocery & Supermarkets,Andhra Pradesh,HDFC Bank,Google Pay,Android,36-45,3942,0,3,SUCCESS,0,Not fraud,
541142113709,2024-03-25 18:15:37,2865.72,P2M,Travel & Transport,Tamil Nadu,Other,PhonePe,Android,36-45,6000,0,4,SUCCESS,0,Not fraud,
949247927827,2024-03-25 19:20:21,400.0,P2M,Grocery & Supermarkets,Haryana,IndusInd Bank,PhonePe,Android,26-35,1680,0,4,SUCCESS,0,Not fraud,
585204522020,2024-03-25 19:23:56,242.71,Bill Payment,Utilities,Tamil Nadu,Yes Bank,PhonePe,Android,26-35,857,0,1,SUCCESS,0,Not fraud,
591170637130,2024-03-26 09:21:09,1080.0,P2M,E-commerce,Kerala,Yes Bank,Other,iOS,26-35,619,1,2,SUCCESS,0,Not fraud,
610486686572,2024-03-26 13:43:20,450.0,P2M,Grocery & Supermarkets,Telangana,State Bank of India,PhonePe,Android,36-45,288,0,2,SUCCESS,0,Not fraud,
469799747597,2024-03-26 19:58:24,488.61,P2P,Not applicable,Uttar Pradesh,HDFC Bank,PhonePe,Android,46-59,372,0,3,SUCCESS,0,Not fraud,
720226947122,2024-03-27 06:37:55,290.0,P2P,Not applicable,Maharashtra,State Bank of India,Google Pay,Android,18-25,69,0,3,SUCCESS,0,Not fraud,
364544115241,2024-03-27 12:24:15,650.0,Autopay/Mandate,Entertainment & OTT,Madhya Pradesh,ICICI Bank,PhonePe,iOS,46-59,666,0,3,SUCCESS,0,Not fraud,
578915093450,2024-03-27 14:47:57,800.0,P2P,Not applicable,Madhya Pradesh,ICICI Bank,PhonePe,Android,60+,1780,0,3,SUCCESS,0,Not fraud,
437346027757,2024-03-27 19:42:57,200.0,P2M,Entertainment & OTT,Karnataka,IndusInd Bank,PhonePe,Android,46-59,495,0,4,SUCCESS,0,Not fraud,
199775340873,2024-03-28 14:24:25,2501.39,Collect Request,Not applicable,Tamil Nadu,State Bank of India,PhonePe,Android,18-25,349,1,1,SUCCESS,1,Fake Collect Request,18.7
689948225471,2024-03-29 13:30:14,300.0,Bill Payment,Utilities,Rajasthan,State Bank of India,PhonePe,Android,46-59,924,0,3,SUCCESS,0,Not fraud,
966771710392,2024-03-29 17:36:46,550.0,P2P,Not applicable,Rajasthan,IndusInd Bank,Google Pay,Android,36-45,295,0,2,FAILED,0,Not fraud,
804328441618,2024-03-29 19:45:20,453.02,P2P,Not applicable,Karnataka,Other,Google Pay,Android,26-35,3211,1,4,SUCCESS,0,Not fraud,
225422939838,2024-03-30 02:34:21,5580.0,P2P,Not applicable,Maharashtra,IDFC FIRST Bank,PhonePe,iOS,36-45,1230,1,3,SUCCESS,0,Not fraud,
851950838697,2024-03-30 10:34:35,792.95,P2M,Travel & Transport,Tamil Nadu,HDFC Bank,PhonePe,Android,18-25,528,0,4,SUCCESS,0,Not fraud,
199413006140,2024-03-30 11:56:07,1529.3,P2P,Not applicable,Maharashtra,Other,PhonePe,Android,36-45,131,0,2,SUCCESS,0,Not fraud,
132510870282,2024-03-30 19:42:04,100.0,P2M,Others,Maharashtra,State Bank of India,Google Pay,Android,26-35,209,0,2,SUCCESS,0,Not fraud,
482475668856,2024-03-31 13:17:17,2790.0,P2M,Entertainment & OTT,Delhi,State Bank of India,Google Pay,Android,18-25,2324,0,5,SUCCESS,0,Not fraud,
950226023167,2024-03-31 17:34:41,771.82,P2M,Healthcare,Rajasthan,State Bank of India,PhonePe,Android,60+,3799,0,4,SUCCESS,0,Not fraud,
327467146408,2024-03-31 19:02:32,1720.0,P2P,Not applicable,Delhi,Punjab National Bank,PhonePe,Android,36-45,264,0,2,SUCCESS,0,Not fraud,
654444596148,2024-03-31 22:20:21,426.21,Bill Payment,Utilities,Jharkhand,HDFC Bank,Google Pay,Android,18-25,571,0,3,SUCCESS,0,Not fraud,
627438184139,2024-04-01 10:09:45,154.08,P2P,Not applicable,Andhra Pradesh,Bank of India,Google Pay,Android,36-45,611,1,2,SUCCESS,0,Not fraud,
333435540180,2024-04-01 12:10:04,1620.0,P2M,Healthcare,Maharashtra,State Bank of India,PhonePe,Android,18-25,6000,0,6,SUCCESS,0,Not fraud,
376191930105,2024-04-01 13:54:31,1400.0,P2P,Not applicable,Maharashtra,Bank of Baroda,PhonePe,Android,46-59,78,0,1,SUCCESS,0,Not fraud,
903246366599,2024-04-01 14:24:02,417.78,P2M,Grocery & Supermarkets,Madhya Pradesh,ICICI Bank,PhonePe,iOS,26-35,534,0,3,FAILED,0,Not fraud,
869892615687,2024-04-01 14:26:46,426.61,P2P,Not applicable,Maharashtra,IDFC FIRST Bank,PhonePe,Feature Phone (USSD),36-45,2661,1,1,SUCCESS,0,Not fraud,
960279038790,2024-04-01 15:36:00,170.0,P2M,Food & Dining,Uttar Pradesh,State Bank of India,PhonePe,Android,26-35,283,0,4,SUCCESS,0,Not fraud,
959747959939,2024-04-01 21:50:29,6540.59,P2M,Education,Maharashtra,Bank of Baroda,PhonePe,Android,46-59,510,0,7,SUCCESS,0,Not fraud,
413375977874,2024-04-02 11:11:28,390.0,P2M,Fuel,Uttar Pradesh,Axis Bank,PhonePe,Android,46-59,2458,0,3,FAILED,0,Not fraud,
157181834593,2024-04-02 11:50:08,570.0,P2M,Grocery & Supermarkets,Madhya Pradesh,HDFC Bank,Other,Android,36-45,707,0,9,SUCCESS,0,Not fraud,
666860699224,2024-04-02 18:54:51,570.0,P2P,Not applicable,Tamil Nadu,Bank of India,PhonePe,Android,46-59,122,0,2,SUCCESS,0,Not fraud,
608349541679,2024-04-02 20:56:22,365.76,P2M,Fuel,Bihar,Other,PhonePe,Android,26-35,1250,0,2,SUCCESS,0,Not fraud,
976590865655,2024-04-03 00:03:24,1070.0,Bill Payment,Telecom & Recharge,Maharashtra,IDFC FIRST Bank,PhonePe,Android,36-45,4440,0,3,SUCCESS,0,Not fraud,
253708099349,2024-04-03 10:47:48,118.78,Autopay/Mandate,Telecom & Recharge,Madhya Pradesh,HDFC Bank,PhonePe,Android,46-59,483,0,1,SUCCESS,0,Not fraud,
340114937173,2024-04-04 13:22:31,1970.0,P2P,Not applicable,Uttar Pradesh,HDFC Bank,Other,Android,18-25,2287,0,1,SUCCESS,0,Not fraud,
284619270447,2024-04-04 14:34:30,2334.47,P2P,Not applicable,Odisha,Axis Bank,PhonePe,Android,36-45,1221,0,1,SUCCESS,0,Not fraud,
852838228313,2024-04-04 15:25:28,810.0,P2P,Not applicable,Maharashtra,HDFC Bank,Google Pay,Android,26-35,646,1,4,SUCCESS,0,Not fraud,
560360004485,2024-04-05 11:59:09,1610.0,P2M,E-commerce,Uttar Pradesh,Indian Bank,Google Pay,Android,18-25,397,1,6,SUCCESS,0,Not fraud,
654863637624,2024-04-05 18:48:32,70.0,Collect Request,Not applicable,Kerala,IDFC FIRST Bank,Google Pay,Android,26-35,2186,0,3,SUCCESS,0,Not fraud,
662119721092,2024-04-05 22:18:38,578.03,P2M,E-commerce,Meghalaya,Kotak Mahindra Bank,Google Pay,Android,18-25,1189,0,3,SUCCESS,0,Not fraud,
237960805463,2024-04-06 06:56:50,670.0,P2M,Food & Dining,Karnataka,HDFC Bank,PhonePe,Android,46-59,459,0,3,SUCCESS,0,Not fraud,
759208955232,2024-04-06 14:49:34,793.35,P2M,Grocery & Supermarkets,Karnataka,Kotak Mahindra Bank,Paytm,Android,46-59,492,0,4,SUCCESS,0,Not fraud,
346830590852,2024-04-06 17:30:44,60.0,P2P,Not applicable,Telangana,HDFC Bank,BHIM,Android,46-59,172,0,4,SUCCESS,0,Not fraud,
659431164697,2024-04-07 12:31:27,540.0,P2M,Healthcare,West Bengal,Punjab National Bank,Paytm,Android,18-25,3432,0,3,SUCCESS,0,Not fraud,
661415593430,2024-04-07 20:37:55,1700.0,P2P,Not applicable,Bihar,Canara Bank,Google Pay,Android,26-35,706,0,4,SUCCESS,0,Not fraud,
740344115332,2024-04-07 21:12:13,500.0,P2P,Not applicable,Telangana,State Bank of India,PhonePe,Android,18-25,848,0,3,SUCCESS,0,Not fraud,
768955690178,2024-04-07 21:20:22,300.0,P2P,Not applicable,Uttar Pradesh,Bank of Baroda,Google Pay,Feature Phone (USSD),26-35,267,0,4,DEEMED,0,Not fraud,
148790999379,2024-04-08 07:15:22,800.0,P2M,Travel & Transport,Odisha,State Bank of India,PhonePe,iOS,26-35,540,0,4,SUCCESS,0,Not fraud,
718400469385,2024-04-08 15:18:29,358.18,P2M,Fuel,Maharashtra,Union Bank of India,PhonePe,Android,18-25,169,0,4,SUCCESS,0,Not fraud,
609495126176,2024-04-10 12:31:59,1350.0,P2P,Not applicable,Tamil Nadu,Other,PhonePe,Android,26-35,1015,0,3,SUCCESS,0,Not fraud,
849600740431,2024-04-10 14:44:27,1450.0,P2M,Education,Bihar,Other,Other,Android,26-35,2083,0,3,SUCCESS,0,Not fraud,
437747417645,2024-04-10 15:18:26,1843.9,P2P,Not applicable,Uttar Pradesh,Union Bank of India,Google Pay,iOS,46-59,2331,1,3,SUCCESS,0,Not fraud,
593016970991,2024-04-10 18:08:57,1131.92,P2P,Not applicable,Gujarat,Axis Bank,PhonePe,Android,18-25,204,0,2,SUCCESS,0,Not fraud,
672900431768,2024-04-10 19:06:44,14800.0,P2P,Not applicable,Punjab,ICICI Bank,PhonePe,iOS,46-59,6000,1,3,SUCCESS,1,Investment/Task Scam,9.5
983499858888,2024-04-11 14:50:10,1763.21,P2P,Not applicable,Tamil Nadu,State Bank of India,PhonePe,Android,26-35,6000,1,3,SUCCESS,0,Not fraud,
830414415476,2024-04-11 17:12:22,1180.0,P2P,Not applicable,Gujarat,State Bank of India,PhonePe,Android,26-35,284,1,3,SUCCESS,0,Not fraud,
617872199086,2024-04-12 12:19:07,200.0,P2M,Food & Dining,Madhya Pradesh,ICICI Bank,Google Pay,Android,26-35,459,0,5,SUCCESS,0,Not fraud,
605498948025,2024-04-12 13:03:11,350.0,P2M,Grocery & Supermarkets,Tamil Nadu,State Bank of India,Google Pay,Android,46-59,988,0,4,SUCCESS,0,Not fraud,
450807504407,2024-04-12 17:09:05,100.0,P2M,Food & Dining,Jharkhand,Kotak Mahindra Bank,Google Pay,Android,18-25,148,0,4,SUCCESS,0,Not fraud,
535165445215,2024-04-12 18:20:54,185.62,P2M,Grocery & Supermarkets,Bihar,Punjab National Bank,PhonePe,Android,26-35,6000,0,5,SUCCESS,0,Not fraud,
732804129185,2024-04-13 11:45:02,300.0,P2P,Not applicable,Madhya Pradesh,Canara Bank,PhonePe,Android,36-45,226,0,4,SUCCESS,0,Not fraud,
117087978358,2024-04-13 16:31:41,310.18,P2M,Grocery & Supermarkets,Telangana,IndusInd Bank,PhonePe,Android,36-45,862,0,5,SUCCESS,0,Not fraud,
352888508219,2024-04-14 10:00:25,5383.5,P2P,Not applicable,Tamil Nadu,Union Bank of India,PhonePe,Android,26-35,1853,0,1,SUCCESS,0,Not fraud,
925456065688,2024-04-14 13:50:19,335.37,P2P,Not applicable,Maharashtra,Bank of Baroda,Paytm,Android,36-45,165,1,2,SUCCESS,0,Not fraud,
350739422819,2024-04-14 18:07:04,1400.0,P2P,Not applicable,Maharashtra,Punjab National Bank,BHIM,iOS,18-25,325,0,1,SUCCESS,0,Not fraud,
328275769834,2024-04-14 18:56:42,109.46,Autopay/Mandate,Financial Services,Andhra Pradesh,Other,PhonePe,Android,36-45,473,0,2,SUCCESS,0,Not fraud,
527489030010,2024-04-14 20:06:54,96.05,P2M,Entertainment & OTT,Maharashtra,Union Bank of India,PhonePe,Android,26-35,216,1,3,SUCCESS,0,Not fraud,
560399613770,2024-04-14 20:48:16,800.0,Autopay/Mandate,Telecom & Recharge,Rajasthan,State Bank of India,PhonePe,Android,46-59,817,0,2,SUCCESS,0,Not fraud,
680460693920,2024-04-14 23:11:41,1615.43,P2M,Grocery & Supermarkets,Andhra Pradesh,HDFC Bank,Other,Android,46-59,245,0,3,PENDING,0,Not fraud,
144644769761,2024-04-15 04:55:46,803.53,P2M,Financial Services,Uttar Pradesh,Other,Other,Android,26-35,1185,0,6,DEEMED,0,Not fraud,
908828202704,2024-04-15 11:34:14,7500.0,P2M,Utilities,Telangana,State Bank of India,Google Pay,Android,18-25,863,0,4,SUCCESS,1,Merchant Impersonation,6.3
929486821652,2024-04-15 11:43:16,500.61,P2P,Not applicable,Himachal Pradesh,Union Bank of India,Google Pay,iOS,26-35,231,1,2,SUCCESS,0,Not fraud,
591462652977,2024-04-15 17:43:08,1020.0,P2M,Travel & Transport,Bihar,Other,PhonePe,Feature Phone (USSD),18-25,119,0,6,SUCCESS,0,Not fraud,
649841041922,2024-04-15 21:25:30,2172.68,P2P,Not applicable,Andhra Pradesh,Bank of Baroda,PhonePe,Android,26-35,506,1,1,SUCCESS,0,Not fraud,
123240431929,2024-04-15 23:58:30,30.0,P2M,Others,Assam,ICICI Bank,Other,Android,26-35,1493,0,5,SUCCESS,0,Not fraud,
164042159180,2024-04-16 20:12:38,570.0,P2P,Not applicable,Madhya Pradesh,IDFC FIRST Bank,Google Pay,iOS,36-45,1704,1,4,FAILED,0,Not fraud,
459235802993,2024-04-16 20:16:07,2100.0,P2M,Healthcare,Andhra Pradesh,State Bank of India,Google Pay,Android,18-25,411,0,5,SUCCESS,1,QR Code Scam,95.2
660953926756,2024-04-17 07:54:06,226.09,P2M,Utilities,Karnataka,HDFC Bank,Other,Android,36-45,6000,0,2,SUCCESS,0,Not fraud,
406849318591,2024-04-17 10:33:52,110.0,P2M,Telecom & Recharge,Rajasthan,Other,PhonePe,Android,18-25,520,0,5,SUCCESS,0,Not fraud,
904887029237,2024-04-17 16:47:44,282.19,P2M,Telecom & Recharge,Goa,Bank of Baroda,Paytm,iOS,36-45,377,1,3,SUCCESS,0,Not fraud,
640474896341,2024-04-17 22:29:21,7270.0,Autopay/Mandate,Entertainment & OTT,Maharashtra,Canara Bank,PhonePe,Android,36-45,825,0,3,SUCCESS,0,Not fraud,
688959429954,2024-04-18 01:07:00,330.0,P2M,Fuel,Uttar Pradesh,Other,Paytm,Android,26-35,457,0,5,SUCCESS,0,Not fraud,
759459065631,2024-04-18 12:41:36,248.67,P2M,Telecom & Recharge,Odisha,Yes Bank,PhonePe,iOS,60+,290,0,4,SUCCESS,0,Not fraud,
123006044987,2024-04-18 19:36:48,400.0,P2M,Telecom & Recharge,Punjab,Other,Google Pay,iOS,26-35,933,1,6,SUCCESS,0,Not fraud,
698593919166,2024-04-19 06:45:18,200.0,P2P,Not applicable,Delhi,State Bank of India,Google Pay,Android,60+,2046,1,4,SUCCESS,0,Not fraud,
886590502391,2024-04-19 07:58:58,608.92,P2M,Education,Telangana,Canara Bank,Google Pay,iOS,36-45,1422,0,5,SUCCESS,0,Not fraud,
395849575400,2024-04-19 09:22:42,152.48,P2M,E-commerce,Tamil Nadu,Other,Google Pay,Android,26-35,69,0,2,SUCCESS,0,Not fraud,
518639429674,2024-04-19 10:49:33,47.35,P2M,Telecom & Recharge,Gujarat,Indian Bank,PhonePe,Android,18-25,954,1,3,SUCCESS,0,Not fraud,
720703769722,2024-04-19 11:07:10,1000.0,Bill Payment,Education,Maharashtra,HDFC Bank,PhonePe,iOS,26-35,2108,0,2,SUCCESS,0,Not fraud,
195246098018,2024-04-19 18:36:40,3917.64,P2P,Not applicable,Karnataka,Union Bank of India,PhonePe,Android,60+,201,0,3,SUCCESS,0,Not fraud,
370646152718,2024-04-20 10:26:13,48.52,P2M,Entertainment & OTT,Haryana,State Bank of India,PhonePe,iOS,18-25,598,0,6,SUCCESS,0,Not fraud,
598657669928,2024-04-20 16:41:22,770.0,P2M,Utilities,Kerala,Axis Bank,Google Pay,iOS,46-59,1397,0,3,SUCCESS,0,Not fraud,
273761852767,2024-04-21 11:20:18,660.0,P2P,Not applicable,Uttar Pradesh,State Bank of India,PhonePe,Android,46-59,319,0,3,SUCCESS,0,Not fraud,
111943089834,2024-04-21 11:37:03,970.85,Bill Payment,Utilities,Punjab,State Bank of India,Google Pay,Android,18-25,1983,0,7,SUCCESS,0,Not fraud,
679867117910,2024-04-21 19:00:16,600.0,P2P,Not applicable,Telangana,HDFC Bank,Google Pay,iOS,46-59,6000,0,2,SUCCESS,0,Not fraud,
423384806313,2024-04-22 08:05:29,2830.0,P2M,Financial Services,Uttar Pradesh,State Bank of India,Paytm,Android,26-35,215,0,3,SUCCESS,0,Not fraud,
525162705671,2024-04-22 12:56:17,4440.0,P2P,Not applicable,Telangana,ICICI Bank,Google Pay,Android,26-35,2267,0,4,SUCCESS,0,Not fraud,
393979055971,2024-04-22 20:53:25,260.0,P2M,Grocery & Supermarkets,Uttar Pradesh,ICICI Bank,Google Pay,Android,46-59,218,0,4,SUCCESS,0,Not fraud,
313765319081,2024-04-23 17:25:54,700.0,P2P,Not applicable,Karnataka,State Bank of India,PhonePe,Android,26-35,178,0,4,SUCCESS,0,Not fraud,
780205380860,2024-04-23 18:24:06,314.63,P2M,Travel & Transport,Delhi,ICICI Bank,Other,Android,46-59,1343,0,3,SUCCESS,0,Not fraud,
227806758951,2024-04-23 19:37:35,1399.59,P2M,Healthcare,Karnataka,HDFC Bank,Other,Android,18-25,107,0,2,SUCCESS,0,Not fraud,
534684114952,2024-04-24 10:14:13,800.0,P2P,Not applicable,Maharashtra,Bank of Baroda,Google Pay,Android,18-25,553,1,1,SUCCESS,0,Not fraud,
994869963183,2024-04-24 18:44:15,410.0,P2P,Not applicable,Jharkhand,State Bank of India,CRED,Android,18-25,382,0,2,SUCCESS,0,Not fraud,
287960758658,2024-04-24 19:20:18,210.0,P2M,Grocery & Supermarkets,Telangana,Punjab National Bank,PhonePe,Android,18-25,170,0,4,SUCCESS,0,Not fraud,
462055625644,2024-04-25 00:41:59,3480.0,P2P,Not applicable,Madhya Pradesh,Union Bank of India,PhonePe,Android,36-45,254,1,3,SUCCESS,0,Not fraud,
626422300188,2024-04-25 13:57:23,400.0,Bill Payment,Utilities,Andhra Pradesh,Bank of Baroda,Other,Android,26-35,327,0,3,SUCCESS,0,Not fraud,
661976496701,2024-04-25 15:23:50,1565.73,P2P,Not applicable,Madhya Pradesh,Bank of India,PhonePe,iOS,26-35,622,0,4,SUCCESS,0,Not fraud,
158546215461,2024-04-25 17:00:18,1008.16,Collect Request,Not applicable,Tamil Nadu,HDFC Bank,Other,iOS,36-45,368,1,1,SUCCESS,0,Not fraud,
966613124883,2024-04-26 13:31:42,68.36,P2M,Food & Dining,Tamil Nadu,HDFC Bank,Google Pay,Android,18-25,1954,1,4,SUCCESS,0,Not fraud,
967086456464,2024-04-26 19:02:39,26.51,P2M,Fuel,Maharashtra,Kotak Mahindra Bank,PhonePe,Android,46-59,301,0,3,SUCCESS,0,Not fraud,
960819568423,2024-04-27 11:24:11,1330.0,P2M,Food & Dining,Karnataka,HDFC Bank,PhonePe,Android,18-25,195,0,3,SUCCESS,0,Not fraud,
369061788460,2024-04-27 15:31:21,19.66,P2M,Others,Tamil Nadu,Axis Bank,Google Pay,iOS,18-25,321,0,4,SUCCESS,0,Not fraud,
333085912223,2024-04-27 19:51:52,2600.0,P2P,Not applicable,Chhattisgarh,Axis Bank,Paytm,Android,26-35,121,0,4,SUCCESS,0,Not fraud,
228565209243,2024-04-27 20:24:30,963.98,Bill Payment,Utilities,Bihar,IDFC FIRST Bank,PhonePe,Android,46-59,821,0,3,SUCCESS,0,Not fraud,
763815694232,2024-04-27 20:40:31,350.0,P2P,Not applicable,Karnataka,Axis Bank,Paytm,Android,18-25,3649,1,3,FAILED,0,Not fraud,
600868018403,2024-04-27 22:42:04,245.42,P2M,Food & Dining,Madhya Pradesh,Canara Bank,PhonePe,Android,36-45,548,0,3,SUCCESS,0,Not fraud,
105020504639,2024-04-28 10:24:43,630.0,P2P,Not applicable,Maharashtra,State Bank of India,PhonePe,iOS,26-35,1217,0,3,SUCCESS,0,Not fraud,
410603061033,2024-04-28 13:40:07,2689.48,P2M,E-commerce,Maharashtra,State Bank of India,BHIM,Android,18-25,644,0,3,SUCCESS,0,Not fraud,
963335078229,2024-04-28 15:35:46,1029.05,Collect Request,Not applicable,Madhya Pradesh,Yes Bank,Google Pay,iOS,36-45,802,1,2,SUCCESS,1,Fake Customer Care,92.7
348342694626,2024-04-28 18:20:37,1814.05,Bill Payment,Utilities,Andhra Pradesh,HDFC Bank,PhonePe,Android,18-25,742,0,1,SUCCESS,1,Merchant Impersonation,22.4
198903003671,2024-04-28 20:08:37,680.45,P2M,Grocery & Supermarkets,Bihar,State Bank of India,Amazon Pay,Android,36-45,1051,0,5,SUCCESS,0,Not fraud,
821113851828,2024-04-28 21:29:49,1547.01,P2M,Financial Services,Karnataka,Axis Bank,Google Pay,Android,36-45,272,0,6,SUCCESS,0,Not fraud,
156868749768,2024-04-29 08:01:26,1480.0,P2P,Not applicable,Rajasthan,Other,PhonePe,Android,26-35,104,0,1,SUCCESS,0,Not fraud,
212546865088,2024-04-29 09:58:47,250.0,P2M,E-commerce,Maharashtra,ICICI Bank,PhonePe,iOS,26-35,112,0,2,SUCCESS,0,Not fraud,
520070915924,2024-04-29 10:41:45,268.37,P2M,E-commerce,Rajasthan,Yes Bank,PhonePe,Android,26-35,2092,0,5,FAILED,0,Not fraud,
573685690097,2024-04-30 09:08:29,880.0,P2P,Not applicable,Andhra Pradesh,State Bank of India,Google Pay,iOS,60+,2551,1,3,SUCCESS,0,Not fraud,
447824378389,2024-04-30 09:38:39,1141.6,P2P,Not applicable,Uttarakhand,HDFC Bank,PhonePe,Android,26-35,193,1,5,SUCCESS,0,Not fraud,
270859798170,2024-04-30 09:57:10,1570.0,P2M,Food & Dining,Delhi,ICICI Bank,Other,Android,18-25,1425,0,1,SUCCESS,0,Not fraud,
314295416605,2024-04-30 19:07:13,11100.0,P2P,Not applicable,Delhi,Canara Bank,PhonePe,iOS,26-35,441,1,2,SUCCESS,1,Remote Access App Scam,37.0
755281503367,2024-04-30 19:57:40,150.0,P2M,Utilities,Tamil Nadu,Other,PhonePe,Android,26-35,3128,0,6,SUCCESS,0,Not fraud,
611099168608,2024-05-01 12:46:43,205.14,P2M,Entertainment & OTT,Uttar Pradesh,State Bank of India,PhonePe,Android,60+,125,0,5,SUCCESS,0,Not fraud,
866676647988,2024-05-01 13:35:55,2525.34,Collect Request,Not applicable,Kerala,State Bank of India,Google Pay,Android,26-35,1256,1,2,SUCCESS,0,Not fraud,
244461763663,2024-05-01 16:54:09,460.0,Collect Request,Not applicable,Andhra Pradesh,Yes Bank,Google Pay,Android,26-35,555,1,1,SUCCESS,0,Not fraud,
850223713710,2024-05-01 17:06:01,267.86,P2M,Entertainment & OTT,Maharashtra,State Bank of India,Paytm,Android,36-45,528,0,1,SUCCESS,0,Not fraud,
365771873845,2024-05-02 00:01:08,6100.0,P2M,Travel & Transport,Karnataka,Axis Bank,Google Pay,Android,26-35,62,0,3,SUCCESS,0,Not fraud,
364414339706,2024-05-02 06:27:48,6800.0,P2M,Education,Bihar,Other,Google Pay,Android,18-25,255,0,4,SUCCESS,0,Not fraud,
965237934611,2024-05-02 16:58:32,1042.58,P2P,Not applicable,Rajasthan,State Bank of India,BHIM,Android,26-35,358,1,4,SUCCESS,0,Not fraud,
972464220425,2024-05-02 17:29:56,2351.45,P2P,Not applicable,Telangana,ICICI Bank,PhonePe,Android,26-35,162,0,4,SUCCESS,0,Not fraud,
397946572698,2024-05-02 18:09:50,370.0,P2P,Not applicable,Delhi,Bank of India,Other,Android,18-25,2872,0,2,SUCCESS,0,Not fraud,
422133961965,2024-05-02 23:14:34,200.0,P2M,Telecom & Recharge,Jammu & Kashmir,Indian Bank,Google Pay,Android,18-25,760,0,3,SUCCESS,0,Not fraud,
955308424254,2024-05-02 23:34:41,1470.0,P2M,Fuel,Maharashtra,Other,PhonePe,Android,26-35,330,0,4,SUCCESS,0,Not fraud,
507710927560,2024-05-03 07:31:16,1860.0,P2P,Not applicable,West Bengal,ICICI Bank,BHIM,Android,18-25,150,0,3,SUCCESS,0,Not fraud,
658816903406,2024-05-03 10:13:11,1398.68,Collect Request,Not applicable,Bihar,Other,Paytm,Android,26-35,340,1,2,SUCCESS,0,Not fraud,
659641977451,2024-05-03 10:52:18,490.0,P2P,Not applicable,Delhi,Bank of Baroda,Other,iOS,26-35,301,0,2,SUCCESS,0,Not fraud,
194070787286,2024-05-03 16:15:31,300.0,P2P,Not applicable,Telangana,State Bank of India,PhonePe,Android,46-59,636,1,3,SUCCESS,0,Not fraud,
405505717129,2024-05-03 19:36:49,110.0,P2M,Financial Services,Haryana,ICICI Bank,Amazon Pay,iOS,18-25,415,0,4,SUCCESS,0,Not fraud,
548419469095,2024-05-04 09:18:33,1003.11,P2M,Travel & Transport,Madhya Pradesh,Canara Bank,Google Pay,iOS,26-35,5365,0,3,SUCCESS,0,Not fraud,
254948465254,2024-05-04 11:14:24,2770.0,Collect Request,Not applicable,Punjab,State Bank of India,Google Pay,Android,46-59,160,1,2,SUCCESS,0,Not fraud,
146400998091,2024-05-04 14:39:20,280.0,P2M,Utilities,Gujarat,Union Bank of India,PhonePe,iOS,18-25,206,0,2,SUCCESS,0,Not fraud,
223446386610,2024-05-04 19:19:25,760.0,Collect Request,Not applicable,Andhra Pradesh,Axis Bank,PhonePe,Android,26-35,208,1,2,SUCCESS,0,Not fraud,
140084067996,2024-05-04 21:38:18,370.0,P2P,Not applicable,Tamil Nadu,Punjab National Bank,Google Pay,Android,36-45,2042,1,1,SUCCESS,0,Not fraud,
964952169449,2024-05-04 23:44:29,690.0,P2P,Not applicable,Maharashtra,State Bank of India,PhonePe,Android,18-25,459,0,3,SUCCESS,0,Not fraud,
908133634718,2024-05-05 12:31:05,1288.21,P2M,Grocery & Supermarkets,Madhya Pradesh,Indian Bank,Other,Android,36-45,498,0,4,SUCCESS,0,Not fraud,
806273313133,2024-05-05 14:06:10,1600.0,Bill Payment,Utilities,Maharashtra,Punjab National Bank,PhonePe,iOS,46-59,3114,0,4,SUCCESS,0,Not fraud,
183859129244,2024-05-05 16:26:16,1000.0,P2P,Not applicable,Himachal Pradesh,Kotak Mahindra Bank,Google Pay,Android,18-25,115,0,4,SUCCESS,0,Not fraud,
228449589503,2024-05-05 17:09:59,1600.0,P2M,E-commerce,Madhya Pradesh,ICICI Bank,PhonePe,Android,26-35,1965,0,7,SUCCESS,0,Not fraud,
970784124164,2024-05-05 17:33:03,38700.0,P2P,Not applicable,Andhra Pradesh,HDFC Bank,Other,Android,26-35,184,1,7,SUCCESS,1,SIM Swap/Account Takeover,9.3
946276915128,2024-05-05 20:10:23,400.0,P2M,Food & Dining,Chhattisgarh,Axis Bank,PhonePe,Android,36-45,71,0,4,SUCCESS,0,Not fraud,
702771860108,2024-05-05 21:32:46,8600.0,P2M,Others,Delhi,Other,Paytm,Android,26-35,805,0,4,SUCCESS,1,Merchant Impersonation,22.0
684780394022,2024-05-05 21:54:46,500.0,P2M,Food & Dining,Delhi,State Bank of India,PhonePe,Android,26-35,884,0,4,SUCCESS,0,Not fraud,
403750042889,2024-05-06 10:58:15,730.0,P2P,Not applicable,Andhra Pradesh,HDFC Bank,PhonePe,Android,18-25,708,0,4,SUCCESS,0,Not fraud,
991510347627,2024-05-06 18:19:46,146.59,P2M,Grocery & Supermarkets,Andhra Pradesh,Kotak Mahindra Bank,PhonePe,Android,46-59,1715,0,5,SUCCESS,0,Not fraud,
993383887527,2024-05-07 09:40:58,1554.6,P2P,Not applicable,Assam,Other,PhonePe,Android,26-35,601,0,2,SUCCESS,0,Not fraud,
585207533002,2024-05-07 09:48:29,1190.67,P2M,Fuel,Assam,Bank of Baroda,Google Pay,Android,26-35,1679,0,7,SUCCESS,0,Not fraud,
140490778922,2024-05-07 10:35:39,327.44,P2P,Not applicable,Maharashtra,Other,PhonePe,iOS,26-35,1552,1,3,SUCCESS,0,Not fraud,
325466858386,2024-05-07 19:06:03,1961.26,P2M,Financial Services,Maharashtra,Yes Bank,Amazon Pay,Android,18-25,1428,0,8,SUCCESS,0,Not fraud,
924723434453,2024-05-07 20:54:06,510.0,P2M,Grocery & Supermarkets,Andhra Pradesh,ICICI Bank,PhonePe,Android,26-35,1475,0,3,SUCCESS,0,Not fraud,
980611949695,2024-05-08 13:50:21,670.0,P2M,Grocery & Supermarkets,Tamil Nadu,Axis Bank,Google Pay,Android,36-45,178,0,1,SUCCESS,0,Not fraud,
869178322986,2024-05-08 13:56:00,1095.71,P2M,Grocery & Supermarkets,Rajasthan,Axis Bank,PhonePe,Android,26-35,2321,0,4,SUCCESS,0,Not fraud,
491554112626,2024-05-08 14:05:43,1490.0,Bill Payment,Utilities,Karnataka,Indian Bank,Google Pay,Android,26-35,942,0,2,SUCCESS,0,Not fraud,
647623142779,2024-05-08 20:11:29,2346.92,P2M,Travel & Transport,Telangana,State Bank of India,PhonePe,Android,46-59,480,0,2,SUCCESS,0,Not fraud,
266849053167,2024-05-08 21:21:53,600.0,P2M,Food & Dining,Maharashtra,Other,Google Pay,Android,46-59,215,0,5,SUCCESS,0,Not fraud,
789235335387,2024-05-09 10:00:37,753.55,P2P,Not applicable,Telangana,Punjab National Bank,PhonePe,Android,18-25,1068,0,5,SUCCESS,0,Not fraud,
400511206958,2024-05-09 11:38:09,1925.2,P2M,Travel & Transport,Jharkhand,State Bank of India,Google Pay,Android,18-25,55,0,5,SUCCESS,0,Not fraud,
606935678174,2024-05-10 10:06:42,261.61,P2M,Fuel,Bihar,Canara Bank,Paytm,Android,26-35,197,0,2,SUCCESS,0,Not fraud,
142798711025,2024-05-11 12:59:30,610.0,Bill Payment,Telecom & Recharge,Bihar,Other,Google Pay,Android,36-45,338,0,6,SUCCESS,0,Not fraud,
479931799293,2024-05-11 13:00:53,656.31,P2P,Not applicable,Tamil Nadu,HDFC Bank,PhonePe,Feature Phone (USSD),18-25,448,0,4,SUCCESS,0,Not fraud,
188826828970,2024-05-11 13:11:00,84.62,Autopay/Mandate,Financial Services,Gujarat,Other,PhonePe,Android,36-45,1286,0,1,SUCCESS,0,Not fraud,
903747851728,2024-05-11 15:30:37,3292.22,P2M,Fuel,West Bengal,State Bank of India,Paytm,Android,46-59,266,0,2,SUCCESS,1,Merchant Impersonation,45.8
346162385121,2024-05-12 06:21:40,2010.0,P2M,Grocery & Supermarkets,Tamil Nadu,HDFC Bank,PhonePe,Android,26-35,541,0,4,SUCCESS,0,Not fraud,
688194731873,2024-05-12 15:08:57,100.0,P2P,Not applicable,Maharashtra,Kotak Mahindra Bank,PhonePe,Android,18-25,2313,1,3,SUCCESS,0,Not fraud,
108922043238,2024-05-13 15:31:46,664.09,P2P,Not applicable,Telangana,HDFC Bank,Google Pay,Android,26-35,833,1,3,SUCCESS,0,Not fraud,
393099591027,2024-05-13 19:34:48,180.0,P2M,Grocery & Supermarkets,Telangana,IDFC FIRST Bank,Google Pay,Android,36-45,516,0,5,SUCCESS,0,Not fraud,
472745558476,2024-05-14 13:18:07,451.82,P2P,Not applicable,Telangana,State Bank of India,Other,Android,36-45,1045,0,2,SUCCESS,0,Not fraud,
953199115118,2024-05-14 20:01:07,264.31,P2M,Grocery & Supermarkets,Jharkhand,Bank of India,PhonePe,Android,36-45,366,0,4,SUCCESS,0,Not fraud,
675903604246,2024-05-15 01:58:25,1960.0,P2M,Food & Dining,Madhya Pradesh,Other,PhonePe,iOS,46-59,61,0,5,SUCCESS,1,QR Code Scam,17.4
673962574838,2024-05-15 07:28:05,1370.0,P2M,Fuel,Maharashtra,State Bank of India,Google Pay,iOS,36-45,2936,0,7,SUCCESS,0,Not fraud,
527211190987,2024-05-15 12:35:07,1400.0,P2P,Not applicable,Maharashtra,Union Bank of India,Google Pay,Android,26-35,6000,0,4,SUCCESS,0,Not fraud,
723239559177,2024-05-15 12:51:04,515.42,P2M,Grocery & Supermarkets,Tamil Nadu,HDFC Bank,Google Pay,Android,26-35,1039,0,6,SUCCESS,0,Not fraud,
349965788304,2024-05-16 15:39:36,306.9,P2P,Not applicable,Haryana,Bank of Baroda,Google Pay,Android,60+,677,0,5,SUCCESS,0,Not fraud,
229341914264,2024-05-16 15:46:52,3300.0,P2M,Travel & Transport,West Bengal,Other,Google Pay,Android,26-35,53,0,4,SUCCESS,0,Not fraud,
201587837159,2024-05-16 23:27:16,335.81,P2M,Fuel,Uttar Pradesh,State Bank of India,Paytm,iOS,26-35,94,0,4,FAILED,0,Not fraud,
412297748553,2024-05-17 05:01:20,1747.78,Collect Request,Not applicable,Telangana,Indian Bank,Paytm,iOS,46-59,379,0,1,SUCCESS,1,Fake Collect Request,10.8
832511062390,2024-05-17 12:37:35,88.73,P2M,Entertainment & OTT,Maharashtra,State Bank of India,PhonePe,Android,36-45,325,1,4,SUCCESS,0,Not fraud,
686219549680,2024-05-17 13:50:22,190.0,P2P,Not applicable,Maharashtra,Other,PhonePe,Android,36-45,316,0,4,SUCCESS,0,Not fraud,
499038473519,2024-05-17 16:14:56,621.43,P2M,Grocery & Supermarkets,Rajasthan,State Bank of India,Paytm,Android,18-25,1917,0,4,SUCCESS,0,Not fraud,
300702767261,2024-05-18 08:25:32,220.0,P2P,Not applicable,Bihar,Other,Other,Android,26-35,4246,0,1,SUCCESS,0,Not fraud,
525751047900,2024-05-18 08:58:40,415.77,P2P,Not applicable,Jharkhand,HDFC Bank,Google Pay,Android,46-59,854,0,2,SUCCESS,0,Not fraud,
584085589833,2024-05-18 18:50:39,1100.0,P2M,Grocery & Supermarkets,Chandigarh,Other,Other,Android,36-45,3859,0,6,SUCCESS,0,Not fraud,
928556313835,2024-05-18 19:02:47,830.0,P2M,Financial Services,Tamil Nadu,State Bank of India,Paytm,Android,18-25,4216,0,3,SUCCESS,0,Not fraud,
597286947032,2024-05-19 08:03:24,593.08,P2P,Not applicable,Gujarat,Axis Bank,PhonePe,iOS,36-45,1349,0,2,SUCCESS,0,Not fraud,
845358711283,2024-05-19 10:58:06,330.0,P2P,Not applicable,Rajasthan,Indian Bank,PhonePe,Android,18-25,675,0,3,SUCCESS,0,Not fraud,
874623939775,2024-05-19 12:42:25,217.62,P2M,Food & Dining,Telangana,State Bank of India,CRED,Android,18-25,1697,0,4,SUCCESS,0,Not fraud,
800250865797,2024-05-19 15:16:30,2090.0,P2M,Food & Dining,Tamil Nadu,Other,PhonePe,Android,46-59,1549,0,4,SUCCESS,0,Not fraud,
315568180742,2024-05-19 22:08:29,250.0,Autopay/Mandate,Entertainment & OTT,Uttar Pradesh,Bank of Baroda,Google Pay,Android,46-59,72,0,2,SUCCESS,0,Not fraud,
485728477107,2024-05-20 13:51:32,460.0,P2P,Not applicable,Chhattisgarh,HDFC Bank,Google Pay,Android,26-35,255,0,3,SUCCESS,0,Not fraud,
323778625600,2024-05-20 16:53:17,1040.0,P2P,Not applicable,Bihar,State Bank of India,Google Pay,Android,26-35,6000,0,2,SUCCESS,0,Not fraud,
461182879184,2024-05-20 19:18:57,2140.0,P2M,Grocery & Supermarkets,Bihar,Bank of India,PhonePe,Android,36-45,409,0,5,SUCCESS,0,Not fraud,
887468471562,2024-05-20 19:53:38,1157.03,P2M,Healthcare,Maharashtra,State Bank of India,Google Pay,Android,36-45,411,0,3,SUCCESS,0,Not fraud,
305359657992,2024-05-20 21:14:25,481.64,P2P,Not applicable,Haryana,HDFC Bank,Google Pay,Android,26-35,140,0,1,SUCCESS,0,Not fraud,
547979657671,2024-05-21 01:39:03,600.0,P2M,E-commerce,Uttar Pradesh,Other,PhonePe,Android,46-59,6000,0,1,SUCCESS,0,Not fraud,
945279051775,2024-05-21 14:57:36,507.64,P2M,Food & Dining,Chandigarh,Axis Bank,Google Pay,Android,36-45,28,0,5,SUCCESS,0,Not fraud,
736982405996,2024-05-22 08:24:35,300.0,P2P,Not applicable,Himachal Pradesh,Axis Bank,Google Pay,Feature Phone (USSD),26-35,981,0,2,SUCCESS,0,Not fraud,
689411921096,2024-05-22 09:47:15,1120.0,P2M,E-commerce,Karnataka,ICICI Bank,PhonePe,Android,60+,254,0,3,SUCCESS,0,Not fraud,
224603314608,2024-05-22 12:24:12,72.89,Autopay/Mandate,Entertainment & OTT,Andhra Pradesh,Other,PhonePe,Android,18-25,446,0,3,SUCCESS,0,Not fraud,
658262420341,2024-05-22 16:03:58,218.58,P2M,Grocery & Supermarkets,Telangana,Axis Bank,PhonePe,iOS,26-35,208,0,5,SUCCESS,0,Not fraud,
474075861858,2024-05-22 18:00:02,1086.61,P2P,Not applicable,Madhya Pradesh,Bank of Baroda,PhonePe,Android,46-59,639,0,5,SUCCESS,0,Not fraud,
995923659979,2024-05-22 20:29:53,429.36,Autopay/Mandate,Telecom & Recharge,Gujarat,State Bank of India,Google Pay,Android,36-45,192,0,1,SUCCESS,0,Not fraud,
195511043509,2024-05-23 15:17:19,1280.0,P2P,Not applicable,Jharkhand,HDFC Bank,Google Pay,Android,18-25,2150,0,1,SUCCESS,0,Not fraud,
914635726164,2024-05-23 17:41:18,2220.0,P2M,Others,West Bengal,HDFC Bank,Google Pay,iOS,26-35,1531,0,2,SUCCESS,0,Not fraud,
282993506206,2024-05-24 07:31:06,220.0,P2M,Food & Dining,West Bengal,IndusInd Bank,PhonePe,Android,26-35,546,0,5,FAILED,0,Not fraud,
915403609605,2024-05-24 14:00:10,760.0,Autopay/Mandate,Utilities,Chhattisgarh,HDFC Bank,PhonePe,Android,26-35,1398,0,5,SUCCESS,0,Not fraud,
218057262122,2024-05-24 18:25:43,600.0,P2P,Not applicable,Punjab,State Bank of India,Google Pay,Android,26-35,620,0,1,SUCCESS,0,Not fraud,
901896886466,2024-05-24 18:40:23,453.13,Bill Payment,Utilities,Karnataka,Yes Bank,Google Pay,Android,36-45,420,0,3,SUCCESS,0,Not fraud,
644545047015,2024-05-24 20:09:15,300.0,P2M,Grocery & Supermarkets,Bihar,Yes Bank,Paytm,Android,18-25,474,0,4,SUCCESS,0,Not fraud,
211553286291,2024-05-25 02:35:00,329.72,P2M,Grocery & Supermarkets,Goa,HDFC Bank,PhonePe,Android,36-45,122,0,6,SUCCESS,0,Not fraud,
147546931781,2024-05-25 14:53:27,440.0,P2M,Healthcare,Gujarat,Bank of Baroda,PhonePe,Android,36-45,318,0,3,SUCCESS,0,Not fraud,
739552775550,2024-05-25 15:17:14,3030.0,Collect Request,Not applicable,Gujarat,Canara Bank,PhonePe,iOS,46-59,136,0,3,SUCCESS,0,Not fraud,
468872788373,2024-05-25 17:48:30,1000.0,Collect Request,Not applicable,Rajasthan,ICICI Bank,PhonePe,Android,60+,5433,1,2,SUCCESS,0,Not fraud,
899331510583,2024-05-25 19:31:28,1146.72,Autopay/Mandate,Telecom & Recharge,Maharashtra,ICICI Bank,PhonePe,iOS,18-25,390,0,2,SUCCESS,0,Not fraud,
597569247004,2024-05-26 08:18:54,600.0,P2M,Telecom & Recharge,Gujarat,IDFC FIRST Bank,PhonePe,Android,36-45,1280,0,1,SUCCESS,0,Not fraud,
579596488421,2024-05-28 18:26:56,1260.0,P2M,Travel & Transport,Bihar,HDFC Bank,PhonePe,Android,26-35,137,0,1,SUCCESS,0,Not fraud,
679814537925,2024-05-29 07:23:29,282.78,P2M,Grocery & Supermarkets,Haryana,ICICI Bank,PhonePe,Android,60+,927,0,6,SUCCESS,0,Not fraud,
279420993299,2024-05-29 08:49:30,11110.0,P2M,Utilities,Uttar Pradesh,Punjab National Bank,Amazon Pay,Android,18-25,269,0,3,SUCCESS,1,Merchant Impersonation,17.0
180718251962,2024-05-29 12:54:27,1870.0,P2P,Not applicable,West Bengal,State Bank of India,PhonePe,iOS,18-25,472,0,3,SUCCESS,0,Not fraud,
419588142450,2024-05-29 19:57:00,197.1,P2M,Telecom & Recharge,Uttar Pradesh,State Bank of India,Google Pay,Android,26-35,375,0,4,SUCCESS,0,Not fraud,
713841140180,2024-05-29 20:38:24,470.0,P2M,Travel & Transport,Maharashtra,Other,CRED,Android,18-25,79,0,4,SUCCESS,0,Not fraud,
205477618166,2024-05-30 00:18:39,3510.0,P2M,Education,Tamil Nadu,State Bank of India,Google Pay,Android,36-45,2412,0,3,SUCCESS,0,Not fraud,
178807225648,2024-05-30 06:50:41,900.0,Collect Request,Not applicable,West Bengal,State Bank of India,PhonePe,Android,46-59,447,1,2,SUCCESS,0,Not fraud,
223320979537,2024-05-30 08:23:45,1680.0,P2M,E-commerce,Karnataka,Axis Bank,PhonePe,Android,26-35,203,1,2,SUCCESS,0,Not fraud,
345322344484,2024-05-30 12:10:16,2118.72,P2P,Not applicable,Telangana,IndusInd Bank,Google Pay,Android,18-25,583,1,1,SUCCESS,1,Phishing/Vishing,9.1
467373894875,2024-05-30 13:22:35,430.0,P2P,Not applicable,Delhi,Bank of Baroda,Paytm,Android,60+,1165,0,3,SUCCESS,0,Not fraud,
262661888941,2024-05-30 17:14:41,1488.42,Collect Request,Not applicable,Andhra Pradesh,Bank of Baroda,Other,Android,26-35,1068,1,3,SUCCESS,0,Not fraud,
888429668001,2024-05-31 05:55:27,560.0,P2M,Grocery & Supermarkets,Haryana,ICICI Bank,PhonePe,Android,26-35,1673,0,4,SUCCESS,0,Not fraud,
834535318369,2024-05-31 11:09:51,615.13,P2M,Utilities,Maharashtra,Axis Bank,PhonePe,Android,26-35,464,0,4,SUCCESS,0,Not fraud,
920694644463,2024-05-31 14:13:02,1160.0,P2P,Not applicable,Karnataka,Union Bank of India,Google Pay,Android,46-59,783,0,1,SUCCESS,0,Not fraud,
152292231135,2024-05-31 15:54:15,131.94,P2M,Others,Gujarat,ICICI Bank,Google Pay,Android,46-59,2133,0,3,SUCCESS,0,Not fraud,
366721396268,2024-05-31 17:31:10,941.8,P2M,Travel & Transport,Gujarat,Axis Bank,Paytm,Android,18-25,86,0,2,SUCCESS,0,Not fraud,
119539411266,2024-05-31 18:42:11,600.0,Collect Request,Not applicable,Maharashtra,Bank of India,Google Pay,iOS,26-35,1314,1,3,SUCCESS,0,Not fraud,
434530519870,2024-05-31 19:34:04,138.38,P2M,Entertainment & OTT,Kerala,Bank of India,PhonePe,Android,18-25,1349,0,5,SUCCESS,0,Not fraud,
583254065000,2024-06-01 09:32:54,811.13,P2M,Travel & Transport,Andhra Pradesh,Other,PhonePe,Android,26-35,122,0,4,SUCCESS,0,Not fraud,
529075256284,2024-06-01 11:51:00,221.85,P2M,E-commerce,Maharashtra,Punjab National Bank,PhonePe,Android,26-35,2806,0,7,SUCCESS,0,Not fraud,
418504543236,2024-06-01 12:14:38,380.0,P2M,Entertainment & OTT,Bihar,State Bank of India,Paytm,Android,26-35,58,0,3,SUCCESS,0,Not fraud,
974096800556,2024-06-01 13:24:35,334.97,P2P,Not applicable,Maharashtra,Union Bank of India,PhonePe,Android,46-59,210,0,6,SUCCESS,0,Not fraud,
782236016622,2024-06-01 16:58:43,4396.23,Bill Payment,Utilities,Telangana,Punjab National Bank,PhonePe,Android,18-25,6000,0,2,SUCCESS,0,Not fraud,
403629397631,2024-06-01 19:22:03,1720.0,P2M,Travel & Transport,Tamil Nadu,Other,Amazon Pay,Android,46-59,884,0,3,SUCCESS,0,Not fraud,
819224909807,2024-06-02 01:03:07,900.0,Bill Payment,Utilities,Madhya Pradesh,Other,Google Pay,Android,36-45,3142,0,3,SUCCESS,0,Not fraud,
167880704201,2024-06-02 02:47:31,360.0,P2M,Others,Uttar Pradesh,Axis Bank,PhonePe,Android,26-35,519,0,5,SUCCESS,0,Not fraud,
540202252279,2024-06-02 05:33:01,370.0,P2P,Not applicable,Karnataka,Other,Google Pay,iOS,26-35,306,1,4,SUCCESS,0,Not fraud,
154512956199,2024-06-02 11:23:52,1600.0,P2M,Travel & Transport,Himachal Pradesh,State Bank of India,Paytm,Android,18-25,186,0,5,SUCCESS,0,Not fraud,
821021665989,2024-06-03 11:46:50,410.0,P2M,Healthcare,Madhya Pradesh,Union Bank of India,Google Pay,Android,46-59,1079,1,3,SUCCESS,0,Not fraud,
684645103910,2024-06-03 11:56:29,2800.0,P2M,Healthcare,Maharashtra,Other,Google Pay,Android,26-35,1714,0,5,SUCCESS,0,Not fraud,
520607523106,2024-06-03 19:05:10,800.0,P2P,Not applicable,Delhi,Axis Bank,Google Pay,Android,26-35,544,0,5,SUCCESS,0,Not fraud,
684916576243,2024-06-03 20:32:08,1088.27,P2M,Education,Andhra Pradesh,HDFC Bank,PhonePe,Android,26-35,262,0,2,SUCCESS,0,Not fraud,
224802639172,2024-06-04 11:51:00,2200.0,P2M,Healthcare,Haryana,ICICI Bank,PhonePe,Android,26-35,119,0,5,SUCCESS,0,Not fraud,
798360059507,2024-06-04 12:23:16,1370.0,Bill Payment,Utilities,Maharashtra,Indian Bank,PhonePe,Android,26-35,701,0,2,SUCCESS,0,Not fraud,
312426461768,2024-06-04 15:40:59,2500.0,P2P,Not applicable,Meghalaya,State Bank of India,Paytm,Android,18-25,1155,1,2,SUCCESS,0,Not fraud,
462959769386,2024-06-04 22:02:42,251.99,P2P,Not applicable,Tamil Nadu,HDFC Bank,PhonePe,Android,46-59,1007,0,1,SUCCESS,0,Not fraud,
270816954167,2024-06-05 08:35:17,400.0,P2M,Healthcare,Gujarat,Punjab National Bank,Google Pay,Android,46-59,2335,0,3,SUCCESS,0,Not fraud,
514925453093,2024-06-05 19:13:48,300.0,P2M,Entertainment & OTT,Karnataka,Union Bank of India,PhonePe,Android,18-25,68,0,3,SUCCESS,0,Not fraud,
586041769401,2024-06-05 19:45:20,5500.0,Bill Payment,Financial Services,Telangana,IDFC FIRST Bank,BHIM,Android,36-45,632,0,2,SUCCESS,0,Not fraud,
799171157066,2024-06-05 21:39:21,200.0,P2M,Fuel,Telangana,IDFC FIRST Bank,PhonePe,Android,26-35,1255,0,8,SUCCESS,0,Not fraud,
167385497402,2024-06-06 01:38:17,50.02,Bill Payment,Telecom & Recharge,Jharkhand,State Bank of India,PhonePe,Android,36-45,313,0,3,SUCCESS,0,Not fraud,
358974512286,2024-06-06 10:49:57,790.0,P2P,Not applicable,Karnataka,State Bank of India,PhonePe,Android,18-25,23,0,3,SUCCESS,0,Not fraud,
288358584739,2024-06-06 21:27:20,4470.0,Bill Payment,Telecom & Recharge,Karnataka,State Bank of India,Amazon Pay,iOS,26-35,113,0,2,SUCCESS,0,Not fraud,
138107485544,2024-06-06 21:30:41,150.0,P2M,Food & Dining,Haryana,HDFC Bank,PhonePe,Android,46-59,153,0,4,SUCCESS,0,Not fraud,
795001140403,2024-06-08 15:13:26,280.0,P2M,Others,Telangana,HDFC Bank,PhonePe,Android,26-35,330,0,5,SUCCESS,0,Not fraud,
110315648951,2024-06-08 15:54:11,170.0,P2P,Not applicable,Bihar,Other,PhonePe,Android,26-35,547,0,1,SUCCESS,0,Not fraud,
166944396330,2024-06-09 08:35:10,741.18,P2M,Grocery & Supermarkets,Kerala,State Bank of India,Google Pay,Android,46-59,677,0,7,SUCCESS,0,Not fraud,
387754043349,2024-06-09 21:19:17,1100.0,Bill Payment,Utilities,Gujarat,Canara Bank,PhonePe,Android,26-35,259,0,3,SUCCESS,0,Not fraud,
161053222853,2024-06-10 08:21:49,11100.0,Bill Payment,Telecom & Recharge,Uttar Pradesh,State Bank of India,Google Pay,Android,46-59,333,0,3,SUCCESS,0,Not fraud,
828085260070,2024-06-10 13:52:46,400.0,P2M,Entertainment & OTT,Jharkhand,Bank of Baroda,Paytm,Android,36-45,84,0,2,SUCCESS,0,Not fraud,
850310665519,2024-06-10 14:12:45,632.94,P2P,Not applicable,Andhra Pradesh,HDFC Bank,Paytm,Android,18-25,1522,0,4,SUCCESS,0,Not fraud,
843228305366,2024-06-10 15:44:21,2610.0,P2M,Education,Maharashtra,HDFC Bank,PhonePe,Android,60+,3580,0,5,SUCCESS,0,Not fraud,
156670980401,2024-06-10 19:17:10,100.0,P2M,Utilities,Haryana,State Bank of India,PhonePe,Android,18-25,297,0,5,SUCCESS,0,Not fraud,
844789319101,2024-06-11 13:22:48,1457.86,Collect Request,Not applicable,Andhra Pradesh,Axis Bank,Paytm,Android,36-45,30,1,3,FAILED,0,Not fraud,
994784022620,2024-06-11 16:22:13,128.24,P2M,Food & Dining,Maharashtra,HDFC Bank,Google Pay,Android,18-25,261,0,5,SUCCESS,0,Not fraud,
638167722740,2024-06-12 09:21:37,500.0,P2P,Not applicable,Gujarat,ICICI Bank,Google Pay,Android,26-35,1107,0,1,SUCCESS,0,Not fraud,
243897397122,2024-06-12 10:50:00,456.3,P2M,Travel & Transport,Karnataka,State Bank of India,Other,Android,18-25,380,0,3,SUCCESS,0,Not fraud,
507898994743,2024-06-12 11:49:12,600.0,P2P,Not applicable,Uttar Pradesh,Punjab National Bank,Google Pay,Android,18-25,750,0,2,SUCCESS,0,Not fraud,
900901836298,2024-06-12 16:25:24,1653.08,P2P,Not applicable,Tripura,ICICI Bank,PhonePe,Android,46-59,2702,1,2,SUCCESS,0,Not fraud,
491761423898,2024-06-12 16:48:47,2450.0,P2M,Education,Maharashtra,HDFC Bank,BHIM,Android,18-25,2222,0,7,SUCCESS,0,Not fraud,
479892107279,2024-06-12 18:32:51,260.0,P2P,Not applicable,Gujarat,Union Bank of India,PhonePe,Android,18-25,1319,0,4,SUCCESS,0,Not fraud,
570820624718,2024-06-13 07:26:24,4200.0,Bill Payment,Utilities,Tamil Nadu,ICICI Bank,PhonePe,Android,26-35,3802,0,1,FAILED,0,Not fraud,
730337079592,2024-06-13 11:07:52,400.0,P2P,Not applicable,Karnataka,Axis Bank,PhonePe,Android,26-35,420,1,3,SUCCESS,0,Not fraud,
594948343462,2024-06-14 02:02:40,2165.61,P2M,Grocery & Supermarkets,Goa,Other,Amazon Pay,iOS,18-25,107,0,4,SUCCESS,0,Not fraud,
912035422339,2024-06-14 10:10:59,75.51,P2M,Telecom & Recharge,Maharashtra,ICICI Bank,Paytm,Android,26-35,2215,0,3,SUCCESS,0,Not fraud,
591300559858,2024-06-14 10:17:56,5570.0,P2M,Healthcare,Uttar Pradesh,ICICI Bank,Google Pay,Android,26-35,513,0,3,SUCCESS,0,Not fraud,
957802851146,2024-06-14 13:30:10,450.0,P2M,Grocery & Supermarkets,Karnataka,Other,PhonePe,Feature Phone (USSD),36-45,729,0,2,SUCCESS,0,Not fraud,
867981200332,2024-06-14 14:40:21,1820.0,P2P,Not applicable,Andhra Pradesh,Other,Google Pay,Feature Phone (USSD),36-45,1070,0,3,SUCCESS,0,Not fraud,
837981465543,2024-06-14 16:00:54,2210.0,P2M,Food & Dining,Karnataka,State Bank of India,Google Pay,Android,46-59,513,0,3,SUCCESS,0,Not fraud,
241458838096,2024-06-15 12:58:48,740.0,P2P,Not applicable,Maharashtra,State Bank of India,PhonePe,Android,26-35,3335,0,2,SUCCESS,0,Not fraud,
443354137817,2024-06-16 16:58:42,240.0,P2P,Not applicable,Chandigarh,ICICI Bank,Google Pay,Android,18-25,43,0,4,SUCCESS,0,Not fraud,
858371975228,2024-06-16 19:18:56,122.88,P2M,Telecom & Recharge,Andhra Pradesh,State Bank of India,Google Pay,Android,36-45,1011,0,4,SUCCESS,0,Not fraud,
471445856792,2024-06-16 19:54:23,440.0,P2P,Not applicable,Maharashtra,ICICI Bank,PhonePe,Android,26-35,146,1,4,SUCCESS,0,Not fraud,
914772078179,2024-06-16 20:19:04,400.0,P2M,Grocery & Supermarkets,Maharashtra,HDFC Bank,PhonePe,iOS,36-45,101,1,6,SUCCESS,0,Not fraud,
373877109752,2024-06-16 22:29:56,414.27,Autopay/Mandate,Financial Services,Maharashtra,Other,PhonePe,Android,18-25,393,1,2,FAILED,0,Not fraud,
425844990042,2024-06-16 23:49:33,460.0,P2M,Healthcare,Uttarakhand,State Bank of India,PhonePe,Android,36-45,327,0,2,SUCCESS,0,Not fraud,
819391276397,2024-06-17 04:04:07,980.0,P2P,Not applicable,Jharkhand,Yes Bank,Google Pay,Android,36-45,177,0,2,SUCCESS,0,Not fraud,
567077283999,2024-06-17 11:37:39,961.11,Autopay/Mandate,Financial Services,Andhra Pradesh,Punjab National Bank,PhonePe,Android,60+,3212,0,6,SUCCESS,0,Not fraud,
596649214277,2024-06-17 20:57:18,1120.0,P2M,E-commerce,Maharashtra,Axis Bank,PhonePe,Android,36-45,127,1,3,SUCCESS,0,Not fraud,
573622607222,2024-06-18 00:44:21,600.0,P2M,E-commerce,Uttar Pradesh,Other,PhonePe,iOS,46-59,345,0,7,SUCCESS,0,Not fraud,
793306975839,2024-06-18 09:40:42,3700.0,P2M,Education,West Bengal,ICICI Bank,BHIM,Android,36-45,86,0,4,SUCCESS,0,Not fraud,
295691191131,2024-06-18 09:59:43,1260.36,Autopay/Mandate,Entertainment & OTT,Maharashtra,Kotak Mahindra Bank,PhonePe,Android,26-35,771,0,3,SUCCESS,1,Merchant Impersonation,4.4
292540008149,2024-06-18 12:29:39,29115.37,Collect Request,Not applicable,Andhra Pradesh,State Bank of India,Google Pay,Android,26-35,715,1,1,SUCCESS,1,Phishing/Vishing,13.2
547416925739,2024-06-18 12:41:41,243.49,Collect Request,Not applicable,Uttar Pradesh,Axis Bank,PhonePe,Android,18-25,3513,1,2,SUCCESS,0,Not fraud,
491038536256,2024-06-18 14:42:53,440.0,P2M,Utilities,Uttar Pradesh,Union Bank of India,Google Pay,Android,18-25,620,0,5,SUCCESS,0,Not fraud,
582424663509,2024-06-18 15:59:22,83.54,P2P,Not applicable,Goa,HDFC Bank,PhonePe,Android,36-45,201,1,4,SUCCESS,0,Not fraud,
186856853573,2024-06-18 17:07:27,1200.0,P2P,Not applicable,Karnataka,Axis Bank,Google Pay,Android,46-59,566,1,7,SUCCESS,0,Not fraud,
354816384731,2024-06-18 18:58:42,629.67,P2P,Not applicable,Uttar Pradesh,IndusInd Bank,PhonePe,Android,18-25,3333,1,1,SUCCESS,0,Not fraud,
417371715478,2024-06-19 08:54:15,738.94,P2M,Grocery & Supermarkets,West Bengal,State Bank of India,Google Pay,Android,26-35,795,0,2,SUCCESS,0,Not fraud,
609260262594,2024-06-19 18:43:51,1890.0,Collect Request,Not applicable,Haryana,State Bank of India,PhonePe,Android,36-45,704,1,3,SUCCESS,0,Not fraud,
823688441348,2024-06-19 19:13:30,320.0,P2M,Food & Dining,Gujarat,HDFC Bank,Google Pay,iOS,36-45,255,0,3,SUCCESS,0,Not fraud,
787669830730,2024-06-19 19:54:55,190.0,P2M,Utilities,Telangana,HDFC Bank,PhonePe,Android,26-35,675,1,3,SUCCESS,0,Not fraud,
996632423686,2024-06-19 21:35:42,390.0,Bill Payment,Utilities,Jharkhand,State Bank of India,Google Pay,Android,26-35,3295,0,2,SUCCESS,0,Not fraud,
795133698265,2024-06-20 11:19:38,1010.0,Collect Request,Not applicable,Karnataka,ICICI Bank,Google Pay,iOS,26-35,3611,1,4,SUCCESS,0,Not fraud,
576171813176,2024-06-20 16:59:28,124.05,P2M,Grocery & Supermarkets,Andhra Pradesh,Other,Paytm,Android,26-35,452,0,7,SUCCESS,0,Not fraud,
752629176340,2024-06-21 08:38:23,1770.61,P2M,E-commerce,Telangana,State Bank of India,PhonePe,Android,26-35,2079,0,4,SUCCESS,0,Not fraud,
732023479004,2024-06-21 09:03:33,570.0,P2P,Not applicable,Bihar,State Bank of India,PhonePe,iOS,26-35,731,1,3,SUCCESS,0,Not fraud,
314368910133,2024-06-21 11:00:06,1130.0,P2P,Not applicable,Bihar,IDFC FIRST Bank,PhonePe,Android,26-35,111,1,1,SUCCESS,0,Not fraud,
483733663153,2024-06-21 17:54:58,300.43,P2M,Grocery & Supermarkets,Telangana,Canara Bank,PhonePe,Android,36-45,4443,0,3,FAILED,0,Not fraud,
846175083820,2024-06-21 21:44:33,300.0,P2M,Food & Dining,Uttar Pradesh,Union Bank of India,Paytm,Android,18-25,265,0,4,SUCCESS,0,Not fraud,
500534070984,2024-06-22 11:59:11,1220.0,P2P,Not applicable,Delhi,State Bank of India,CRED,iOS,26-35,154,0,3,SUCCESS,0,Not fraud,
752968021533,2024-06-22 14:16:46,204.78,Autopay/Mandate,Utilities,Andhra Pradesh,ICICI Bank,PhonePe,iOS,26-35,674,0,5,SUCCESS,0,Not fraud,
341093371629,2024-06-22 19:09:37,430.0,P2M,E-commerce,Maharashtra,State Bank of India,Google Pay,iOS,26-35,2061,0,4,SUCCESS,0,Not fraud,
188028201572,2024-06-22 23:22:51,3310.0,P2M,Healthcare,Karnataka,HDFC Bank,PhonePe,Android,36-45,2946,0,5,SUCCESS,0,Not fraud,
557060110959,2024-06-22 23:35:29,530.0,P2P,Not applicable,Haryana,Axis Bank,Google Pay,Android,26-35,497,0,3,SUCCESS,0,Not fraud,
934836795287,2024-06-23 10:35:02,234.15,P2P,Not applicable,West Bengal,ICICI Bank,Amazon Pay,Android,26-35,355,0,1,SUCCESS,0,Not fraud,
304621914858,2024-06-23 16:55:19,600.0,P2M,Food & Dining,Rajasthan,State Bank of India,Google Pay,Android,26-35,210,1,3,SUCCESS,0,Not fraud,
707174314677,2024-06-23 18:57:45,500.0,Collect Request,Not applicable,Rajasthan,State Bank of India,PhonePe,Android,36-45,1413,1,2,SUCCESS,0,Not fraud,
120545838097,2024-06-24 02:50:51,300.0,P2M,Food & Dining,Jharkhand,State Bank of India,PhonePe,Android,46-59,344,0,2,SUCCESS,0,Not fraud,
733012640793,2024-06-24 14:52:12,171.26,P2M,Food & Dining,Madhya Pradesh,Canara Bank,PhonePe,Android,18-25,505,0,3,SUCCESS,0,Not fraud,
730767413027,2024-06-24 19:27:43,469.34,P2M,Food & Dining,Kerala,State Bank of India,PhonePe,iOS,60+,301,1,4,SUCCESS,0,Not fraud,
965055621635,2024-06-25 16:23:50,600.0,P2M,Entertainment & OTT,West Bengal,Yes Bank,Paytm,Android,18-25,551,1,4,SUCCESS,0,Not fraud,
541634523782,2024-06-25 17:13:48,358.21,Bill Payment,Telecom & Recharge,Bihar,State Bank of India,PhonePe,iOS,46-59,1716,0,1,SUCCESS,0,Not fraud,
822704296339,2024-06-25 20:19:30,450.0,P2M,Fuel,Maharashtra,Other,PhonePe,iOS,18-25,151,0,3,SUCCESS,0,Not fraud,
211698341197,2024-06-25 21:04:43,9150.0,P2M,Financial Services,Telangana,Other,Google Pay,Android,46-59,2040,0,4,SUCCESS,0,Not fraud,
260602316059,2024-06-25 21:16:34,526.82,P2P,Not applicable,Himachal Pradesh,Bank of Baroda,PhonePe,Android,36-45,653,0,2,SUCCESS,0,Not fraud,
610693944732,2024-06-27 09:27:58,1070.0,P2M,Telecom & Recharge,Andhra Pradesh,HDFC Bank,PhonePe,Android,26-35,740,0,4,SUCCESS,0,Not fraud,
314916170561,2024-06-27 17:09:35,173.03,P2M,Entertainment & OTT,Madhya Pradesh,Axis Bank,Google Pay,iOS,46-59,98,0,2,SUCCESS,0,Not fraud,
419836556281,2024-06-28 12:59:12,3401.41,P2P,Not applicable,Telangana,State Bank of India,PhonePe,Android,18-25,413,0,3,SUCCESS,0,Not fraud,
576837907879,2024-06-28 19:50:51,92.41,P2M,Entertainment & OTT,Uttarakhand,Indian Bank,PhonePe,Android,26-35,1327,0,3,SUCCESS,0,Not fraud,
543233919351,2024-06-28 21:44:47,294.53,P2M,Telecom & Recharge,Uttarakhand,State Bank of India,PhonePe,iOS,26-35,674,0,3,SUCCESS,0,Not fraud,
188632644623,2024-06-29 05:11:36,48.0,P2M,Travel & Transport,Uttarakhand,HDFC Bank,PhonePe,Android,18-25,291,0,7,SUCCESS,0,Not fraud,
232784277723,2024-06-29 10:01:24,260.0,P2M,Food & Dining,Delhi,Bank of Baroda,Google Pay,Android,60+,177,0,4,SUCCESS,0,Not fraud,
729290325601,2024-06-30 10:18:38,300.0,P2M,Food & Dining,Tamil Nadu,ICICI Bank,Paytm,Android,18-25,1268,0,5,DEEMED,0,Not fraud,
969402235576,2024-06-30 12:02:17,420.0,P2M,Financial Services,Maharashtra,Axis Bank,Google Pay,Android,18-25,739,0,2,SUCCESS,0,Not fraud,
935630550271,2024-06-30 17:46:57,200.0,P2P,Not applicable,Maharashtra,Punjab National Bank,PhonePe,Android,60+,1093,0,4,SUCCESS,0,Not fraud,
913339384583,2024-06-30 19:13:26,600.0,P2M,E-commerce,Rajasthan,Bank of Baroda,PhonePe,Android,26-35,4846,0,3,SUCCESS,0,Not fraud,
685633977755,2024-07-01 10:36:20,600.16,P2M,Grocery & Supermarkets,Tamil Nadu,ICICI Bank,PhonePe,Android,26-35,1113,0,3,SUCCESS,0,Not fraud,
892142020803,2024-07-01 11:27:38,1305.38,P2P,Not applicable,Telangana,State Bank of India,Google Pay,Android,60+,1063,0,1,SUCCESS,0,Not fraud,
657907156620,2024-07-01 18:22:41,632.79,P2M,Telecom & Recharge,Bihar,HDFC Bank,PhonePe,Android,18-25,6000,0,2,SUCCESS,0,Not fraud,
192887265245,2024-07-01 18:56:02,2594.64,P2M,Travel & Transport,Bihar,Other,PhonePe,Feature Phone (USSD),36-45,374,0,3,SUCCESS,0,Not fraud,
372241730758,2024-07-01 21:52:01,480.0,P2P,Not applicable,Gujarat,Kotak Mahindra Bank,PhonePe,Android,18-25,325,0,2,SUCCESS,0,Not fraud,
362059937768,2024-07-01 21:52:11,770.0,P2M,Grocery & Supermarkets,Telangana,Bank of Baroda,BHIM,Android,18-25,302,0,3,SUCCESS,0,Not fraud,
881798195484,2024-07-02 11:01:08,155.93,P2M,E-commerce,Delhi,Axis Bank,PhonePe,iOS,26-35,254,0,4,SUCCESS,0,Not fraud,
244273153882,2024-07-02 12:26:59,500.0,P2M,Financial Services,Tamil Nadu,Other,Other,Android,18-25,338,0,7,SUCCESS,0,Not fraud,
285291100198,2024-07-02 17:13:34,4037.17,Collect Request,Not applicable,Kerala,HDFC Bank,Google Pay,iOS,18-25,412,1,1,SUCCESS,0,Not fraud,
721325563432,2024-07-02 19:31:30,100.0,P2M,Telecom & Recharge,Delhi,Axis Bank,BHIM,Android,46-59,1419,0,4,SUCCESS,0,Not fraud,
833498665488,2024-07-02 20:17:28,551.05,P2P,Not applicable,Karnataka,Canara Bank,Google Pay,iOS,36-45,1172,0,2,SUCCESS,0,Not fraud,
524362490628,2024-07-02 20:23:17,996.11,P2P,Not applicable,Maharashtra,IDFC FIRST Bank,PhonePe,Android,36-45,1267,0,2,SUCCESS,0,Not fraud,
824271514204,2024-07-02 21:20:19,1484.59,Bill Payment,Telecom & Recharge,Karnataka,Bank of Baroda,Google Pay,Android,18-25,246,0,2,SUCCESS,0,Not fraud,
422091377542,2024-07-03 13:10:58,1660.0,Bill Payment,Financial Services,Maharashtra,HDFC Bank,Google Pay,Android,60+,625,0,3,SUCCESS,0,Not fraud,
472356032241,2024-07-03 13:17:22,1127.32,P2P,Not applicable,Bihar,Axis Bank,Google Pay,Android,26-35,641,0,3,SUCCESS,0,Not fraud,
283242628420,2024-07-03 22:34:18,818.31,P2M,Utilities,Jharkhand,Canara Bank,PhonePe,Android,46-59,758,0,3,SUCCESS,0,Not fraud,
436311045417,2024-07-03 22:35:01,500.0,P2P,Not applicable,Kerala,IDFC FIRST Bank,Google Pay,Android,18-25,226,0,2,SUCCESS,0,Not fraud,
486007117311,2024-07-04 10:45:57,1510.0,P2M,Travel & Transport,Telangana,State Bank of India,PhonePe,Android,26-35,89,0,1,SUCCESS,0,Not fraud,
861314149733,2024-07-04 10:59:16,400.0,P2M,Grocery & Supermarkets,Kerala,Kotak Mahindra Bank,PhonePe,Android,26-35,165,1,6,SUCCESS,0,Not fraud,
289020005317,2024-07-04 15:51:18,200.0,P2M,Food & Dining,Bihar,Axis Bank,Other,Android,60+,1524,0,5,SUCCESS,0,Not fraud,
297882577134,2024-07-04 22:41:08,1070.0,P2M,Telecom & Recharge,Delhi,Axis Bank,Paytm,Android,36-45,291,1,4,SUCCESS,1,Merchant Impersonation,38.6
236489285791,2024-07-05 08:32:54,5333.75,P2P,Not applicable,Telangana,State Bank of India,PhonePe,Android,18-25,274,1,3,SUCCESS,0,Not fraud,
887449291795,2024-07-05 10:43:30,720.0,P2M,Healthcare,West Bengal,Other,PhonePe,Android,60+,1617,0,5,FAILED,0,Not fraud,
915901810540,2024-07-05 12:45:51,70.0,P2M,Food & Dining,Rajasthan,Bank of Baroda,Google Pay,Android,36-45,75,0,2,SUCCESS,0,Not fraud,
374878141380,2024-07-05 14:19:04,1540.0,P2M,Education,Rajasthan,Bank of India,Paytm,iOS,18-25,1995,0,4,SUCCESS,0,Not fraud,
972962014338,2024-07-05 16:16:25,300.0,P2M,Healthcare,Tamil Nadu,State Bank of India,PhonePe,Android,36-45,103,1,3,SUCCESS,0,Not fraud,
192407660305,2024-07-05 20:35:32,462.34,P2P,Not applicable,Andhra Pradesh,Other,PhonePe,Android,26-35,276,0,5,SUCCESS,0,Not fraud,
915350732154,2024-07-06 05:57:35,400.0,P2P,Not applicable,Andhra Pradesh,Yes Bank,PhonePe,Android,46-59,1545,0,4,SUCCESS,0,Not fraud,
575428205424,2024-07-06 08:07:28,2338.14,P2P,Not applicable,Karnataka,Yes Bank,PhonePe,iOS,36-45,352,0,3,SUCCESS,0,Not fraud,
494970340019,2024-07-06 19:36:22,1673.38,Autopay/Mandate,Financial Services,Telangana,Other,Paytm,Android,26-35,545,0,2,SUCCESS,0,Not fraud,
394492446485,2024-07-07 11:17:09,180.0,P2M,Entertainment & OTT,Telangana,Punjab National Bank,Google Pay,Android,18-25,861,0,6,SUCCESS,0,Not fraud,
222716031629,2024-07-07 11:27:56,880.0,P2P,Not applicable,Telangana,HDFC Bank,PhonePe,Android,26-35,1199,0,2,SUCCESS,0,Not fraud,
428602668856,2024-07-07 11:29:36,460.0,Bill Payment,Telecom & Recharge,Gujarat,HDFC Bank,Google Pay,Android,18-25,882,0,2,SUCCESS,0,Not fraud,
292509803815,2024-07-07 13:30:51,8430.0,P2P,Not applicable,Punjab,State Bank of India,Amazon Pay,Android,26-35,374,0,5,SUCCESS,0,Not fraud,
347433938630,2024-07-08 12:58:53,301.87,P2M,Grocery & Supermarkets,Maharashtra,HDFC Bank,Google Pay,iOS,18-25,462,0,2,FAILED,0,Not fraud,
989684041229,2024-07-08 15:31:16,400.0,P2M,Travel & Transport,Punjab,Axis Bank,PhonePe,iOS,26-35,164,0,2,SUCCESS,0,Not fraud,
332717158908,2024-07-08 17:58:14,258.75,P2M,E-commerce,Telangana,State Bank of India,PhonePe,iOS,26-35,3565,0,2,SUCCESS,0,Not fraud,
332699139616,2024-07-09 20:03:26,1000.0,P2M,Entertainment & OTT,Delhi,Canara Bank,Google Pay,iOS,36-45,2935,0,6,SUCCESS,0,Not fraud,
885396059348,2024-07-09 20:27:14,210.0,P2M,Food & Dining,Uttar Pradesh,Axis Bank,PhonePe,Android,46-59,146,0,2,SUCCESS,0,Not fraud,
529436896954,2024-07-09 22:28:22,2711.89,Collect Request,Not applicable,Odisha,Other,Google Pay,iOS,36-45,192,1,3,SUCCESS,1,Fake Collect Request,8.1
219236112814,2024-07-10 13:50:52,6700.0,Collect Request,Not applicable,Gujarat,Union Bank of India,Paytm,Android,36-45,749,1,3,SUCCESS,1,Fake Collect Request,666.3
296275105205,2024-07-10 15:56:26,500.0,P2M,Healthcare,Andhra Pradesh,HDFC Bank,Google Pay,Android,26-35,224,0,4,SUCCESS,0,Not fraud,
619217919299,2024-07-10 17:59:11,400.0,P2M,Grocery & Supermarkets,Madhya Pradesh,Other,Other,Android,18-25,510,0,4,SUCCESS,0,Not fraud,
368034811440,2024-07-10 21:14:38,4660.0,P2P,Not applicable,Jharkhand,IDFC FIRST Bank,PhonePe,Android,26-35,553,0,3,SUCCESS,0,Not fraud,
555553085891,2024-07-10 21:48:12,500.0,P2P,Not applicable,Maharashtra,Other,PhonePe,Android,18-25,460,0,1,SUCCESS,0,Not fraud,
882654689937,2024-07-11 10:40:42,300.0,P2P,Not applicable,West Bengal,HDFC Bank,Google Pay,Android,26-35,255,0,1,SUCCESS,0,Not fraud,
465903690708,2024-07-11 11:26:24,176.03,Autopay/Mandate,Education,Uttar Pradesh,Other,Google Pay,Android,26-35,456,0,3,SUCCESS,0,Not fraud,
558675401580,2024-07-11 16:47:12,279.77,P2M,Food & Dining,Tamil Nadu,Indian Bank,PhonePe,Android,26-35,2592,0,4,SUCCESS,0,Not fraud,
618349957482,2024-07-11 18:07:01,284.06,P2M,Healthcare,Maharashtra,Canara Bank,Other,Android,36-45,308,0,3,SUCCESS,0,Not fraud,
326913087595,2024-07-12 00:44:13,164.83,P2M,Grocery & Supermarkets,Tamil Nadu,Punjab National Bank,Google Pay,Android,36-45,215,1,3,SUCCESS,0,Not fraud,
576352527658,2024-07-12 18:28:46,410.0,P2P,Not applicable,Andhra Pradesh,Bank of Baroda,Google Pay,Android,26-35,381,1,5,SUCCESS,0,Not fraud,
707768827583,2024-07-13 21:27:03,668.95,P2M,Travel & Transport,Uttar Pradesh,HDFC Bank,Google Pay,iOS,26-35,340,1,3,SUCCESS,0,Not fraud,
299487593658,2024-07-13 21:46:32,290.68,P2M,Telecom & Recharge,Tamil Nadu,Axis Bank,PhonePe,Android,18-25,552,0,2,SUCCESS,0,Not fraud,
901229542427,2024-07-14 07:45:55,488.4,P2M,Food & Dining,Maharashtra,Other,Google Pay,Android,18-25,222,1,4,SUCCESS,0,Not fraud,
952279319452,2024-07-14 10:01:12,3800.0,P2P,Not applicable,Delhi,HDFC Bank,Google Pay,Android,46-59,820,0,5,SUCCESS,0,Not fraud,
626195732509,2024-07-14 12:22:49,1430.0,P2P,Not applicable,Maharashtra,HDFC Bank,Google Pay,Android,18-25,3682,0,1,SUCCESS,0,Not fraud,
790002657386,2024-07-14 21:07:50,360.0,P2P,Not applicable,Andhra Pradesh,Other,Paytm,Android,36-45,2266,1,2,SUCCESS,0,Not fraud,
908825692285,2024-07-14 22:37:13,1217.82,P2P,Not applicable,Delhi,ICICI Bank,PhonePe,Android,36-45,759,0,1,SUCCESS,0,Not fraud,
952451705848,2024-07-15 16:54:43,1202.45,P2P,Not applicable,Maharashtra,State Bank of India,PhonePe,Android,36-45,522,0,3,SUCCESS,0,Not fraud,
663866268901,2024-07-15 20:21:30,10000.0,Bill Payment,Utilities,Maharashtra,HDFC Bank,Other,iOS,18-25,469,0,1,SUCCESS,0,Not fraud,
139005151123,2024-07-16 08:50:22,390.0,P2M,Others,Maharashtra,Other,Google Pay,Android,26-35,32,0,2,SUCCESS,0,Not fraud,
159366946476,2024-07-16 08:54:22,900.0,Bill Payment,Utilities,Uttar Pradesh,Kotak Mahindra Bank,Paytm,Android,18-25,1028,0,3,SUCCESS,0,Not fraud,
122706394449,2024-07-16 09:49:14,320.0,P2M,Grocery & Supermarkets,Telangana,State Bank of India,Google Pay,Android,18-25,720,1,2,SUCCESS,0,Not fraud,
474893088281,2024-07-16 18:08:43,158.6,P2M,Grocery & Supermarkets,Gujarat,Kotak Mahindra Bank,Google Pay,Android,46-59,244,0,3,SUCCESS,0,Not fraud,
576981410992,2024-07-17 18:24:25,262.05,P2P,Not applicable,Tamil Nadu,HDFC Bank,PhonePe,Android,26-35,104,0,5,SUCCESS,0,Not fraud,
265122152714,2024-07-17 21:51:48,1652.93,P2M,Education,Maharashtra,IndusInd Bank,PhonePe,Android,26-35,1488,0,4,SUCCESS,0,Not fraud,
908946421219,2024-07-18 07:45:19,608.85,P2M,Fuel,Maharashtra,Indian Bank,Paytm,Android,46-59,575,0,3,SUCCESS,0,Not fraud,
339278400864,2024-07-18 15:31:22,150.0,P2M,Fuel,Uttar Pradesh,Punjab National Bank,Google Pay,Android,18-25,427,0,5,FAILED,0,Not fraud,
980860169668,2024-07-18 15:54:23,430.0,P2P,Not applicable,Rajasthan,Axis Bank,Google Pay,iOS,18-25,2392,0,1,SUCCESS,0,Not fraud,
925268925503,2024-07-19 07:01:39,164.35,P2M,Telecom & Recharge,Karnataka,Bank of India,Google Pay,Android,26-35,294,0,6,SUCCESS,0,Not fraud,
477854179718,2024-07-19 13:23:32,2450.0,Bill Payment,Utilities,Gujarat,Bank of Baroda,PhonePe,Android,18-25,508,0,3,SUCCESS,0,Not fraud,
686965638855,2024-07-20 08:37:58,2530.82,P2P,Not applicable,Karnataka,Other,Google Pay,Android,36-45,60,1,4,SUCCESS,0,Not fraud,
387129232284,2024-07-20 23:39:16,20.0,P2M,Telecom & Recharge,Gujarat,Axis Bank,Google Pay,iOS,26-35,6000,0,3,FAILED,0,Not fraud,
446602306394,2024-07-21 03:00:55,350.0,P2P,Not applicable,Jammu & Kashmir,Other,PhonePe,Android,46-59,809,0,3,SUCCESS,0,Not fraud,
313433367243,2024-07-21 05:56:58,50.0,P2M,Others,Kerala,State Bank of India,Paytm,Android,60+,460,0,4,SUCCESS,0,Not fraud,
674064240562,2024-07-21 19:52:18,370.0,Autopay/Mandate,Utilities,Bihar,HDFC Bank,PhonePe,iOS,26-35,416,0,3,SUCCESS,0,Not fraud,
106582376500,2024-07-21 20:14:25,1400.0,P2M,Healthcare,Chhattisgarh,Canara Bank,PhonePe,Android,26-35,1133,0,6,SUCCESS,1,QR Code Scam,4.0
356254597278,2024-07-22 17:52:39,190.0,Autopay/Mandate,Telecom & Recharge,Haryana,State Bank of India,Google Pay,iOS,26-35,3800,0,3,SUCCESS,0,Not fraud,
674460643727,2024-07-22 22:33:12,10257.19,P2P,Not applicable,Madhya Pradesh,Indian Bank,Amazon Pay,Android,26-35,797,0,1,SUCCESS,1,SIM Swap/Account Takeover,99.1
705874786962,2024-07-23 07:14:41,467.71,P2M,Travel & Transport,Andhra Pradesh,Kotak Mahindra Bank,Amazon Pay,Android,36-45,488,0,2,SUCCESS,0,Not fraud,
158036509687,2024-07-23 14:35:19,11980.0,P2M,Education,Karnataka,Bank of India,PhonePe,Android,18-25,622,1,4,SUCCESS,0,Not fraud,
731774441375,2024-07-23 17:50:43,19310.0,P2P,Not applicable,Tamil Nadu,IDFC FIRST Bank,PhonePe,Android,46-59,1979,0,1,SUCCESS,1,Remote Access App Scam,12.8
856092088300,2024-07-23 19:52:34,130.0,P2M,Utilities,Rajasthan,Other,PhonePe,Android,26-35,390,0,7,SUCCESS,0,Not fraud,
178778916913,2024-07-23 22:28:16,40.8,P2M,Telecom & Recharge,Gujarat,State Bank of India,PhonePe,iOS,26-35,957,0,4,SUCCESS,0,Not fraud,
892828662888,2024-07-24 10:39:02,1500.0,P2P,Not applicable,Rajasthan,Axis Bank,Google Pay,Android,36-45,1230,1,4,SUCCESS,0,Not fraud,
299747516515,2024-07-24 19:04:47,490.0,Autopay/Mandate,Education,Madhya Pradesh,State Bank of India,PhonePe,Android,26-35,550,0,2,SUCCESS,0,Not fraud,
363290906097,2024-07-25 07:25:28,1.0,P2M,Grocery & Supermarkets,Andhra Pradesh,Bank of India,Google Pay,Android,46-59,974,0,6,SUCCESS,0,Not fraud,
989620485575,2024-07-25 17:13:08,478.83,P2M,Others,Tamil Nadu,Union Bank of India,PhonePe,Android,46-59,236,0,5,SUCCESS,0,Not fraud,
738274595126,2024-07-26 09:15:07,519.17,P2M,Food & Dining,Uttar Pradesh,Bank of India,Google Pay,Android,18-25,885,0,2,SUCCESS,0,Not fraud,
684306901040,2024-07-26 09:20:12,1400.0,P2P,Not applicable,Tripura,Union Bank of India,Google Pay,Android,36-45,641,0,3,SUCCESS,0,Not fraud,
530141225799,2024-07-26 17:42:50,2023.13,Collect Request,Not applicable,Maharashtra,ICICI Bank,Google Pay,Android,36-45,1632,1,3,SUCCESS,0,Not fraud,
641948963349,2024-07-27 11:46:11,1940.0,P2P,Not applicable,Kerala,Punjab National Bank,PhonePe,Android,26-35,6000,0,3,SUCCESS,0,Not fraud,
837775924004,2024-07-28 09:22:05,4507.46,P2P,Not applicable,Maharashtra,Axis Bank,Google Pay,Android,46-59,152,1,3,SUCCESS,0,Not fraud,
472700649062,2024-07-28 18:36:13,780.0,P2M,Grocery & Supermarkets,Karnataka,Other,Other,Android,36-45,1620,0,2,SUCCESS,0,Not fraud,
684828533455,2024-07-28 19:49:35,1730.0,P2M,Travel & Transport,Punjab,Canara Bank,Google Pay,Android,26-35,386,0,5,SUCCESS,0,Not fraud,
529195299882,2024-07-29 09:03:42,340.0,P2M,E-commerce,Andhra Pradesh,IndusInd Bank,PhonePe,Android,46-59,470,0,3,SUCCESS,0,Not fraud,
938450376453,2024-07-29 10:29:25,213.76,P2M,E-commerce,Rajasthan,State Bank of India,Google Pay,Android,36-45,3280,0,2,SUCCESS,0,Not fraud,
547154023671,2024-07-29 10:41:46,220.97,P2M,Grocery & Supermarkets,Maharashtra,ICICI Bank,Google Pay,iOS,36-45,156,0,4,SUCCESS,0,Not fraud,
573426673340,2024-07-29 13:17:18,90.0,P2M,Others,Telangana,Bank of Baroda,Google Pay,iOS,46-59,360,0,4,SUCCESS,0,Not fraud,
703136438456,2024-07-29 16:00:16,934.71,P2M,Others,Delhi,State Bank of India,Other,Android,26-35,162,0,6,SUCCESS,0,Not fraud,
792170534107,2024-07-30 08:50:17,560.0,P2M,Telecom & Recharge,Maharashtra,State Bank of India,Google Pay,Android,46-59,264,0,7,SUCCESS,0,Not fraud,
649888480439,2024-07-30 14:08:24,230.0,Collect Request,Not applicable,Uttar Pradesh,State Bank of India,PhonePe,Android,60+,1965,1,1,SUCCESS,0,Not fraud,
592462632747,2024-07-30 14:26:23,660.0,Bill Payment,Utilities,Tamil Nadu,Other,Google Pay,Android,36-45,330,0,2,SUCCESS,0,Not fraud,
337328186328,2024-07-30 19:42:53,300.0,Autopay/Mandate,Utilities,Madhya Pradesh,HDFC Bank,PhonePe,Android,26-35,3658,0,3,SUCCESS,0,Not fraud,
200779766919,2024-07-31 10:28:47,3868.95,P2M,Food & Dining,Karnataka,Kotak Mahindra Bank,Google Pay,Android,18-25,126,0,4,SUCCESS,1,Merchant Impersonation,139.2
832033363837,2024-07-31 11:44:07,243.29,P2M,Grocery & Supermarkets,Jharkhand,State Bank of India,Google Pay,Android,36-45,1316,0,3,SUCCESS,0,Not fraud,
356492017671,2024-07-31 12:19:12,706.23,P2P,Not applicable,Karnataka,Punjab National Bank,PhonePe,iOS,18-25,1398,0,3,SUCCESS,0,Not fraud,
679169810104,2024-07-31 12:39:25,920.0,Bill Payment,Utilities,Telangana,Kotak Mahindra Bank,Paytm,Android,36-45,1717,0,1,SUCCESS,0,Not fraud,
192656891333,2024-07-31 13:06:03,652.76,P2M,Grocery & Supermarkets,Andhra Pradesh,State Bank of India,PhonePe,Android,36-45,829,0,3,SUCCESS,0,Not fraud,
955652254006,2024-07-31 14:26:11,350.0,P2M,E-commerce,Uttar Pradesh,HDFC Bank,PhonePe,iOS,26-35,397,0,3,SUCCESS,0,Not fraud,
369311404467,2024-07-31 17:26:23,2401.57,P2M,Grocery & Supermarkets,Maharashtra,Other,PhonePe,Android,18-25,213,0,7,SUCCESS,0,Not fraud,
507450784634,2024-07-31 17:43:17,300.0,P2M,Utilities,Maharashtra,Kotak Mahindra Bank,PhonePe,Android,18-25,280,0,5,SUCCESS,0,Not fraud,
627016053470,2024-07-31 22:05:59,860.13,P2P,Not applicable,Rajasthan,Canara Bank,PhonePe,Android,36-45,191,0,1,SUCCESS,0,Not fraud,
200305730288,2024-08-01 12:06:59,400.0,P2P,Not applicable,Delhi,Kotak Mahindra Bank,PhonePe,Android,36-45,1207,0,2,FAILED,0,Not fraud,
458928735318,2024-08-01 14:25:08,319.22,P2M,E-commerce,Andhra Pradesh,Bank of Baroda,PhonePe,Android,36-45,90,0,3,SUCCESS,0,Not fraud,
735151964529,2024-08-01 16:25:57,152.21,P2P,Not applicable,Gujarat,State Bank of India,PhonePe,Android,18-25,202,1,3,SUCCESS,0,Not fraud,
846856874483,2024-08-01 16:32:19,290.0,Bill Payment,Telecom & Recharge,Maharashtra,Axis Bank,Paytm,Android,18-25,708,0,2,SUCCESS,0,Not fraud,
466221436089,2024-08-01 18:31:37,1819.91,P2P,Not applicable,Puducherry,Axis Bank,Google Pay,Android,18-25,1673,1,3,SUCCESS,0,Not fraud,
954091273389,2024-08-02 05:17:20,693.3,P2P,Not applicable,Haryana,IDFC FIRST Bank,Amazon Pay,Android,26-35,434,0,2,SUCCESS,0,Not fraud,
548130271851,2024-08-02 14:12:41,800.0,Bill Payment,Utilities,Tamil Nadu,HDFC Bank,Google Pay,Android,36-45,83,0,2,SUCCESS,0,Not fraud,
490696187674,2024-08-02 16:01:57,18027.01,P2M,Healthcare,Tamil Nadu,HDFC Bank,Google Pay,Android,26-35,561,0,3,SUCCESS,0,Not fraud,
471934066674,2024-08-02 19:44:06,203.32,P2M,Others,Haryana,HDFC Bank,PhonePe,Android,18-25,636,0,7,SUCCESS,0,Not fraud,
452822275712,2024-08-02 21:56:52,890.0,P2M,Food & Dining,Odisha,State Bank of India,Google Pay,Android,26-35,413,0,6,SUCCESS,0,Not fraud,
724902948681,2024-08-03 02:02:49,9728.17,Collect Request,Not applicable,Gujarat,ICICI Bank,PhonePe,Android,36-45,504,1,1,SUCCESS,0,Not fraud,
315021813498,2024-08-03 02:17:16,130.0,Autopay/Mandate,Telecom & Recharge,Uttar Pradesh,State Bank of India,Google Pay,Android,36-45,3753,0,3,SUCCESS,0,Not fraud,
799316821856,2024-08-03 12:44:16,391.06,P2M,Grocery & Supermarkets,Punjab,State Bank of India,PhonePe,Android,26-35,332,0,4,SUCCESS,0,Not fraud,
412502361064,2024-08-03 13:53:37,400.0,Bill Payment,Telecom & Recharge,Kerala,HDFC Bank,PhonePe,Android,26-35,620,0,3,SUCCESS,0,Not fraud,
514386958676,2024-08-03 16:27:15,900.0,P2P,Not applicable,Maharashtra,ICICI Bank,Google Pay,iOS,36-45,6000,0,6,SUCCESS,0,Not fraud,
603430189124,2024-08-04 02:08:08,3900.0,P2M,Financial Services,Bihar,State Bank of India,Google Pay,Android,26-35,418,1,3,SUCCESS,0,Not fraud,
571788299440,2024-08-04 15:02:17,156.25,P2M,Grocery & Supermarkets,Punjab,State Bank of India,PhonePe,Android,36-45,3751,0,6,SUCCESS,0,Not fraud,
276255085564,2024-08-05 10:04:27,700.0,P2M,Education,Madhya Pradesh,Kotak Mahindra Bank,Google Pay,Android,26-35,6000,0,10,SUCCESS,0,Not fraud,
608582364475,2024-08-05 17:35:05,460.0,P2M,Financial Services,Jharkhand,Axis Bank,PhonePe,iOS,26-35,1630,0,2,SUCCESS,0,Not fraud,
960949389913,2024-08-06 05:01:24,4010.0,P2P,Not applicable,Odisha,State Bank of India,PhonePe,Android,18-25,879,0,1,SUCCESS,0,Not fraud,
117937377473,2024-08-06 05:48:24,600.0,P2M,Food & Dining,Bihar,IndusInd Bank,Amazon Pay,Android,18-25,115,0,3,SUCCESS,0,Not fraud,
995378472037,2024-08-06 10:53:19,300.0,P2M,Fuel,Madhya Pradesh,IndusInd Bank,PhonePe,Android,18-25,1944,0,7,SUCCESS,0,Not fraud,
845573226775,2024-08-06 19:54:47,1570.0,P2M,E-commerce,Chandigarh,Bank of India,PhonePe,Android,18-25,715,1,3,SUCCESS,0,Not fraud,
818510601819,2024-08-07 15:11:27,432.11,P2M,Travel & Transport,Gujarat,State Bank of India,Google Pay,Android,26-35,2165,0,2,SUCCESS,0,Not fraud,
729732536003,2024-08-07 16:55:47,430.0,P2M,Education,Uttar Pradesh,ICICI Bank,Paytm,Android,26-35,667,0,2,SUCCESS,0,Not fraud,
903012547928,2024-08-08 08:43:54,389.01,P2M,Grocery & Supermarkets,Gujarat,State Bank of India,Google Pay,Android,18-25,2961,1,3,SUCCESS,0,Not fraud,
914867396869,2024-08-08 14:55:26,380.0,P2P,Not applicable,Maharashtra,State Bank of India,Google Pay,Android,18-25,6000,0,1,SUCCESS,0,Not fraud,
308894200161,2024-08-08 17:09:30,1142.91,P2M,Utilities,Haryana,ICICI Bank,PhonePe,iOS,36-45,2029,0,8,SUCCESS,0,Not fraud,
910676340368,2024-08-08 19:45:14,18400.0,P2P,Not applicable,Punjab,Indian Bank,Paytm,iOS,26-35,407,1,3,SUCCESS,1,SIM Swap/Account Takeover,26.6
603125677487,2024-08-08 22:47:47,971.8,P2P,Not applicable,Uttar Pradesh,Union Bank of India,Google Pay,Android,36-45,2168,1,1,FAILED,0,Not fraud,
167053567520,2024-08-09 13:12:42,260.0,P2M,Utilities,Tamil Nadu,Other,Google Pay,Android,18-25,2086,0,4,SUCCESS,0,Not fraud,
211610671762,2024-08-09 21:03:06,426.82,P2M,Food & Dining,Rajasthan,Other,Google Pay,iOS,36-45,1556,0,4,SUCCESS,0,Not fraud,
296793950047,2024-08-09 23:43:35,130.0,P2P,Not applicable,Tamil Nadu,HDFC Bank,Google Pay,Android,46-59,452,0,2,SUCCESS,0,Not fraud,
227918867956,2024-08-10 09:46:21,11600.0,Collect Request,Not applicable,Karnataka,Other,PhonePe,Android,26-35,267,1,3,SUCCESS,1,Phishing/Vishing,6.9
613481906958,2024-08-10 14:37:07,88.9,P2M,Food & Dining,Haryana,State Bank of India,PhonePe,Android,60+,2103,0,3,DEEMED,0,Not fraud,
638032771072,2024-08-10 16:44:13,370.0,P2P,Not applicable,Madhya Pradesh,ICICI Bank,Google Pay,iOS,36-45,71,0,3,SUCCESS,0,Not fraud,
751882189582,2024-08-10 17:25:34,1900.0,P2M,Grocery & Supermarkets,West Bengal,Yes Bank,PhonePe,Android,60+,1855,0,7,SUCCESS,0,Not fraud,
989650743184,2024-08-10 18:29:09,1909.61,Bill Payment,Utilities,Tamil Nadu,State Bank of India,PhonePe,Android,26-35,299,0,1,SUCCESS,0,Not fraud,
761373593523,2024-08-10 22:01:50,1000.0,P2P,Not applicable,Uttarakhand,IndusInd Bank,PhonePe,iOS,26-35,196,0,2,SUCCESS,0,Not fraud,
824716813091,2024-08-11 11:41:03,270.0,P2M,Utilities,Karnataka,HDFC Bank,PhonePe,Android,36-45,215,0,5,SUCCESS,0,Not fraud,
878699087867,2024-08-12 08:58:16,1909.57,P2P,Not applicable,Karnataka,State Bank of India,Paytm,Android,26-35,2736,0,2,SUCCESS,0,Not fraud,
478417126394,2024-08-12 15:50:49,59.56,P2M,Others,Maharashtra,HDFC Bank,Paytm,Android,18-25,694,0,3,SUCCESS,0,Not fraud,
651461395609,2024-08-12 21:31:54,590.0,P2P,Not applicable,Assam,ICICI Bank,PhonePe,Android,46-59,1271,1,3,SUCCESS,0,Not fraud,
792421309384,2024-08-13 08:02:16,300.0,P2M,Grocery & Supermarkets,Bihar,Union Bank of India,Google Pay,Android,46-59,363,0,5,SUCCESS,0,Not fraud,
849205668061,2024-08-13 09:00:29,1370.0,P2P,Not applicable,Rajasthan,Kotak Mahindra Bank,PhonePe,Android,36-45,242,0,4,SUCCESS,0,Not fraud,
932417780615,2024-08-13 14:13:14,2103.46,P2M,Telecom & Recharge,Maharashtra,Canara Bank,PhonePe,iOS,18-25,1168,0,4,SUCCESS,0,Not fraud,
469811736325,2024-08-13 15:19:17,1100.0,P2M,Food & Dining,Karnataka,Bank of Baroda,Google Pay,Android,26-35,382,0,2,SUCCESS,0,Not fraud,
997244330092,2024-08-14 10:40:41,920.0,Bill Payment,Financial Services,Telangana,State Bank of India,Paytm,Android,18-25,84,0,4,SUCCESS,0,Not fraud,
144907094205,2024-08-14 12:12:22,2484.71,Collect Request,Not applicable,Uttar Pradesh,Other,Google Pay,Android,36-45,1596,1,3,SUCCESS,0,Not fraud,
780293593243,2024-08-14 13:39:39,200.0,P2M,Telecom & Recharge,Madhya Pradesh,Punjab National Bank,Google Pay,iOS,36-45,1138,0,4,SUCCESS,0,Not fraud,
445938836771,2024-08-14 17:11:31,332.63,P2M,Travel & Transport,Assam,State Bank of India,Google Pay,Android,36-45,565,0,4,SUCCESS,0,Not fraud,
628605864286,2024-08-14 19:45:43,560.0,Autopay/Mandate,Utilities,Uttar Pradesh,State Bank of India,Google Pay,iOS,36-45,1286,0,2,SUCCESS,0,Not fraud,
167548108321,2024-08-15 13:51:56,224.94,Autopay/Mandate,Utilities,Jharkhand,Bank of India,Paytm,Android,18-25,357,0,1,SUCCESS,0,Not fraud,
265413708228,2024-08-15 15:47:14,5440.0,Bill Payment,Telecom & Recharge,Maharashtra,Punjab National Bank,PhonePe,Android,18-25,151,0,6,SUCCESS,0,Not fraud,
783895928180,2024-08-16 20:06:54,600.0,P2M,Entertainment & OTT,Bihar,ICICI Bank,PhonePe,iOS,36-45,1038,1,6,SUCCESS,0,Not fraud,
975215013054,2024-08-17 11:14:23,2610.0,P2M,Grocery & Supermarkets,Delhi,Punjab National Bank,PhonePe,Android,26-35,3104,0,4,SUCCESS,0,Not fraud,
131010400233,2024-08-17 12:05:50,780.0,P2P,Not applicable,Karnataka,State Bank of India,Google Pay,Android,36-45,217,1,2,SUCCESS,0,Not fraud,
749901092599,2024-08-17 14:06:58,5490.0,P2M,Travel & Transport,Karnataka,IndusInd Bank,Google Pay,Android,46-59,5651,0,3,DEEMED,0,Not fraud,
315090044099,2024-08-17 22:54:10,226.51,P2M,Grocery & Supermarkets,Telangana,Axis Bank,PhonePe,Android,26-35,194,1,3,SUCCESS,0,Not fraud,
240639493262,2024-08-18 09:57:20,282.32,P2M,Telecom & Recharge,Madhya Pradesh,HDFC Bank,PhonePe,Android,46-59,3767,0,7,SUCCESS,0,Not fraud,
811523150716,2024-08-18 12:43:40,1121.01,P2M,Travel & Transport,Maharashtra,Kotak Mahindra Bank,Google Pay,Android,46-59,566,0,6,SUCCESS,0,Not fraud,
915510546289,2024-08-18 22:07:51,1435.06,P2M,Grocery & Supermarkets,Karnataka,Axis Bank,Google Pay,Android,26-35,2603,0,3,SUCCESS,0,Not fraud,
352670236320,2024-08-19 10:36:19,1050.0,P2P,Not applicable,Delhi,HDFC Bank,PhonePe,Android,36-45,360,0,4,SUCCESS,0,Not fraud,
904964416506,2024-08-19 13:37:11,240.32,P2M,Food & Dining,Uttar Pradesh,Other,Google Pay,Android,60+,407,0,4,SUCCESS,0,Not fraud,
705933568141,2024-08-19 14:20:15,320.0,P2M,Entertainment & OTT,Uttar Pradesh,Bank of Baroda,Google Pay,iOS,18-25,522,0,4,SUCCESS,0,Not fraud,
688354016267,2024-08-20 13:55:04,500.0,P2P,Not applicable,Maharashtra,State Bank of India,PhonePe,Android,26-35,308,1,4,SUCCESS,0,Not fraud,
152311134707,2024-08-20 17:28:07,140.0,Autopay/Mandate,Education,Maharashtra,State Bank of India,PhonePe,iOS,46-59,1662,0,5,SUCCESS,0,Not fraud,
503086084214,2024-08-20 20:03:43,100.0,P2M,Telecom & Recharge,Jharkhand,Other,Google Pay,Android,26-35,392,0,3,SUCCESS,0,Not fraud,
272736421685,2024-08-21 06:04:52,1200.0,P2M,Grocery & Supermarkets,Punjab,Union Bank of India,PhonePe,Android,36-45,1182,0,3,SUCCESS,0,Not fraud,
790864474174,2024-08-22 17:04:03,201.4,P2M,Food & Dining,Delhi,ICICI Bank,PhonePe,Android,36-45,433,1,4,SUCCESS,0,Not fraud,
196282714891,2024-08-22 20:37:16,270.0,P2P,Not applicable,Bihar,Other,Google Pay,Android,18-25,453,1,4,SUCCESS,0,Not fraud,
606994159337,2024-08-23 09:46:12,4190.0,Collect Request,Not applicable,Bihar,State Bank of India,PhonePe,Android,26-35,743,1,1,SUCCESS,0,Not fraud,
370792920660,2024-08-23 15:44:19,940.0,Autopay/Mandate,Utilities,Telangana,State Bank of India,PhonePe,Android,36-45,221,0,6,SUCCESS,0,Not fraud,
304401959929,2024-08-23 16:58:43,130.0,P2M,Food & Dining,Gujarat,HDFC Bank,PhonePe,Android,26-35,1177,0,7,SUCCESS,0,Not fraud,
201258560916,2024-08-23 21:57:25,400.0,P2M,Food & Dining,Maharashtra,Axis Bank,PhonePe,Android,36-45,841,0,4,SUCCESS,0,Not fraud,
985646942982,2024-08-24 18:16:20,759.96,P2P,Not applicable,Karnataka,State Bank of India,PhonePe,Android,46-59,710,1,3,SUCCESS,0,Not fraud,
262152527318,2024-08-24 20:16:55,460.0,Bill Payment,Utilities,Madhya Pradesh,Kotak Mahindra Bank,Google Pay,Android,26-35,104,0,3,SUCCESS,0,Not fraud,
399277687299,2024-08-25 08:03:49,170.0,Collect Request,Not applicable,Rajasthan,ICICI Bank,Google Pay,Android,18-25,456,1,4,SUCCESS,0,Not fraud,
162965746535,2024-08-25 08:38:30,1230.0,P2M,E-commerce,West Bengal,HDFC Bank,Google Pay,Android,26-35,1361,0,2,SUCCESS,0,Not fraud,
483778356409,2024-08-25 16:30:20,1570.0,P2M,Food & Dining,Maharashtra,State Bank of India,PhonePe,Android,18-25,1825,0,5,SUCCESS,0,Not fraud,
911733221039,2024-08-27 03:51:07,60.0,P2P,Not applicable,Maharashtra,HDFC Bank,PhonePe,Android,18-25,334,0,3,SUCCESS,0,Not fraud,
567054993849,2024-08-27 08:24:45,607.09,P2M,Grocery & Supermarkets,West Bengal,Canara Bank,Google Pay,Android,46-59,173,0,6,SUCCESS,0,Not fraud,
112909018990,2024-08-27 09:44:28,600.0,Bill Payment,Education,Telangana,Canara Bank,Google Pay,Android,36-45,973,0,4,SUCCESS,0,Not fraud,
780107585429,2024-08-27 10:21:00,2370.0,P2M,Fuel,Andhra Pradesh,ICICI Bank,Google Pay,iOS,18-25,1471,0,2,SUCCESS,0,Not fraud,
202417992588,2024-08-27 14:43:50,6513.33,P2P,Not applicable,Telangana,Union Bank of India,PhonePe,Android,46-59,235,1,1,SUCCESS,0,Not fraud,
492943606461,2024-08-27 19:06:29,500.0,P2P,Not applicable,Chhattisgarh,Axis Bank,Google Pay,Feature Phone (USSD),26-35,1120,1,2,SUCCESS,0,Not fraud,
547970383508,2024-08-27 19:43:21,181.28,P2P,Not applicable,Telangana,State Bank of India,PhonePe,Android,46-59,1395,0,3,SUCCESS,0,Not fraud,
436015250637,2024-08-27 20:44:25,1600.0,P2M,Telecom & Recharge,Tamil Nadu,ICICI Bank,Google Pay,iOS,36-45,105,0,4,SUCCESS,0,Not fraud,
403455440302,2024-08-28 15:17:41,64.63,P2M,Travel & Transport,Maharashtra,State Bank of India,Paytm,Android,46-59,802,0,4,SUCCESS,0,Not fraud,
858656180924,2024-08-28 18:38:48,220.33,P2M,Food & Dining,Karnataka,Canara Bank,Other,iOS,36-45,1174,1,3,PENDING,0,Not fraud,
409976625844,2024-08-28 22:42:05,811.15,P2M,E-commerce,Gujarat,Other,Google Pay,Android,18-25,1539,0,3,SUCCESS,0,Not fraud,
578414840002,2024-08-28 22:59:17,745.36,P2M,Entertainment & OTT,Uttar Pradesh,Kotak Mahindra Bank,PhonePe,Android,18-25,144,0,4,SUCCESS,0,Not fraud,
760937543461,2024-08-28 23:36:46,2200.0,Autopay/Mandate,Financial Services,Uttar Pradesh,Bank of India,PhonePe,Android,36-45,211,0,1,SUCCESS,1,Merchant Impersonation,26.0
236583919569,2024-08-29 11:19:52,300.0,P2M,Education,Kerala,Bank of India,Google Pay,Android,36-45,401,0,4,SUCCESS,0,Not fraud,
381013377887,2024-08-29 13:14:24,170.0,P2M,Grocery & Supermarkets,Uttar Pradesh,Bank of Baroda,PhonePe,Android,26-35,922,0,3,SUCCESS,0,Not fraud,
302292162693,2024-08-29 15:53:03,639.75,P2M,Travel & Transport,Rajasthan,ICICI Bank,Google Pay,Android,26-35,810,0,5,SUCCESS,0,Not fraud,
976443712590,2024-08-29 16:39:24,97.7,P2M,Food & Dining,Rajasthan,State Bank of India,Paytm,Android,26-35,284,1,4,SUCCESS,0,Not fraud,
893818242620,2024-08-29 18:23:07,500.0,P2P,Not applicable,Delhi,Other,Google Pay,iOS,26-35,1046,0,3,SUCCESS,0,Not fraud,
996883952990,2024-08-29 19:47:23,897.96,P2P,Not applicable,Andhra Pradesh,Bank of India,PhonePe,Android,26-35,1851,0,4,SUCCESS,0,Not fraud,
630247815925,2024-08-30 11:21:42,269.36,Bill Payment,Telecom & Recharge,Bihar,State Bank of India,PhonePe,Android,26-35,282,0,3,SUCCESS,0,Not fraud,
255832608752,2024-08-30 11:32:46,490.0,Autopay/Mandate,Telecom & Recharge,Goa,Bank of India,Other,iOS,26-35,700,0,2,SUCCESS,0,Not fraud,
425653734859,2024-08-30 15:20:38,546.95,Bill Payment,Telecom & Recharge,Tamil Nadu,Bank of Baroda,PhonePe,Android,36-45,638,0,5,SUCCESS,0,Not fraud,
314143292459,2024-08-30 23:18:11,580.0,P2M,Entertainment & OTT,Uttar Pradesh,Bank of India,Google Pay,Android,26-35,256,0,2,DEEMED,0,Not fraud,
240893319808,2024-08-31 05:59:02,1610.0,P2M,Healthcare,Himachal Pradesh,Union Bank of India,Google Pay,Android,26-35,15,0,6,SUCCESS,0,Not fraud,
116856802335,2024-08-31 09:16:24,258.25,P2M,Telecom & Recharge,Maharashtra,ICICI Bank,Google Pay,Android,18-25,174,0,6,SUCCESS,0,Not fraud,
309935429520,2024-08-31 18:21:39,1537.89,P2P,Not applicable,West Bengal,ICICI Bank,PhonePe,Android,26-35,204,0,2,SUCCESS,0,Not fraud,
719536278356,2024-08-31 18:50:23,334.66,P2M,Food & Dining,Uttar Pradesh,State Bank of India,PhonePe,Android,18-25,439,0,5,SUCCESS,0,Not fraud,
864632555276,2024-08-31 19:59:52,800.0,P2M,Healthcare,Telangana,Canara Bank,Google Pay,Android,18-25,3127,0,7,SUCCESS,0,Not fraud,
999379057665,2024-09-01 00:41:27,800.0,P2M,Food & Dining,Assam,State Bank of India,PhonePe,Android,26-35,332,0,5,SUCCESS,0,Not fraud,
202534144981,2024-09-01 15:17:16,940.7,P2M,Entertainment & OTT,West Bengal,HDFC Bank,Google Pay,Android,46-59,19,0,3,SUCCESS,0,Not fraud,
342233575859,2024-09-02 04:36:16,953.39,P2M,Education,Gujarat,State Bank of India,Amazon Pay,Android,18-25,50,0,3,SUCCESS,0,Not fraud,
609556949706,2024-09-02 08:04:09,300.0,P2M,Grocery & Supermarkets,Tamil Nadu,Punjab National Bank,Google Pay,Android,26-35,87,0,5,SUCCESS,0,Not fraud,
276114209349,2024-09-02 12:30:42,2843.1,Collect Request,Not applicable,Maharashtra,State Bank of India,PhonePe,Android,18-25,1730,1,1,SUCCESS,0,Not fraud,
166672429456,2024-09-02 16:46:00,500.0,P2M,Telecom & Recharge,Andhra Pradesh,State Bank of India,PhonePe,Android,26-35,1146,0,3,SUCCESS,0,Not fraud,
288494684854,2024-09-02 18:08:54,590.0,P2P,Not applicable,Jharkhand,ICICI Bank,PhonePe,Android,36-45,2843,0,2,SUCCESS,0,Not fraud,
782686684493,2024-09-02 21:50:34,1146.64,Collect Request,Not applicable,Rajasthan,ICICI Bank,PhonePe,Android,36-45,2594,0,1,SUCCESS,0,Not fraud,
292457503350,2024-09-03 05:21:14,400.0,P2M,Fuel,Karnataka,IndusInd Bank,PhonePe,Android,18-25,201,0,3,SUCCESS,0,Not fraud,
613400254554,2024-09-03 06:05:44,1293.01,P2P,Not applicable,Delhi,Bank of Baroda,Google Pay,Android,46-59,276,0,2,SUCCESS,0,Not fraud,
420567180014,2024-09-03 10:04:10,1109.86,P2M,Fuel,Delhi,State Bank of India,Google Pay,Android,36-45,2347,1,4,SUCCESS,0,Not fraud,
246031335155,2024-09-03 12:22:44,370.0,Autopay/Mandate,Telecom & Recharge,Kerala,Yes Bank,PhonePe,Android,46-59,644,0,2,SUCCESS,0,Not fraud,
894158685517,2024-09-03 12:47:27,7187.02,P2M,E-commerce,Delhi,State Bank of India,Google Pay,Android,46-59,145,1,2,SUCCESS,0,Not fraud,
577234387524,2024-09-03 14:13:25,465.34,P2M,Grocery & Supermarkets,Gujarat,State Bank of India,PhonePe,Android,46-59,353,0,6,SUCCESS,0,Not fraud,
724902141292,2024-09-03 14:57:18,2621.47,P2P,Not applicable,Rajasthan,State Bank of India,PhonePe,Android,26-35,221,0,2,SUCCESS,0,Not fraud,
997467528757,2024-09-04 06:38:08,507.1,P2M,Grocery & Supermarkets,Karnataka,Axis Bank,Google Pay,Android,26-35,148,0,3,SUCCESS,0,Not fraud,
375288902845,2024-09-04 09:16:24,500.0,P2P,Not applicable,Haryana,IDFC FIRST Bank,Paytm,Android,26-35,551,0,5,SUCCESS,0,Not fraud,
711537563727,2024-09-04 10:59:14,540.0,Autopay/Mandate,Entertainment & OTT,Rajasthan,HDFC Bank,Google Pay,Android,60+,1237,0,1,SUCCESS,0,Not fraud,
747368663584,2024-09-04 17:05:00,399.12,P2M,Entertainment & OTT,Andhra Pradesh,ICICI Bank,Google Pay,Android,36-45,1467,0,3,SUCCESS,0,Not fraud,
598352246959,2024-09-05 11:26:17,4600.0,P2P,Not applicable,Delhi,Kotak Mahindra Bank,Google Pay,iOS,18-25,875,0,2,SUCCESS,0,Not fraud,
738234448088,2024-09-05 13:41:13,3120.91,Collect Request,Not applicable,Rajasthan,Other,Google Pay,Android,18-25,1439,0,5,SUCCESS,0,Not fraud,
472539510211,2024-09-05 18:33:32,1570.47,P2P,Not applicable,Jharkhand,Other,Other,iOS,36-45,615,0,4,SUCCESS,0,Not fraud,
159489581860,2024-09-06 12:54:00,997.9,P2P,Not applicable,Jammu & Kashmir,State Bank of India,PhonePe,Android,36-45,30,0,3,SUCCESS,0,Not fraud,
975178749502,2024-09-06 14:47:00,730.69,Bill Payment,Utilities,Uttar Pradesh,State Bank of India,Google Pay,Android,46-59,361,0,2,SUCCESS,0,Not fraud,
468645418417,2024-09-06 19:34:27,913.19,P2P,Not applicable,Madhya Pradesh,Punjab National Bank,Google Pay,Android,36-45,982,0,3,SUCCESS,0,Not fraud,
151842207255,2024-09-06 20:15:12,1022.43,Bill Payment,Telecom & Recharge,Rajasthan,ICICI Bank,Amazon Pay,Android,36-45,1212,0,4,SUCCESS,0,Not fraud,
284141785410,2024-09-07 08:18:17,1420.02,P2M,Grocery & Supermarkets,Tamil Nadu,HDFC Bank,PhonePe,Android,60+,19,0,4,SUCCESS,1,Merchant Impersonation,21.5
825868141838,2024-09-07 08:52:38,145.67,P2M,E-commerce,Maharashtra,Other,Paytm,Android,18-25,581,0,5,SUCCESS,0,Not fraud,
671567109508,2024-09-07 11:18:14,920.0,P2P,Not applicable,Maharashtra,State Bank of India,PhonePe,Android,36-45,3060,0,3,SUCCESS,0,Not fraud,
127942464829,2024-09-07 20:00:30,1340.0,Bill Payment,Telecom & Recharge,Telangana,Bank of Baroda,PhonePe,Android,26-35,235,0,1,SUCCESS,0,Not fraud,
655202522257,2024-09-07 20:22:05,1045.39,P2M,Grocery & Supermarkets,Uttar Pradesh,Punjab National Bank,PhonePe,Android,18-25,332,0,4,SUCCESS,0,Not fraud,
239241190995,2024-09-08 12:40:48,300.48,P2P,Not applicable,Uttar Pradesh,Axis Bank,PhonePe,Android,36-45,554,0,1,SUCCESS,0,Not fraud,
924697774885,2024-09-09 11:15:47,1085.67,P2P,Not applicable,Karnataka,Other,PhonePe,Android,26-35,842,0,2,SUCCESS,0,Not fraud,
216853873027,2024-09-09 11:49:48,470.0,P2M,Telecom & Recharge,Rajasthan,ICICI Bank,Google Pay,Android,26-35,359,1,4,SUCCESS,0,Not fraud,
321605902532,2024-09-09 17:23:52,1000.0,Autopay/Mandate,Financial Services,Uttar Pradesh,ICICI Bank,Google Pay,Android,36-45,662,0,2,SUCCESS,0,Not fraud,
354006057338,2024-09-09 21:24:50,200.0,P2P,Not applicable,Tamil Nadu,State Bank of India,PhonePe,Android,18-25,780,0,1,SUCCESS,0,Not fraud,
612442363550,2024-09-09 22:45:23,50.48,P2M,E-commerce,Haryana,Bank of Baroda,Paytm,Android,26-35,781,1,4,SUCCESS,0,Not fraud,
639288278516,2024-09-10 10:36:53,1613.19,P2M,Travel & Transport,Telangana,Bank of India,Paytm,Android,60+,1079,0,6,SUCCESS,0,Not fraud,
864809898436,2024-09-11 11:19:24,300.0,P2P,Not applicable,Tamil Nadu,ICICI Bank,Google Pay,iOS,26-35,264,0,4,SUCCESS,0,Not fraud,
301634386015,2024-09-11 11:45:58,1797.86,Collect Request,Not applicable,Maharashtra,State Bank of India,PhonePe,Android,46-59,321,1,5,SUCCESS,0,Not fraud,
950638264867,2024-09-11 16:30:15,200.0,P2M,Utilities,Gujarat,State Bank of India,PhonePe,iOS,26-35,176,0,4,SUCCESS,0,Not fraud,
895899751712,2024-09-11 18:08:22,1700.0,Collect Request,Not applicable,Telangana,State Bank of India,PhonePe,Android,26-35,4006,1,2,SUCCESS,0,Not fraud,
250612694999,2024-09-11 20:54:18,438.64,P2M,Entertainment & OTT,Karnataka,Axis Bank,Google Pay,Android,26-35,1672,1,9,SUCCESS,0,Not fraud,
735710159461,2024-09-12 11:54:52,576.65,Bill Payment,Financial Services,Odisha,ICICI Bank,PhonePe,Android,26-35,134,0,3,SUCCESS,0,Not fraud,
377025863175,2024-09-12 12:06:24,930.0,P2M,Food & Dining,Uttar Pradesh,State Bank of India,Google Pay,Android,36-45,502,0,1,SUCCESS,0,Not fraud,
153483525484,2024-09-12 14:37:50,451.13,P2P,Not applicable,Tamil Nadu,IDFC FIRST Bank,Paytm,Android,18-25,2177,0,1,SUCCESS,0,Not fraud,
614691661206,2024-09-12 20:31:53,800.0,Bill Payment,Financial Services,Tamil Nadu,HDFC Bank,Paytm,Android,18-25,854,0,2,SUCCESS,0,Not fraud,
133966764594,2024-09-13 20:12:03,1357.15,P2M,Utilities,Tamil Nadu,Bank of India,PhonePe,Android,46-59,858,0,3,SUCCESS,0,Not fraud,
720113397246,2024-09-13 20:13:37,290.72,P2P,Not applicable,West Bengal,Axis Bank,Google Pay,Android,36-45,301,0,5,SUCCESS,0,Not fraud,
210202967633,2024-09-13 20:23:44,132.02,P2M,Fuel,Uttar Pradesh,State Bank of India,CRED,Android,26-35,2191,0,3,SUCCESS,0,Not fraud,
656892751538,2024-09-13 21:53:31,1419.57,Bill Payment,Education,West Bengal,State Bank of India,PhonePe,Feature Phone (USSD),26-35,607,0,2,SUCCESS,0,Not fraud,
487749235794,2024-09-14 07:16:34,671.6,P2P,Not applicable,Delhi,HDFC Bank,PhonePe,Android,18-25,2324,0,3,SUCCESS,0,Not fraud,
343833377847,2024-09-14 12:37:48,202.57,P2M,Financial Services,Uttar Pradesh,State Bank of India,PhonePe,Android,36-45,194,0,3,SUCCESS,0,Not fraud,
432565853259,2024-09-14 14:34:48,200.0,P2P,Not applicable,Goa,Union Bank of India,Google Pay,Android,26-35,307,1,4,SUCCESS,0,Not fraud,
592608829141,2024-09-14 21:39:51,3100.0,P2P,Not applicable,Maharashtra,IDFC FIRST Bank,PhonePe,Android,26-35,6000,1,4,SUCCESS,0,Not fraud,
440738428178,2024-09-15 02:24:17,376.65,P2P,Not applicable,Telangana,ICICI Bank,Amazon Pay,Android,46-59,1514,1,2,SUCCESS,0,Not fraud,
178668786277,2024-09-15 12:06:29,130.0,P2M,Entertainment & OTT,Uttar Pradesh,Union Bank of India,PhonePe,Android,36-45,1462,0,5,SUCCESS,0,Not fraud,
588956238353,2024-09-15 15:38:28,16892.5,Bill Payment,Utilities,Jharkhand,State Bank of India,Google Pay,Android,26-35,288,0,2,SUCCESS,0,Not fraud,
766841043406,2024-09-15 18:02:32,2100.0,P2M,Fuel,Karnataka,Punjab National Bank,PhonePe,Feature Phone (USSD),26-35,711,0,3,FAILED,0,Not fraud,
586859690396,2024-09-16 16:33:09,580.0,P2P,Not applicable,Uttar Pradesh,State Bank of India,Google Pay,Android,18-25,2637,0,3,SUCCESS,0,Not fraud,
787014649333,2024-09-16 19:50:38,1700.0,P2M,Grocery & Supermarkets,Karnataka,State Bank of India,Google Pay,iOS,46-59,2327,0,3,SUCCESS,0,Not fraud,
573128628425,2024-09-17 11:44:20,3300.0,Bill Payment,Financial Services,Haryana,Axis Bank,PhonePe,Android,36-45,164,0,3,SUCCESS,0,Not fraud,
450046970360,2024-09-17 14:13:11,392.07,Bill Payment,Utilities,Chhattisgarh,Bank of India,PhonePe,Android,26-35,409,1,1,SUCCESS,0,Not fraud,
129578516185,2024-09-17 14:50:29,782.15,P2P,Not applicable,Maharashtra,Other,PhonePe,Android,26-35,477,1,3,SUCCESS,0,Not fraud,
393105348060,2024-09-17 19:51:12,259.68,P2M,Food & Dining,Karnataka,Canara Bank,Google Pay,Android,46-59,1113,0,6,SUCCESS,0,Not fraud,
586330537088,2024-09-18 10:59:42,3029.15,P2M,Telecom & Recharge,Karnataka,Kotak Mahindra Bank,Google Pay,Android,26-35,532,0,2,SUCCESS,0,Not fraud,
869356207137,2024-09-18 14:54:08,227.88,P2M,Grocery & Supermarkets,Bihar,HDFC Bank,PhonePe,Android,36-45,821,0,4,SUCCESS,0,Not fraud,
814566917213,2024-09-18 20:17:26,811.87,P2P,Not applicable,Tamil Nadu,HDFC Bank,Google Pay,Android,26-35,1703,0,2,SUCCESS,0,Not fraud,
437948427530,2024-09-19 05:14:41,180.0,Autopay/Mandate,Entertainment & OTT,West Bengal,Kotak Mahindra Bank,Paytm,Android,46-59,201,0,3,SUCCESS,0,Not fraud,
128875219572,2024-09-19 10:45:17,172.28,P2M,Food & Dining,Gujarat,HDFC Bank,PhonePe,Android,18-25,324,0,4,SUCCESS,0,Not fraud,
193163922047,2024-09-19 14:47:32,8530.0,Bill Payment,Financial Services,West Bengal,State Bank of India,Google Pay,Android,36-45,737,0,4,SUCCESS,1,Fake Customer Care,41.5
663668048140,2024-09-19 19:21:11,1300.0,P2P,Not applicable,West Bengal,Other,Google Pay,Android,46-59,967,1,2,SUCCESS,0,Not fraud,
798729729727,2024-09-19 21:29:02,3100.0,P2P,Not applicable,Rajasthan,Canara Bank,Google Pay,iOS,36-45,5624,0,4,SUCCESS,0,Not fraud,
296625704958,2024-09-19 21:34:58,451.44,P2M,Grocery & Supermarkets,Jharkhand,State Bank of India,PhonePe,Android,18-25,829,0,5,SUCCESS,0,Not fraud,
307678420404,2024-09-20 09:49:49,2447.74,Bill Payment,Telecom & Recharge,Karnataka,Axis Bank,PhonePe,Android,36-45,99,0,2,SUCCESS,0,Not fraud,
576654171222,2024-09-20 16:38:28,410.0,P2M,Others,Andhra Pradesh,State Bank of India,BHIM,Android,26-35,2596,1,5,SUCCESS,0,Not fraud,
469510397532,2024-09-21 07:03:18,540.0,P2M,Healthcare,Haryana,Union Bank of India,Google Pay,iOS,26-35,127,0,2,SUCCESS,0,Not fraud,
254278537336,2024-09-21 14:44:09,920.0,Bill Payment,Utilities,Maharashtra,Bank of Baroda,Google Pay,iOS,26-35,2285,0,2,SUCCESS,0,Not fraud,
997892869689,2024-09-22 09:50:35,200.0,Autopay/Mandate,Entertainment & OTT,Bihar,HDFC Bank,Paytm,iOS,46-59,261,0,1,SUCCESS,0,Not fraud,
205498082899,2024-09-22 10:47:41,350.0,P2M,Grocery & Supermarkets,Gujarat,ICICI Bank,PhonePe,Android,36-45,1049,1,4,SUCCESS,0,Not fraud,
447043595599,2024-09-22 12:56:43,240.0,Autopay/Mandate,Entertainment & OTT,Gujarat,State Bank of India,Google Pay,Android,36-45,1373,0,3,SUCCESS,0,Not fraud,
695348561658,2024-09-22 14:26:52,120.0,P2M,Grocery & Supermarkets,Maharashtra,State Bank of India,Google Pay,Android,60+,378,0,6,SUCCESS,0,Not fraud,
695867091769,2024-09-22 20:59:20,5520.0,P2P,Not applicable,West Bengal,Canara Bank,Amazon Pay,iOS,36-45,543,0,2,SUCCESS,1,Fake Customer Care,19.0
205026732576,2024-09-22 22:07:10,783.5,P2M,E-commerce,Maharashtra,Canara Bank,BHIM,iOS,26-35,385,1,2,SUCCESS,0,Not fraud,
117863864239,2024-09-23 14:17:28,306.27,P2M,Grocery & Supermarkets,Karnataka,ICICI Bank,Google Pay,Android,26-35,882,0,5,SUCCESS,0,Not fraud,
451495676446,2024-09-23 15:05:37,360.0,Bill Payment,Education,Telangana,Kotak Mahindra Bank,Google Pay,Android,26-35,607,0,1,SUCCESS,0,Not fraud,
808344679950,2024-09-23 21:00:08,3348.5,Bill Payment,Telecom & Recharge,Tamil Nadu,Yes Bank,Google Pay,Android,26-35,1020,0,2,SUCCESS,0,Not fraud,
479946130988,2024-09-23 22:36:38,1200.0,Collect Request,Not applicable,Uttar Pradesh,Union Bank of India,PhonePe,Android,18-25,90,1,2,SUCCESS,1,Fake Collect Request,62.7
129823694565,2024-09-24 13:13:59,10840.0,Autopay/Mandate,Financial Services,Gujarat,State Bank of India,PhonePe,Android,26-35,737,0,3,SUCCESS,0,Not fraud,
971745459101,2024-09-24 17:48:41,230.0,P2M,Grocery & Supermarkets,Kerala,Other,Google Pay,Android,18-25,158,0,4,SUCCESS,0,Not fraud,
740998520777,2024-09-24 17:48:49,1410.0,P2M,Healthcare,Karnataka,Axis Bank,PhonePe,Android,60+,1780,0,4,SUCCESS,1,Merchant Impersonation,35.4
363061560050,2024-09-24 18:30:40,1170.0,Autopay/Mandate,Entertainment & OTT,Jharkhand,State Bank of India,PhonePe,Android,36-45,1925,0,2,SUCCESS,0,Not fraud,
367278159767,2024-09-24 20:26:58,207.07,P2M,Food & Dining,Madhya Pradesh,State Bank of India,PhonePe,Android,18-25,2279,0,6,SUCCESS,0,Not fraud,
263390451713,2024-09-25 06:20:52,1900.0,Bill Payment,Telecom & Recharge,Chhattisgarh,State Bank of India,PhonePe,iOS,36-45,1846,0,6,SUCCESS,0,Not fraud,
919843461458,2024-09-25 12:13:00,400.0,Bill Payment,Financial Services,Bihar,State Bank of India,Google Pay,Android,46-59,355,0,2,SUCCESS,0,Not fraud,
627682262332,2024-09-25 12:35:22,300.0,P2M,Utilities,Telangana,State Bank of India,Google Pay,Android,18-25,1105,0,5,SUCCESS,0,Not fraud,
488353870547,2024-09-25 18:50:42,390.0,P2M,Food & Dining,Rajasthan,Kotak Mahindra Bank,PhonePe,Android,36-45,478,0,3,SUCCESS,0,Not fraud,
240635092814,2024-09-26 07:07:37,400.0,P2M,Food & Dining,Gujarat,Canara Bank,PhonePe,iOS,36-45,106,0,3,SUCCESS,0,Not fraud,
760521258886,2024-09-26 15:11:10,1100.0,Collect Request,Not applicable,Karnataka,IDFC FIRST Bank,Google Pay,Android,18-25,163,1,4,SUCCESS,0,Not fraud,
739181929161,2024-09-26 18:01:35,1809.45,Collect Request,Not applicable,Kerala,Bank of India,Google Pay,Android,46-59,65,1,3,SUCCESS,1,Fake Collect Request,7.8
720294747701,2024-09-26 18:32:42,210.0,P2P,Not applicable,Maharashtra,Punjab National Bank,PhonePe,Android,18-25,1558,0,2,SUCCESS,0,Not fraud,
958445352905,2024-09-26 20:03:44,6390.0,P2P,Not applicable,Gujarat,Yes Bank,Google Pay,Android,26-35,598,0,1,SUCCESS,0,Not fraud,
899544150456,2024-09-27 03:21:40,300.0,P2M,Utilities,West Bengal,Other,PhonePe,Android,18-25,177,0,2,SUCCESS,0,Not fraud,
599628132253,2024-09-27 09:30:16,920.0,P2M,Grocery & Supermarkets,Rajasthan,State Bank of India,Google Pay,Android,60+,466,0,6,SUCCESS,0,Not fraud,
973434486173,2024-09-27 12:21:45,90.0,P2M,Entertainment & OTT,Madhya Pradesh,Axis Bank,PhonePe,Android,36-45,774,1,2,SUCCESS,0,Not fraud,
650907753549,2024-09-27 12:35:43,1126.0,P2M,Education,Madhya Pradesh,State Bank of India,Google Pay,Android,26-35,185,0,2,SUCCESS,0,Not fraud,
645132806665,2024-09-27 12:52:09,400.0,P2P,Not applicable,Assam,Axis Bank,PhonePe,Android,26-35,240,1,3,SUCCESS,0,Not fraud,
439721510205,2024-09-27 20:13:09,600.0,P2P,Not applicable,Gujarat,State Bank of India,PhonePe,Android,46-59,296,0,2,SUCCESS,0,Not fraud,
808024664672,2024-09-28 08:14:41,401.1,P2P,Not applicable,Jharkhand,Other,PhonePe,iOS,18-25,108,0,3,SUCCESS,0,Not fraud,
749357883715,2024-09-29 16:25:52,382.79,P2P,Not applicable,Maharashtra,Axis Bank,Google Pay,Android,46-59,1335,0,3,SUCCESS,0,Not fraud,
560578724197,2024-09-29 16:32:51,1178.02,P2M,Food & Dining,Andhra Pradesh,Other,Google Pay,Android,46-59,211,0,5,SUCCESS,1,QR Code Scam,13.2
834421145202,2024-09-29 23:09:47,1530.0,P2P,Not applicable,Kerala,State Bank of India,PhonePe,iOS,26-35,218,1,4,SUCCESS,0,Not fraud,
798738037364,2024-09-30 02:33:20,3160.0,P2M,Fuel,Jharkhand,State Bank of India,Amazon Pay,Android,26-35,2400,0,2,SUCCESS,0,Not fraud,
561916436207,2024-09-30 08:15:32,270.0,P2M,Food & Dining,Andhra Pradesh,ICICI Bank,PhonePe,Android,18-25,17,0,5,SUCCESS,0,Not fraud,
328907212768,2024-09-30 11:05:52,2276.06,P2P,Not applicable,Rajasthan,State Bank of India,Google Pay,iOS,26-35,350,0,2,SUCCESS,0,Not fraud,
261084163369,2024-09-30 11:26:29,854.74,P2M,Food & Dining,Maharashtra,Other,Google Pay,Android,26-35,1067,0,4,SUCCESS,0,Not fraud,
142090714328,2024-09-30 13:31:35,2880.0,P2P,Not applicable,Himachal Pradesh,Indian Bank,Google Pay,iOS,60+,887,0,3,SUCCESS,0,Not fraud,
624779907594,2024-09-30 17:46:08,100.0,P2M,Grocery & Supermarkets,Karnataka,HDFC Bank,Google Pay,Android,18-25,412,0,3,SUCCESS,0,Not fraud,
638204136258,2024-09-30 18:11:36,610.59,Autopay/Mandate,Financial Services,Telangana,HDFC Bank,PhonePe,Android,26-35,4447,0,2,SUCCESS,0,Not fraud,
725898928371,2024-09-30 19:04:44,600.0,P2M,E-commerce,Maharashtra,State Bank of India,Other,iOS,26-35,769,0,4,SUCCESS,0,Not fraud,
181613174190,2024-10-01 08:55:52,200.0,P2M,Grocery & Supermarkets,West Bengal,ICICI Bank,PhonePe,Android,18-25,236,0,8,SUCCESS,0,Not fraud,
416329003271,2024-10-01 10:20:23,1254.01,P2M,Grocery & Supermarkets,West Bengal,State Bank of India,Google Pay,Android,26-35,264,0,5,SUCCESS,0,Not fraud,
843072853132,2024-10-01 11:35:07,900.0,P2P,Not applicable,Assam,Bank of Baroda,Google Pay,Android,18-25,1304,0,7,SUCCESS,0,Not fraud,
736481563848,2024-10-01 20:18:00,2452.27,P2P,Not applicable,Rajasthan,State Bank of India,PhonePe,Android,26-35,582,0,2,SUCCESS,0,Not fraud,
106695625758,2024-10-01 20:37:58,250.0,Autopay/Mandate,Financial Services,Kerala,Other,Google Pay,Android,36-45,412,0,2,SUCCESS,0,Not fraud,
696696110335,2024-10-02 17:56:04,1300.0,P2P,Not applicable,Maharashtra,Bank of Baroda,Google Pay,Android,46-59,251,0,4,SUCCESS,0,Not fraud,
830205327148,2024-10-03 07:57:31,510.0,P2M,E-commerce,Chhattisgarh,State Bank of India,PhonePe,Android,18-25,423,0,9,SUCCESS,0,Not fraud,
179335775996,2024-10-03 20:23:30,867.17,P2P,Not applicable,Gujarat,Axis Bank,PhonePe,Android,46-59,96,0,4,SUCCESS,0,Not fraud,
797673642807,2024-10-03 21:10:45,4521.45,Autopay/Mandate,Utilities,Uttar Pradesh,HDFC Bank,PhonePe,Android,26-35,290,0,2,SUCCESS,0,Not fraud,
738068137844,2024-10-04 08:01:35,110.0,P2M,Utilities,Andhra Pradesh,Canara Bank,PhonePe,iOS,26-35,2149,0,2,SUCCESS,0,Not fraud,
448191487680,2024-10-04 14:05:06,280.0,Autopay/Mandate,Telecom & Recharge,Jharkhand,HDFC Bank,PhonePe,Android,36-45,1392,0,2,SUCCESS,0,Not fraud,
816869698908,2024-10-04 17:37:18,1.0,P2M,Food & Dining,Kerala,State Bank of India,PhonePe,Android,46-59,2658,0,4,SUCCESS,0,Not fraud,
624678474844,2024-10-04 21:27:10,1727.26,P2P,Not applicable,Andhra Pradesh,Other,PhonePe,Android,18-25,317,0,3,FAILED,0,Not fraud,
126803480196,2024-10-04 22:05:33,1515.45,P2P,Not applicable,Maharashtra,State Bank of India,PhonePe,Android,60+,985,0,2,SUCCESS,0,Not fraud,
897601422674,2024-10-05 18:49:36,1000.0,P2P,Not applicable,Maharashtra,Yes Bank,PhonePe,Android,18-25,239,1,1,SUCCESS,0,Not fraud,
859398703705,2024-10-05 21:39:12,2600.0,P2M,Grocery & Supermarkets,West Bengal,Canara Bank,PhonePe,iOS,26-35,2086,0,6,SUCCESS,0,Not fraud,
519996568580,2024-10-05 22:15:21,1401.56,P2P,Not applicable,Uttar Pradesh,HDFC Bank,BHIM,Android,36-45,294,1,3,SUCCESS,0,Not fraud,
469376067044,2024-10-05 22:47:29,1800.0,P2P,Not applicable,Haryana,State Bank of India,Amazon Pay,Android,26-35,2098,1,2,SUCCESS,0,Not fraud,
448801437498,2024-10-05 23:30:07,880.0,P2P,Not applicable,Gujarat,Punjab National Bank,Google Pay,iOS,36-45,453,0,6,SUCCESS,0,Not fraud,
710702353265,2024-10-06 14:27:51,2163.76,P2P,Not applicable,Odisha,Punjab National Bank,Google Pay,Android,36-45,1873,0,2,SUCCESS,0,Not fraud,
395073780651,2024-10-06 17:55:17,1738.24,Bill Payment,Utilities,Jharkhand,State Bank of India,Paytm,Android,18-25,230,0,2,SUCCESS,0,Not fraud,
756885768960,2024-10-07 11:29:41,1080.0,P2M,E-commerce,West Bengal,State Bank of India,Google Pay,iOS,26-35,1703,0,4,SUCCESS,0,Not fraud,
345395002719,2024-10-07 14:43:33,2420.0,Bill Payment,Utilities,Uttar Pradesh,IndusInd Bank,Google Pay,Android,36-45,1178,0,3,SUCCESS,0,Not fraud,
597451246620,2024-10-08 12:33:14,382.34,P2M,Grocery & Supermarkets,Maharashtra,State Bank of India,Amazon Pay,iOS,46-59,179,0,4,SUCCESS,0,Not fraud,
225983792632,2024-10-08 13:38:22,530.0,P2P,Not applicable,Madhya Pradesh,Axis Bank,PhonePe,Android,36-45,274,0,6,SUCCESS,0,Not fraud,
902837498353,2024-10-08 17:14:14,190.0,P2M,Telecom & Recharge,Maharashtra,State Bank of India,Amazon Pay,Android,36-45,406,1,2,SUCCESS,0,Not fraud,
575667522641,2024-10-08 17:57:15,1580.0,P2P,Not applicable,Assam,Indian Bank,PhonePe,Android,26-35,95,0,4,SUCCESS,0,Not fraud,
999442846332,2024-10-09 14:57:29,137.54,P2M,Grocery & Supermarkets,Kerala,State Bank of India,PhonePe,Android,36-45,517,0,6,DEEMED,0,Not fraud,
717042844482,2024-10-09 20:39:06,35.03,Autopay/Mandate,Financial Services,Rajasthan,Yes Bank,Google Pay,iOS,18-25,622,0,4,SUCCESS,0,Not fraud,
539047465664,2024-10-09 22:08:21,330.0,P2P,Not applicable,Uttarakhand,HDFC Bank,PhonePe,Android,18-25,199,1,3,SUCCESS,0,Not fraud,
467220384464,2024-10-09 23:58:23,745.32,P2M,Grocery & Supermarkets,Uttar Pradesh,ICICI Bank,PhonePe,Android,26-35,755,0,6,SUCCESS,0,Not fraud,
546616053337,2024-10-10 13:23:23,100.0,P2M,Grocery & Supermarkets,Andhra Pradesh,Other,Paytm,Android,26-35,931,0,4,SUCCESS,0,Not fraud,
763722538173,2024-10-10 15:53:53,180.0,P2P,Not applicable,Andhra Pradesh,Kotak Mahindra Bank,Google Pay,Android,36-45,363,0,1,SUCCESS,0,Not fraud,
364811802152,2024-10-10 17:53:21,373.92,P2M,Food & Dining,Gujarat,Other,Paytm,Android,36-45,3123,0,2,SUCCESS,0,Not fraud,
522915997257,2024-10-10 20:07:39,194.68,P2M,Food & Dining,Karnataka,Indian Bank,Paytm,Android,18-25,1718,0,5,SUCCESS,0,Not fraud,
170925545953,2024-10-10 20:28:30,400.0,P2M,Grocery & Supermarkets,Telangana,State Bank of India,Google Pay,Android,36-45,3065,0,1,SUCCESS,0,Not fraud,
184870728311,2024-10-11 10:12:28,196.12,P2M,Utilities,Andhra Pradesh,State Bank of India,Google Pay,Android,36-45,687,0,7,SUCCESS,0,Not fraud,
791387793115,2024-10-11 20:46:25,837.15,P2P,Not applicable,Maharashtra,Indian Bank,PhonePe,Android,36-45,262,1,2,SUCCESS,0,Not fraud,
607112606779,2024-10-11 21:55:55,160.0,P2M,Grocery & Supermarkets,Punjab,Other,Google Pay,iOS,18-25,1261,0,4,SUCCESS,0,Not fraud,
428579461768,2024-10-12 08:58:13,1575.86,P2M,Travel & Transport,Telangana,HDFC Bank,PhonePe,Android,36-45,195,0,4,SUCCESS,0,Not fraud,
621431927714,2024-10-12 10:29:44,564.27,P2M,E-commerce,Rajasthan,Other,PhonePe,iOS,26-35,865,0,2,SUCCESS,0,Not fraud,
538223433617,2024-10-12 18:16:07,1470.0,P2P,Not applicable,Tamil Nadu,Other,Google Pay,Android,36-45,3699,0,1,SUCCESS,0,Not fraud,
155957551023,2024-10-12 20:43:35,540.0,Bill Payment,Utilities,Delhi,HDFC Bank,PhonePe,Android,26-35,98,0,1,SUCCESS,0,Not fraud,
458304998928,2024-10-13 09:14:55,690.0,P2M,Travel & Transport,West Bengal,Other,Google Pay,Android,36-45,2500,0,2,SUCCESS,0,Not fraud,
264446352426,2024-10-13 17:58:32,824.03,P2M,Grocery & Supermarkets,West Bengal,State Bank of India,Google Pay,Android,18-25,632,0,4,SUCCESS,0,Not fraud,
488790467977,2024-10-13 18:08:27,573.26,Bill Payment,Utilities,Maharashtra,ICICI Bank,Google Pay,Feature Phone (USSD),26-35,4322,0,1,SUCCESS,0,Not fraud,
476325202642,2024-10-13 19:27:25,2540.0,P2P,Not applicable,Gujarat,Canara Bank,PhonePe,iOS,18-25,778,0,3,SUCCESS,0,Not fraud,
438413144107,2024-10-13 22:57:53,836.24,P2M,Grocery & Supermarkets,Gujarat,State Bank of India,PhonePe,Android,26-35,3046,0,4,SUCCESS,0,Not fraud,
633347380311,2024-10-13 23:16:48,227.85,P2M,Food & Dining,Tamil Nadu,Other,PhonePe,Android,18-25,452,0,5,FAILED,0,Not fraud,
241735691965,2024-10-14 07:17:52,2400.0,Bill Payment,Financial Services,Maharashtra,IndusInd Bank,Paytm,Android,36-45,96,0,2,SUCCESS,0,Not fraud,
202806435533,2024-10-14 09:43:19,700.0,P2M,Travel & Transport,Chandigarh,ICICI Bank,PhonePe,iOS,26-35,2626,0,2,SUCCESS,0,Not fraud,
173812239407,2024-10-14 15:49:06,1350.0,P2M,Utilities,Maharashtra,State Bank of India,Google Pay,Android,26-35,3251,0,4,SUCCESS,0,Not fraud,
380845900423,2024-10-14 15:58:20,2475.38,P2M,Travel & Transport,Maharashtra,ICICI Bank,Google Pay,iOS,46-59,221,0,9,SUCCESS,0,Not fraud,
301737174970,2024-10-14 20:33:39,230.0,P2M,E-commerce,Odisha,Other,PhonePe,Android,18-25,111,0,3,SUCCESS,0,Not fraud,
700342614434,2024-10-14 21:44:11,237.6,P2M,Entertainment & OTT,Andhra Pradesh,Axis Bank,PhonePe,Android,36-45,39,0,4,SUCCESS,0,Not fraud,
266484485435,2024-10-14 21:53:23,1334.15,P2P,Not applicable,Goa,Punjab National Bank,PhonePe,Android,18-25,2284,0,1,SUCCESS,0,Not fraud,
232170933779,2024-10-15 06:11:18,1960.0,P2P,Not applicable,Uttar Pradesh,Other,PhonePe,Android,60+,615,1,5,SUCCESS,0,Not fraud,
310426530020,2024-10-15 09:37:27,2600.0,Collect Request,Not applicable,Maharashtra,Canara Bank,BHIM,iOS,26-35,933,1,2,SUCCESS,1,Fake Collect Request,8.6
364027762135,2024-10-15 11:23:42,14610.0,P2P,Not applicable,Assam,ICICI Bank,Paytm,Android,26-35,75,0,2,SUCCESS,0,Not fraud,
157266824277,2024-10-15 11:30:55,4345.87,Collect Request,Not applicable,Madhya Pradesh,HDFC Bank,PhonePe,Android,26-35,422,1,2,SUCCESS,1,Phishing/Vishing,35.2
979629373734,2024-10-15 13:48:26,1794.4,Bill Payment,Utilities,Tamil Nadu,Other,PhonePe,Android,46-59,286,0,4,SUCCESS,0,Not fraud,
763959478154,2024-10-15 17:11:55,822.59,Autopay/Mandate,Financial Services,Haryana,Axis Bank,PhonePe,Android,26-35,524,0,3,SUCCESS,0,Not fraud,
421982940618,2024-10-15 20:15:11,179.16,P2M,Food & Dining,Gujarat,State Bank of India,PhonePe,Android,46-59,2022,0,2,SUCCESS,0,Not fraud,
920419265894,2024-10-15 22:30:15,5020.0,Bill Payment,Financial Services,Madhya Pradesh,State Bank of India,PhonePe,Android,26-35,129,0,4,SUCCESS,0,Not fraud,
633978902220,2024-10-16 16:58:59,330.0,Autopay/Mandate,Utilities,Kerala,State Bank of India,Google Pay,Android,36-45,1491,0,4,SUCCESS,0,Not fraud,
133806577014,2024-10-16 19:47:24,1710.04,P2M,Utilities,Madhya Pradesh,Other,Google Pay,Android,26-35,647,0,3,SUCCESS,0,Not fraud,
502498921846,2024-10-16 21:47:56,310.0,P2M,Grocery & Supermarkets,Karnataka,State Bank of India,PhonePe,Android,26-35,1936,0,5,FAILED,0,Not fraud,
313782770544,2024-10-17 15:18:33,3570.0,P2M,Healthcare,Gujarat,State Bank of India,PhonePe,Android,60+,854,0,6,FAILED,0,Not fraud,
419856808748,2024-10-17 16:28:21,1800.0,P2M,Grocery & Supermarkets,West Bengal,Union Bank of India,PhonePe,Android,36-45,3130,0,6,SUCCESS,0,Not fraud,
896146934497,2024-10-17 17:23:02,300.0,P2M,Telecom & Recharge,Tamil Nadu,ICICI Bank,Google Pay,Android,26-35,1800,0,6,SUCCESS,0,Not fraud,
948662880206,2024-10-17 21:41:20,250.0,P2P,Not applicable,Tamil Nadu,HDFC Bank,PhonePe,iOS,18-25,424,1,1,SUCCESS,0,Not fraud,
498796568749,2024-10-18 05:43:10,3500.0,P2P,Not applicable,Telangana,State Bank of India,PhonePe,Android,26-35,338,0,3,SUCCESS,0,Not fraud,
291372429935,2024-10-18 13:41:33,454.27,P2P,Not applicable,Kerala,HDFC Bank,Google Pay,Android,26-35,642,1,2,SUCCESS,0,Not fraud,
622323550114,2024-10-18 15:27:17,107.37,P2P,Not applicable,Telangana,Union Bank of India,Google Pay,Android,46-59,362,0,3,SUCCESS,0,Not fraud,
925820453919,2024-10-18 21:37:23,615.03,P2P,Not applicable,Bihar,State Bank of India,PhonePe,Feature Phone (USSD),36-45,331,0,3,SUCCESS,0,Not fraud,
326897747287,2024-10-19 09:41:16,206.28,P2P,Not applicable,Maharashtra,State Bank of India,Paytm,iOS,46-59,121,0,3,SUCCESS,0,Not fraud,
895500070646,2024-10-19 10:04:11,65990.0,P2P,Not applicable,Uttar Pradesh,Punjab National Bank,PhonePe,Android,18-25,239,1,3,SUCCESS,1,Remote Access App Scam,40.2
888849017754,2024-10-19 11:06:15,10215.46,Bill Payment,Education,Haryana,State Bank of India,PhonePe,Android,36-45,259,0,1,SUCCESS,0,Not fraud,
563682060390,2024-10-19 13:53:04,622.82,P2M,Healthcare,Telangana,State Bank of India,PhonePe,Android,36-45,290,0,7,SUCCESS,0,Not fraud,
991590915975,2024-10-19 15:30:38,4980.0,P2P,Not applicable,Uttar Pradesh,State Bank of India,Google Pay,Android,36-45,451,1,2,SUCCESS,0,Not fraud,
620718591789,2024-10-19 18:37:02,2315.33,P2P,Not applicable,Delhi,ICICI Bank,PhonePe,iOS,18-25,1490,1,6,SUCCESS,0,Not fraud,
622054157404,2024-10-19 19:05:02,1999.75,Autopay/Mandate,Financial Services,Karnataka,State Bank of India,Amazon Pay,Android,26-35,889,0,5,SUCCESS,0,Not fraud,
392097412560,2024-10-20 07:16:00,1200.0,P2M,Telecom & Recharge,Uttar Pradesh,State Bank of India,Amazon Pay,Android,18-25,159,0,6,SUCCESS,0,Not fraud,
700696860048,2024-10-20 19:00:16,200.0,P2M,Fuel,Karnataka,HDFC Bank,PhonePe,Android,36-45,400,1,8,SUCCESS,0,Not fraud,
323845841775,2024-10-20 22:03:25,150.0,P2M,Entertainment & OTT,Maharashtra,Punjab National Bank,Google Pay,Android,26-35,307,0,3,SUCCESS,0,Not fraud,
693930620393,2024-10-20 22:08:09,272.46,P2M,Grocery & Supermarkets,Uttar Pradesh,State Bank of India,Google Pay,Android,18-25,6000,0,5,SUCCESS,0,Not fraud,
315717528258,2024-10-21 10:05:10,1021.34,P2P,Not applicable,Delhi,State Bank of India,PhonePe,Android,26-35,1110,1,5,SUCCESS,0,Not fraud,
787246464108,2024-10-21 11:48:07,610.0,P2M,Grocery & Supermarkets,Uttar Pradesh,State Bank of India,PhonePe,Android,18-25,316,0,6,SUCCESS,0,Not fraud,
186467391052,2024-10-21 13:53:18,101.97,Autopay/Mandate,Entertainment & OTT,Tamil Nadu,Other,PhonePe,Android,46-59,482,0,1,SUCCESS,0,Not fraud,
480936689199,2024-10-21 17:08:09,97.4,P2M,Others,Chhattisgarh,State Bank of India,Google Pay,Android,60+,4291,0,5,FAILED,0,Not fraud,
550829678405,2024-10-21 19:14:35,1594.15,P2P,Not applicable,Bihar,Other,Other,Android,36-45,1496,0,2,SUCCESS,0,Not fraud,
472515702931,2024-10-21 23:29:19,2301.17,P2P,Not applicable,Madhya Pradesh,State Bank of India,Google Pay,iOS,18-25,306,0,2,SUCCESS,0,Not fraud,
228394853444,2024-10-22 15:05:06,418.77,P2P,Not applicable,Telangana,HDFC Bank,PhonePe,iOS,36-45,2156,0,2,SUCCESS,0,Not fraud,
424657311423,2024-10-22 18:06:57,182.52,P2P,Not applicable,Tamil Nadu,Other,Google Pay,Android,36-45,622,0,2,SUCCESS,0,Not fraud,
368468892390,2024-10-23 06:22:14,121.46,P2P,Not applicable,Bihar,State Bank of India,PhonePe,iOS,18-25,1133,0,1,SUCCESS,0,Not fraud,
958455841763,2024-10-23 09:06:35,2600.0,P2P,Not applicable,Telangana,State Bank of India,Google Pay,iOS,18-25,420,0,4,SUCCESS,0,Not fraud,
281938546901,2024-10-23 09:57:27,509.34,P2P,Not applicable,Maharashtra,Other,Paytm,Android,60+,1249,0,2,SUCCESS,0,Not fraud,
576699340010,2024-10-23 11:02:40,670.0,P2P,Not applicable,Karnataka,State Bank of India,PhonePe,iOS,18-25,2727,0,1,SUCCESS,0,Not fraud,
496758002457,2024-10-23 17:32:54,300.0,P2M,Food & Dining,Maharashtra,HDFC Bank,PhonePe,Android,60+,990,0,5,SUCCESS,0,Not fraud,
354647652174,2024-10-23 18:17:21,400.0,P2M,Grocery & Supermarkets,Delhi,IDFC FIRST Bank,PhonePe,Android,18-25,102,1,4,SUCCESS,0,Not fraud,
184398211969,2024-10-23 20:03:20,400.0,P2M,Others,Delhi,Axis Bank,Google Pay,iOS,36-45,74,1,4,SUCCESS,0,Not fraud,
932448857157,2024-10-23 20:15:32,130.0,P2M,Food & Dining,Odisha,State Bank of India,Google Pay,Android,26-35,243,0,5,SUCCESS,0,Not fraud,
865623924591,2024-10-24 14:07:58,360.0,P2P,Not applicable,Gujarat,IndusInd Bank,PhonePe,Android,26-35,2202,0,1,SUCCESS,0,Not fraud,
663961151793,2024-10-25 12:34:23,4600.0,Collect Request,Not applicable,Uttar Pradesh,Punjab National Bank,PhonePe,Android,36-45,547,1,5,SUCCESS,1,Phishing/Vishing,39.4
381102307576,2024-10-25 15:36:59,100.0,P2M,Fuel,Tamil Nadu,Other,PhonePe,Android,18-25,256,1,4,SUCCESS,0,Not fraud,
995749527311,2024-10-25 21:40:19,30.0,P2M,Entertainment & OTT,Andhra Pradesh,ICICI Bank,PhonePe,Android,26-35,624,0,4,SUCCESS,0,Not fraud,
920877194080,2024-10-26 09:31:52,96666.46,P2P,Not applicable,West Bengal,State Bank of India,PhonePe,iOS,26-35,2317,1,3,SUCCESS,1,Remote Access App Scam,9.7
584323562510,2024-10-26 13:32:15,203.43,P2M,Others,Karnataka,Axis Bank,Amazon Pay,Android,36-45,3160,0,2,SUCCESS,0,Not fraud,
600877293023,2024-10-26 19:09:36,4405.44,P2P,Not applicable,Tamil Nadu,State Bank of India,Google Pay,Android,36-45,833,1,3,SUCCESS,0,Not fraud,
741844850473,2024-10-27 12:41:30,51.76,P2M,Food & Dining,Maharashtra,State Bank of India,PhonePe,Android,18-25,2023,0,6,SUCCESS,0,Not fraud,
866908849569,2024-10-27 16:11:11,30.0,P2M,Utilities,Assam,State Bank of India,Google Pay,Android,60+,599,0,5,SUCCESS,0,Not fraud,
816300516222,2024-10-27 19:41:04,450.0,P2P,Not applicable,Rajasthan,Other,PhonePe,Android,36-45,492,0,2,SUCCESS,0,Not fraud,
254596384549,2024-10-27 20:19:06,61.25,P2M,Food & Dining,Telangana,HDFC Bank,PhonePe,Android,36-45,255,0,3,SUCCESS,0,Not fraud,
758669665543,2024-10-28 14:25:17,820.0,Bill Payment,Utilities,Haryana,HDFC Bank,Google Pay,Android,60+,648,0,1,SUCCESS,0,Not fraud,
767565950006,2024-10-28 15:30:24,430.45,Autopay/Mandate,Education,Uttar Pradesh,Axis Bank,PhonePe,Android,26-35,1092,0,2,SUCCESS,0,Not fraud,
823163671271,2024-10-28 21:44:21,6304.55,P2P,Not applicable,Uttar Pradesh,State Bank of India,PhonePe,Android,26-35,789,1,3,FAILED,0,Not fraud,
378363783783,2024-10-28 22:52:48,320.0,P2M,Grocery & Supermarkets,Bihar,Axis Bank,Google Pay,Android,36-45,289,0,4,SUCCESS,0,Not fraud,
841360929178,2024-10-28 23:28:22,29308.48,P2P,Not applicable,Uttar Pradesh,State Bank of India,Other,Android,36-45,1181,1,6,SUCCESS,1,Investment/Task Scam,5.5
195778032459,2024-10-29 09:07:33,306.49,P2M,E-commerce,Gujarat,State Bank of India,Paytm,Android,18-25,180,0,3,SUCCESS,0,Not fraud,
107307665481,2024-10-29 11:37:58,800.0,P2M,Grocery & Supermarkets,Madhya Pradesh,HDFC Bank,Amazon Pay,Android,36-45,744,0,4,SUCCESS,0,Not fraud,
108651196008,2024-10-29 11:42:42,214.33,P2M,Grocery & Supermarkets,Delhi,IDFC FIRST Bank,PhonePe,Android,60+,1161,0,5,SUCCESS,0,Not fraud,
132357451217,2024-10-29 12:57:52,7700.0,P2P,Not applicable,Kerala,State Bank of India,Google Pay,Android,36-45,2468,0,1,SUCCESS,0,Not fraud,
136656979020,2024-10-29 18:42:21,2000.0,P2P,Not applicable,Gujarat,Union Bank of India,PhonePe,Android,26-35,482,0,1,SUCCESS,0,Not fraud,
890436553668,2024-10-29 19:25:45,140.0,P2P,Not applicable,Haryana,Other,PhonePe,iOS,60+,1434,0,2,SUCCESS,0,Not fraud,
818938389895,2024-10-29 19:28:18,690.0,P2M,Others,Karnataka,Other,PhonePe,iOS,46-59,1383,1,4,SUCCESS,0,Not fraud,
383124800381,2024-10-30 11:25:00,230.0,P2M,Food & Dining,Telangana,State Bank of India,Paytm,Android,26-35,6000,0,7,SUCCESS,0,Not fraud,
868573384735,2024-10-30 13:50:04,19200.0,P2P,Not applicable,Telangana,Other,PhonePe,iOS,18-25,6000,0,3,SUCCESS,1,SIM Swap/Account Takeover,1.4
739256063187,2024-10-30 18:55:26,1388.65,Bill Payment,Utilities,West Bengal,Bank of India,PhonePe,Android,26-35,3586,0,2,SUCCESS,0,Not fraud,
809506318586,2024-10-30 21:05:36,109.98,P2M,Food & Dining,Andhra Pradesh,HDFC Bank,Google Pay,Android,36-45,280,0,5,SUCCESS,0,Not fraud,
970200540979,2024-10-31 17:03:48,200.0,P2M,Grocery & Supermarkets,Uttarakhand,ICICI Bank,Google Pay,iOS,46-59,448,0,8,SUCCESS,0,Not fraud,
199644305611,2024-10-31 18:29:30,4815.62,P2M,Education,Maharashtra,Punjab National Bank,BHIM,iOS,26-35,925,0,3,SUCCESS,0,Not fraud,
338961364709,2024-10-31 18:47:42,228.11,P2M,Others,Bihar,Punjab National Bank,Other,Android,18-25,342,0,2,SUCCESS,0,Not fraud,
934427967745,2024-10-31 20:34:35,240.0,P2M,Telecom & Recharge,Maharashtra,Kotak Mahindra Bank,Google Pay,Android,60+,1732,0,4,SUCCESS,0,Not fraud,
232197659399,2024-11-01 12:05:20,470.0,P2M,Grocery & Supermarkets,Uttar Pradesh,Axis Bank,PhonePe,Android,46-59,456,0,3,SUCCESS,0,Not fraud,
337720231679,2024-11-01 13:35:23,330.0,P2P,Not applicable,Delhi,State Bank of India,Google Pay,Android,36-45,270,0,2,SUCCESS,0,Not fraud,
263273314642,2024-11-01 13:43:40,2100.0,P2P,Not applicable,Delhi,ICICI Bank,PhonePe,Android,36-45,712,0,4,SUCCESS,0,Not fraud,
378166254837,2024-11-01 20:29:44,5340.0,P2P,Not applicable,Maharashtra,Other,Paytm,Android,18-25,575,0,1,SUCCESS,0,Not fraud,
644490287544,2024-11-02 00:41:45,100.0,P2M,E-commerce,Jharkhand,Other,Google Pay,iOS,26-35,687,1,3,SUCCESS,0,Not fraud,
166350424202,2024-11-02 09:56:42,888.14,P2M,Education,Kerala,State Bank of India,Google Pay,Android,36-45,443,0,8,DEEMED,0,Not fraud,
466222262156,2024-11-02 10:10:18,1250.0,P2M,E-commerce,Rajasthan,HDFC Bank,Other,Android,46-59,2474,0,6,SUCCESS,0,Not fraud,
898924014178,2024-11-02 13:16:19,1710.0,P2M,Travel & Transport,Gujarat,IndusInd Bank,PhonePe,iOS,46-59,6000,0,4,SUCCESS,0,Not fraud,
844373498776,2024-11-02 13:19:26,2279.85,P2P,Not applicable,Karnataka,Axis Bank,PhonePe,Android,26-35,163,1,3,SUCCESS,0,Not fraud,
890112262668,2024-11-02 17:05:13,410.0,P2M,Food & Dining,Jharkhand,State Bank of India,Google Pay,Android,26-35,126,1,4,SUCCESS,0,Not fraud,
608726959991,2024-11-02 17:24:12,372.74,P2M,Food & Dining,Karnataka,Punjab National Bank,Google Pay,Android,36-45,792,0,3,SUCCESS,0,Not fraud,
696467595203,2024-11-02 19:04:51,2600.0,P2P,Not applicable,Rajasthan,Other,Google Pay,Android,18-25,3178,0,5,SUCCESS,0,Not fraud,
357644753052,2024-11-03 20:29:19,79.2,P2M,Telecom & Recharge,Madhya Pradesh,State Bank of India,Google Pay,Feature Phone (USSD),18-25,205,0,2,SUCCESS,0,Not fraud,
655704285407,2024-11-04 07:33:03,4384.77,P2M,E-commerce,Uttar Pradesh,Union Bank of India,Google Pay,Android,18-25,333,1,3,SUCCESS,0,Not fraud,
998063250648,2024-11-04 08:33:40,100.0,P2M,Fuel,Delhi,State Bank of India,Amazon Pay,iOS,26-35,134,0,2,SUCCESS,0,Not fraud,
892281161286,2024-11-04 08:39:58,240.72,P2M,Food & Dining,Karnataka,State Bank of India,PhonePe,Android,36-45,173,0,2,SUCCESS,0,Not fraud,
699738761493,2024-11-04 11:40:38,424.01,P2M,Grocery & Supermarkets,Telangana,ICICI Bank,Google Pay,iOS,26-35,108,0,5,SUCCESS,0,Not fraud,
504802984202,2024-11-04 16:29:01,1052.51,P2M,Utilities,Kerala,Canara Bank,Google Pay,Android,18-25,1600,0,4,SUCCESS,0,Not fraud,
641414546101,2024-11-04 17:48:40,300.0,Autopay/Mandate,Entertainment & OTT,Punjab,HDFC Bank,PhonePe,iOS,26-35,733,0,2,SUCCESS,0,Not fraud,
563682306797,2024-11-04 18:34:22,1159.3,P2P,Not applicable,Himachal Pradesh,Other,PhonePe,Android,26-35,239,0,4,SUCCESS,0,Not fraud,
478201807905,2024-11-04 18:56:53,208.37,P2P,Not applicable,Tripura,ICICI Bank,Google Pay,Android,18-25,725,1,2,SUCCESS,0,Not fraud,
737172776694,2024-11-04 20:18:05,954.67,P2P,Not applicable,Karnataka,State Bank of India,Google Pay,Android,36-45,5341,0,5,SUCCESS,0,Not fraud,
658306232472,2024-11-04 20:42:59,100.0,P2P,Not applicable,West Bengal,State Bank of India,Google Pay,Android,26-35,766,0,3,SUCCESS,0,Not fraud,
270373343468,2024-11-05 17:13:23,2250.61,P2M,Food & Dining,Haryana,State Bank of India,Paytm,Android,26-35,950,0,6,SUCCESS,0,Not fraud,
765867514577,2024-11-06 01:14:45,2435.74,Bill Payment,Telecom & Recharge,Maharashtra,HDFC Bank,Paytm,Android,36-45,64,0,2,SUCCESS,0,Not fraud,
405083468410,2024-11-06 06:08:11,2176.09,Bill Payment,Financial Services,Andhra Pradesh,IDFC FIRST Bank,Google Pay,Android,46-59,1301,0,1,SUCCESS,0,Not fraud,
318657563295,2024-11-06 15:31:24,520.0,P2P,Not applicable,Kerala,HDFC Bank,PhonePe,Android,36-45,325,1,1,SUCCESS,0,Not fraud,
698278751877,2024-11-06 18:31:53,450.11,P2P,Not applicable,Delhi,Other,Google Pay,Android,46-59,138,0,3,SUCCESS,0,Not fraud,
947430367981,2024-11-06 18:38:43,1000.0,P2P,Not applicable,West Bengal,State Bank of India,PhonePe,Android,26-35,1282,0,3,SUCCESS,0,Not fraud,
502313074001,2024-11-06 19:07:17,600.0,P2M,Grocery & Supermarkets,Maharashtra,Other,PhonePe,Android,26-35,5586,1,6,SUCCESS,0,Not fraud,
960046555266,2024-11-06 23:23:08,591.64,P2M,Food & Dining,Punjab,Other,Google Pay,Android,36-45,1144,0,3,SUCCESS,0,Not fraud,
680467422186,2024-11-06 23:43:23,3095.77,Bill Payment,Financial Services,Kerala,IDFC FIRST Bank,PhonePe,Android,60+,998,0,9,SUCCESS,0,Not fraud,
407673072277,2024-11-07 07:44:11,1.0,P2M,Food & Dining,Uttar Pradesh,Other,Amazon Pay,Android,18-25,5765,0,3,SUCCESS,0,Not fraud,
133599530860,2024-11-07 08:39:39,760.0,P2M,Utilities,Telangana,ICICI Bank,Google Pay,Android,18-25,3696,0,3,SUCCESS,0,Not fraud,
322408516249,2024-11-07 12:31:50,4390.0,Collect Request,Not applicable,Punjab,Canara Bank,Amazon Pay,Android,46-59,289,1,3,SUCCESS,1,Fake Collect Request,102.9
606062501646,2024-11-07 14:12:03,4422.76,P2P,Not applicable,Rajasthan,Axis Bank,Google Pay,Android,46-59,263,1,2,SUCCESS,0,Not fraud,
572148389285,2024-11-07 16:36:59,2940.0,P2P,Not applicable,Kerala,State Bank of India,PhonePe,Feature Phone (USSD),26-35,612,0,3,SUCCESS,0,Not fraud,
661391926404,2024-11-07 17:42:04,964.51,P2P,Not applicable,Odisha,Union Bank of India,PhonePe,Android,26-35,242,1,1,SUCCESS,0,Not fraud,
240405973374,2024-11-07 20:21:16,670.0,Autopay/Mandate,Financial Services,West Bengal,HDFC Bank,PhonePe,Android,36-45,1685,0,2,SUCCESS,0,Not fraud,
200819335084,2024-11-08 14:20:19,2092.68,P2M,Grocery & Supermarkets,Haryana,Other,PhonePe,iOS,26-35,95,0,5,SUCCESS,0,Not fraud,
532637107328,2024-11-08 14:38:43,4001.5,Bill Payment,Utilities,Odisha,State Bank of India,Google Pay,Android,18-25,299,0,3,SUCCESS,0,Not fraud,
911343387433,2024-11-08 17:39:53,6922.69,P2P,Not applicable,Jammu & Kashmir,Indian Bank,PhonePe,iOS,36-45,309,0,3,SUCCESS,0,Not fraud,
662121195756,2024-11-08 22:10:54,190.0,P2M,Others,Uttar Pradesh,State Bank of India,BHIM,Android,26-35,652,0,4,SUCCESS,0,Not fraud,
285740463485,2024-11-08 22:15:03,1800.0,P2M,Grocery & Supermarkets,Gujarat,HDFC Bank,PhonePe,Android,26-35,142,0,2,SUCCESS,0,Not fraud,
322447186710,2024-11-08 22:46:04,883.41,P2P,Not applicable,Tamil Nadu,HDFC Bank,Google Pay,iOS,36-45,566,0,5,SUCCESS,0,Not fraud,
215379029871,2024-11-09 01:39:17,1500.0,P2P,Not applicable,West Bengal,Other,Google Pay,Android,26-35,383,1,2,SUCCESS,0,Not fraud,
502141923674,2024-11-09 02:06:29,1300.0,P2M,Education,Andhra Pradesh,Other,PhonePe,Android,36-45,27,0,8,SUCCESS,0,Not fraud,
502312788215,2024-11-09 12:23:56,200.0,Autopay/Mandate,Entertainment & OTT,Telangana,Axis Bank,Google Pay,Android,18-25,2316,0,1,SUCCESS,0,Not fraud,
779187684920,2024-11-09 13:25:21,2006.07,P2M,E-commerce,Maharashtra,Axis Bank,Google Pay,iOS,26-35,68,0,4,SUCCESS,0,Not fraud,
267621979326,2024-11-09 19:45:50,410.0,P2P,Not applicable,Rajasthan,IndusInd Bank,PhonePe,Android,26-35,27,0,5,SUCCESS,0,Not fraud,
962047968297,2024-11-09 19:51:45,260.87,P2M,Entertainment & OTT,Punjab,Other,PhonePe,Android,18-25,2460,0,4,SUCCESS,0,Not fraud,
720620439632,2024-11-09 20:25:47,1500.0,Collect Request,Not applicable,Andhra Pradesh,Indian Bank,Google Pay,Android,26-35,1527,1,3,SUCCESS,0,Not fraud,
932163098580,2024-11-10 10:45:26,2600.0,P2P,Not applicable,Jammu & Kashmir,Indian Bank,Google Pay,Android,26-35,181,1,3,SUCCESS,0,Not fraud,
584223006129,2024-11-10 10:46:14,1290.0,P2M,Telecom & Recharge,Bihar,HDFC Bank,Amazon Pay,iOS,18-25,132,0,3,SUCCESS,0,Not fraud,
732510886993,2024-11-10 14:01:11,217.86,P2P,Not applicable,Telangana,Other,Google Pay,Android,26-35,1277,0,1,SUCCESS,0,Not fraud,
485347445513,2024-11-10 16:54:05,690.0,P2P,Not applicable,Madhya Pradesh,State Bank of India,BHIM,Android,46-59,1068,0,1,SUCCESS,0,Not fraud,
218185129879,2024-11-10 22:58:49,40.57,P2M,Grocery & Supermarkets,Chandigarh,State Bank of India,PhonePe,Android,26-35,111,0,4,SUCCESS,0,Not fraud,
435631142296,2024-11-11 05:02:18,1400.0,P2M,Travel & Transport,Telangana,IDFC FIRST Bank,PhonePe,Android,36-45,338,0,4,SUCCESS,0,Not fraud,
678095170825,2024-11-11 11:01:43,1100.0,P2M,Education,Uttar Pradesh,State Bank of India,PhonePe,iOS,46-59,117,0,4,SUCCESS,0,Not fraud,
618265880505,2024-11-11 13:58:08,190.0,P2M,Grocery & Supermarkets,Karnataka,Other,PhonePe,Android,18-25,266,0,3,SUCCESS,0,Not fraud,
161505451184,2024-11-11 22:34:23,500.0,Collect Request,Not applicable,Punjab,Axis Bank,PhonePe,Android,26-35,63,0,2,SUCCESS,0,Not fraud,
320966787158,2024-11-12 13:44:22,272.53,P2M,Grocery & Supermarkets,Madhya Pradesh,HDFC Bank,PhonePe,Android,46-59,1356,0,4,SUCCESS,0,Not fraud,
590501556686,2024-11-12 14:26:52,1441.45,P2P,Not applicable,Telangana,Other,PhonePe,Android,18-25,1587,1,4,SUCCESS,0,Not fraud,
444834327841,2024-11-12 17:38:03,15700.0,P2M,Education,Uttarakhand,ICICI Bank,PhonePe,Android,26-35,47,0,3,SUCCESS,0,Not fraud,
361083310357,2024-11-12 20:21:41,166.98,Autopay/Mandate,Financial Services,Uttar Pradesh,Other,Paytm,Android,26-35,1781,0,3,SUCCESS,0,Not fraud,
434901032584,2024-11-12 21:49:01,210.0,P2P,Not applicable,Andhra Pradesh,HDFC Bank,Google Pay,iOS,18-25,370,1,2,SUCCESS,0,Not fraud,
466642668434,2024-11-12 21:52:52,932.4,P2P,Not applicable,Maharashtra,Axis Bank,BHIM,Android,26-35,99,0,6,SUCCESS,0,Not fraud,
433171090680,2024-11-13 13:09:20,1570.0,P2M,Travel & Transport,Uttar Pradesh,Bank of India,Paytm,iOS,60+,1896,0,9,DEEMED,0,Not fraud,
218024645843,2024-11-13 14:45:45,5048.46,P2P,Not applicable,Maharashtra,ICICI Bank,Google Pay,Android,26-35,1950,0,6,SUCCESS,0,Not fraud,
182934356665,2024-11-13 15:46:39,9800.0,Collect Request,Not applicable,Jharkhand,HDFC Bank,PhonePe,iOS,26-35,766,0,5,SUCCESS,1,Fake Collect Request,14.4
467310000523,2024-11-14 11:32:24,5833.04,P2M,Healthcare,Maharashtra,Bank of India,PhonePe,Android,36-45,619,0,7,SUCCESS,0,Not fraud,
744922350504,2024-11-14 13:01:21,900.0,P2M,Grocery & Supermarkets,Bihar,Axis Bank,PhonePe,Android,46-59,451,0,4,SUCCESS,0,Not fraud,
763014167663,2024-11-14 14:31:53,1785.12,P2P,Not applicable,Tamil Nadu,Other,CRED,Android,36-45,243,0,4,SUCCESS,0,Not fraud,
760884296109,2024-11-14 16:02:48,1040.0,Collect Request,Not applicable,Karnataka,HDFC Bank,PhonePe,Android,46-59,1412,1,2,SUCCESS,0,Not fraud,
330087969108,2024-11-14 17:34:49,320.0,P2P,Not applicable,Maharashtra,ICICI Bank,PhonePe,Android,18-25,4267,1,5,SUCCESS,0,Not fraud,
591211383613,2024-11-14 17:36:45,900.0,P2M,Fuel,Punjab,Other,PhonePe,Android,36-45,1253,0,6,FAILED,0,Not fraud,
993955877095,2024-11-14 20:55:23,200.0,P2P,Not applicable,Madhya Pradesh,HDFC Bank,PhonePe,Android,36-45,792,0,3,SUCCESS,0,Not fraud,
870774740151,2024-11-14 23:55:06,473.78,P2P,Not applicable,Maharashtra,Indian Bank,PhonePe,iOS,46-59,279,1,1,FAILED,0,Not fraud,
648762216021,2024-11-15 08:13:57,900.0,P2M,Financial Services,Jammu & Kashmir,Punjab National Bank,Google Pay,Android,26-35,939,0,3,FAILED,0,Not fraud,
641829141855,2024-11-15 17:08:10,22888.68,P2P,Not applicable,Madhya Pradesh,State Bank of India,Google Pay,Android,26-35,1088,0,3,SUCCESS,0,Not fraud,
382210192594,2024-11-15 17:09:10,9620.0,P2P,Not applicable,Andhra Pradesh,HDFC Bank,CRED,iOS,18-25,2672,0,4,SUCCESS,0,Not fraud,
999760972145,2024-11-16 03:25:42,19130.59,Collect Request,Not applicable,Madhya Pradesh,Other,Other,Android,26-35,1468,1,3,SUCCESS,1,Fake Customer Care,39.5
509365115090,2024-11-16 04:45:33,2340.0,P2P,Not applicable,Karnataka,Indian Bank,Google Pay,iOS,26-35,338,0,2,SUCCESS,0,Not fraud,
730151892247,2024-11-16 11:42:07,20383.98,P2P,Not applicable,Maharashtra,Indian Bank,Google Pay,Android,26-35,5921,1,3,SUCCESS,1,Investment/Task Scam,22.1
509774752182,2024-11-16 22:39:11,4000.0,P2P,Not applicable,Maharashtra,Canara Bank,PhonePe,Android,36-45,682,0,4,SUCCESS,0,Not fraud,
379139815079,2024-11-17 07:57:05,1809.08,P2P,Not applicable,Rajasthan,ICICI Bank,Google Pay,Android,26-35,1818,1,5,SUCCESS,0,Not fraud,
558493815638,2024-11-17 08:19:49,900.0,P2M,Grocery & Supermarkets,Andhra Pradesh,ICICI Bank,Google Pay,Android,36-45,317,0,3,SUCCESS,0,Not fraud,
167111739724,2024-11-17 18:15:46,100.0,P2M,Telecom & Recharge,Odisha,ICICI Bank,PhonePe,Android,36-45,755,1,2,SUCCESS,0,Not fraud,
428675324213,2024-11-18 12:00:54,2160.0,Collect Request,Not applicable,West Bengal,HDFC Bank,Google Pay,Android,26-35,593,0,1,SUCCESS,0,Not fraud,
979476289667,2024-11-18 18:54:43,320.01,P2M,Grocery & Supermarkets,Telangana,Other,PhonePe,Android,18-25,387,0,4,SUCCESS,0,Not fraud,
413378301484,2024-11-19 01:57:52,380.0,P2M,Entertainment & OTT,Telangana,Other,Google Pay,Android,36-45,106,0,3,SUCCESS,0,Not fraud,
799197918976,2024-11-19 11:56:35,2605.53,P2P,Not applicable,Kerala,Other,Paytm,iOS,36-45,632,1,5,SUCCESS,0,Not fraud,
618326760686,2024-11-19 18:17:30,155.19,P2M,Fuel,Tamil Nadu,State Bank of India,Google Pay,Android,26-35,325,0,6,SUCCESS,0,Not fraud,
776568329845,2024-11-20 11:20:00,900.0,P2M,Grocery & Supermarkets,Karnataka,ICICI Bank,Google Pay,Android,26-35,1084,0,3,SUCCESS,0,Not fraud,
900728506292,2024-11-21 10:57:17,60.0,P2M,Others,Uttar Pradesh,HDFC Bank,PhonePe,Android,36-45,478,0,2,SUCCESS,0,Not fraud,
216339677141,2024-11-21 11:42:16,830.0,Bill Payment,Education,Andhra Pradesh,ICICI Bank,BHIM,Android,18-25,440,0,2,SUCCESS,0,Not fraud,
312588628179,2024-11-21 12:48:50,2187.2,P2M,Grocery & Supermarkets,Telangana,Yes Bank,Google Pay,iOS,46-59,4486,0,5,SUCCESS,0,Not fraud,
321553010275,2024-11-21 18:20:16,20.13,P2M,Food & Dining,Jammu & Kashmir,HDFC Bank,PhonePe,Android,18-25,123,0,9,SUCCESS,0,Not fraud,
149836653632,2024-11-21 18:33:54,4000.0,Collect Request,Not applicable,Chhattisgarh,State Bank of India,CRED,Android,36-45,34,0,2,FAILED,0,Not fraud,
918735579177,2024-11-21 20:58:24,1030.0,P2M,Fuel,West Bengal,HDFC Bank,PhonePe,Android,46-59,1131,0,5,SUCCESS,0,Not fraud,
712194312502,2024-11-22 11:17:43,545.56,Autopay/Mandate,Entertainment & OTT,West Bengal,HDFC Bank,PhonePe,Android,26-35,52,0,4,SUCCESS,0,Not fraud,
423603391190,2024-11-22 12:18:33,2400.0,P2P,Not applicable,Odisha,State Bank of India,PhonePe,iOS,36-45,480,0,5,SUCCESS,0,Not fraud,
549343119346,2024-11-22 15:36:30,400.0,P2M,Others,Maharashtra,Canara Bank,PhonePe,Android,26-35,567,0,2,SUCCESS,0,Not fraud,
532340529559,2024-11-22 16:27:19,2900.0,P2P,Not applicable,Maharashtra,Other,Google Pay,Android,26-35,583,1,4,SUCCESS,0,Not fraud,
275932609214,2024-11-23 00:48:36,84.77,P2M,Telecom & Recharge,Maharashtra,HDFC Bank,Google Pay,Android,36-45,713,0,2,SUCCESS,0,Not fraud,
116935714361,2024-11-23 09:00:21,180.0,P2M,Food & Dining,West Bengal,State Bank of India,PhonePe,Android,36-45,1723,0,2,SUCCESS,0,Not fraud,
897789965272,2024-11-23 14:37:57,773.42,P2M,Travel & Transport,Telangana,HDFC Bank,Google Pay,iOS,18-25,2763,0,6,SUCCESS,0,Not fraud,
746522105004,2024-11-23 20:34:44,1899.31,P2P,Not applicable,Chhattisgarh,ICICI Bank,Amazon Pay,Android,18-25,34,0,1,SUCCESS,0,Not fraud,
439551625147,2024-11-24 00:02:09,57.14,P2M,Grocery & Supermarkets,Tamil Nadu,ICICI Bank,PhonePe,iOS,26-35,1103,1,3,SUCCESS,0,Not fraud,
245130445846,2024-11-24 06:16:40,298.49,Bill Payment,Utilities,Maharashtra,Union Bank of India,PhonePe,Android,46-59,381,0,1,SUCCESS,0,Not fraud,
329914966111,2024-11-24 19:29:25,271.13,P2M,Others,Haryana,State Bank of India,Other,Android,26-35,251,0,3,SUCCESS,0,Not fraud,
434326310120,2024-11-25 09:06:33,590.0,P2M,Grocery & Supermarkets,Punjab,ICICI Bank,Google Pay,Android,18-25,110,0,4,SUCCESS,0,Not fraud,
774037296280,2024-11-25 11:48:29,746.52,P2M,Grocery & Supermarkets,Gujarat,HDFC Bank,Google Pay,Android,26-35,3075,0,3,SUCCESS,0,Not fraud,
927936434839,2024-11-25 13:39:28,53.18,Autopay/Mandate,Education,Madhya Pradesh,Axis Bank,Google Pay,Android,26-35,2525,0,5,SUCCESS,0,Not fraud,
316965087940,2024-11-25 16:51:04,774.23,Collect Request,Not applicable,Andhra Pradesh,Bank of India,Other,Android,26-35,4184,1,4,SUCCESS,0,Not fraud,
451432600488,2024-11-25 17:27:05,780.0,P2M,Financial Services,Odisha,Punjab National Bank,BHIM,Android,46-59,1750,0,2,SUCCESS,0,Not fraud,
243115999694,2024-11-25 21:43:37,170.25,P2P,Not applicable,Maharashtra,Other,Amazon Pay,Android,26-35,675,1,4,SUCCESS,0,Not fraud,
812241719958,2024-11-26 11:34:08,363.95,P2M,Food & Dining,Bihar,Other,Google Pay,Android,36-45,3203,0,1,SUCCESS,0,Not fraud,
713358473428,2024-11-26 15:48:02,270.8,P2M,E-commerce,Chhattisgarh,State Bank of India,Google Pay,Android,60+,640,0,3,SUCCESS,0,Not fraud,
806908284139,2024-11-26 17:41:33,1140.0,P2P,Not applicable,Haryana,Axis Bank,Google Pay,Android,26-35,922,0,4,SUCCESS,0,Not fraud,
313045211187,2024-11-27 06:12:01,130.0,P2M,Others,Jammu & Kashmir,Punjab National Bank,PhonePe,Android,18-25,3972,0,4,SUCCESS,0,Not fraud,
498485471953,2024-11-27 13:51:12,3100.0,P2P,Not applicable,Madhya Pradesh,ICICI Bank,PhonePe,Android,36-45,497,1,2,SUCCESS,0,Not fraud,
974687802551,2024-11-27 17:10:08,80.0,Autopay/Mandate,Utilities,Karnataka,Axis Bank,PhonePe,Android,18-25,2111,0,1,FAILED,0,Not fraud,
341248167735,2024-11-27 19:23:34,2447.19,P2M,Telecom & Recharge,Maharashtra,HDFC Bank,Google Pay,Android,46-59,257,0,5,SUCCESS,0,Not fraud,
505580140024,2024-11-27 20:25:29,130.0,P2M,Telecom & Recharge,Delhi,ICICI Bank,PhonePe,Android,26-35,511,0,1,SUCCESS,0,Not fraud,
525899098197,2024-11-27 21:09:19,813.37,P2M,Grocery & Supermarkets,Punjab,State Bank of India,PhonePe,Android,46-59,292,0,3,SUCCESS,0,Not fraud,
745932317319,2024-11-28 14:12:34,800.0,P2M,Food & Dining,Delhi,Other,Google Pay,Android,36-45,1372,0,7,SUCCESS,0,Not fraud,
216656137249,2024-11-28 17:26:02,1000.0,P2M,Healthcare,Telangana,Axis Bank,Google Pay,iOS,26-35,2029,0,6,SUCCESS,0,Not fraud,
580295988024,2024-11-29 13:24:28,1100.0,Collect Request,Not applicable,Chhattisgarh,Union Bank of India,Google Pay,Android,26-35,931,1,2,SUCCESS,0,Not fraud,
471536615498,2024-11-30 00:25:30,851.72,P2P,Not applicable,Telangana,Axis Bank,Paytm,Android,26-35,1087,0,1,SUCCESS,0,Not fraud,
378175149391,2024-11-30 14:36:21,225.99,P2P,Not applicable,Bihar,State Bank of India,PhonePe,Android,46-59,3259,1,2,SUCCESS,0,Not fraud,
909058111025,2024-11-30 17:34:42,900.0,P2M,Healthcare,Uttar Pradesh,Other,PhonePe,Android,26-35,1623,0,7,SUCCESS,0,Not fraud,
529824322676,2024-11-30 19:07:16,686.01,P2M,Grocery & Supermarkets,Maharashtra,HDFC Bank,Google Pay,Android,26-35,1144,0,6,SUCCESS,0,Not fraud,
867472759685,2024-11-30 21:36:52,320.0,P2M,Food & Dining,Maharashtra,Other,Google Pay,Android,26-35,3351,0,6,SUCCESS,0,Not fraud,
630058104448,2024-12-01 08:14:04,900.0,Bill Payment,Utilities,Bihar,Axis Bank,PhonePe,Android,36-45,2932,0,2,SUCCESS,0,Not fraud,
632026650143,2024-12-01 14:53:30,668.62,P2M,Fuel,Haryana,State Bank of India,PhonePe,Feature Phone (USSD),26-35,302,0,7,SUCCESS,0,Not fraud,
534874293952,2024-12-01 17:15:34,300.0,Autopay/Mandate,Entertainment & OTT,Tamil Nadu,IDFC FIRST Bank,PhonePe,iOS,26-35,231,0,3,SUCCESS,0,Not fraud,
463423449830,2024-12-01 17:39:30,390.65,Collect Request,Not applicable,Maharashtra,Indian Bank,Other,iOS,46-59,877,1,1,SUCCESS,0,Not fraud,
432087790927,2024-12-02 03:45:16,820.0,P2M,Grocery & Supermarkets,Telangana,State Bank of India,PhonePe,iOS,18-25,467,0,4,SUCCESS,0,Not fraud,
128728085216,2024-12-02 07:15:32,738.91,Autopay/Mandate,Telecom & Recharge,Uttar Pradesh,State Bank of India,PhonePe,Android,18-25,689,1,2,SUCCESS,0,Not fraud,
816463090007,2024-12-02 09:42:34,180.0,P2P,Not applicable,Delhi,HDFC Bank,PhonePe,Android,18-25,1486,0,3,SUCCESS,0,Not fraud,
412920146259,2024-12-02 10:25:58,90.0,Collect Request,Not applicable,Telangana,Other,PhonePe,Android,26-35,1119,1,1,SUCCESS,0,Not fraud,
479011069734,2024-12-02 11:13:33,94.08,P2M,Healthcare,Haryana,State Bank of India,Paytm,Android,26-35,625,0,3,SUCCESS,0,Not fraud,
395997002242,2024-12-02 12:20:04,220.0,P2M,Food & Dining,Maharashtra,Bank of India,PhonePe,Android,26-35,306,0,5,SUCCESS,0,Not fraud,
754739445763,2024-12-02 15:22:57,898.45,P2M,E-commerce,Madhya Pradesh,Bank of India,Other,Android,36-45,1964,0,4,SUCCESS,0,Not fraud,
321760141389,2024-12-02 15:31:41,1102.27,P2P,Not applicable,Madhya Pradesh,Axis Bank,Google Pay,Android,26-35,293,0,1,SUCCESS,0,Not fraud,
101052206522,2024-12-02 17:12:43,60.0,P2M,Entertainment & OTT,Tamil Nadu,Kotak Mahindra Bank,PhonePe,Android,26-35,117,0,4,SUCCESS,0,Not fraud,
776307279877,2024-12-02 17:46:15,2845.95,P2P,Not applicable,Madhya Pradesh,Other,Google Pay,Android,18-25,482,0,3,SUCCESS,0,Not fraud,
722302153772,2024-12-02 20:48:41,610.0,P2M,Others,Chhattisgarh,Yes Bank,Google Pay,Android,46-59,1000,0,8,SUCCESS,0,Not fraud,
322467030062,2024-12-02 21:37:20,990.0,P2M,Healthcare,Maharashtra,State Bank of India,PhonePe,Android,26-35,1344,0,3,SUCCESS,0,Not fraud,
131215881830,2024-12-03 08:07:21,275.4,P2M,E-commerce,Himachal Pradesh,IDFC FIRST Bank,Other,Android,36-45,537,0,4,SUCCESS,0,Not fraud,
693634660836,2024-12-03 11:57:30,1254.8,P2P,Not applicable,Jharkhand,Punjab National Bank,PhonePe,Android,36-45,301,0,2,SUCCESS,0,Not fraud,
928585919338,2024-12-03 13:17:54,2821.74,Bill Payment,Utilities,Uttar Pradesh,Kotak Mahindra Bank,Google Pay,Android,36-45,134,0,3,SUCCESS,0,Not fraud,
723159725051,2024-12-03 17:20:58,159.0,P2M,Entertainment & OTT,Tamil Nadu,Canara Bank,PhonePe,Android,26-35,1045,1,3,FAILED,0,Not fraud,
794285309652,2024-12-03 18:19:56,1860.0,Bill Payment,Telecom & Recharge,Bihar,ICICI Bank,Paytm,iOS,18-25,54,0,3,SUCCESS,0,Not fraud,
582998268087,2024-12-03 22:15:12,541.96,P2M,Entertainment & OTT,Haryana,Union Bank of India,CRED,Android,26-35,1198,0,4,SUCCESS,0,Not fraud,
907309863611,2024-12-04 13:48:50,436.88,P2P,Not applicable,Uttar Pradesh,State Bank of India,PhonePe,iOS,26-35,1239,0,3,SUCCESS,0,Not fraud,
974238823687,2024-12-04 16:15:51,4015.18,Bill Payment,Utilities,Kerala,Union Bank of India,PhonePe,Android,36-45,197,0,4,SUCCESS,0,Not fraud,
913567425849,2024-12-04 21:39:59,2871.02,P2P,Not applicable,Uttar Pradesh,Punjab National Bank,PhonePe,Android,26-35,157,1,1,SUCCESS,0,Not fraud,
280159676746,2024-12-04 22:22:34,400.0,P2M,Travel & Transport,Kerala,State Bank of India,PhonePe,Android,36-45,4358,0,4,SUCCESS,0,Not fraud,
887249408261,2024-12-05 10:17:14,1400.0,P2M,E-commerce,Karnataka,ICICI Bank,PhonePe,Android,36-45,1157,0,3,SUCCESS,0,Not fraud,
847184203172,2024-12-05 11:30:22,500.0,P2M,Grocery & Supermarkets,Bihar,State Bank of India,PhonePe,Android,36-45,615,1,6,SUCCESS,0,Not fraud,
139417640073,2024-12-06 00:42:12,9320.0,P2M,Grocery & Supermarkets,Jharkhand,Bank of Baroda,Google Pay,Android,26-35,818,1,5,SUCCESS,1,Merchant Impersonation,63.2
513709276773,2024-12-06 14:13:28,125.87,P2M,Grocery & Supermarkets,Gujarat,Other,Other,iOS,18-25,871,0,3,SUCCESS,0,Not fraud,
950695488673,2024-12-06 15:55:06,500.0,P2P,Not applicable,Haryana,State Bank of India,Google Pay,Android,46-59,191,0,2,SUCCESS,0,Not fraud,
474801227473,2024-12-06 20:01:11,272.88,P2M,Utilities,Tamil Nadu,ICICI Bank,Google Pay,Android,18-25,287,0,4,SUCCESS,0,Not fraud,
158939925468,2024-12-06 21:23:49,22430.0,P2M,Education,Karnataka,Other,PhonePe,Feature Phone (USSD),18-25,294,0,2,SUCCESS,0,Not fraud,
275036266206,2024-12-07 11:08:16,1500.0,P2M,Grocery & Supermarkets,Rajasthan,Indian Bank,Google Pay,Android,26-35,194,0,2,SUCCESS,0,Not fraud,
499834070472,2024-12-07 13:58:22,600.0,Collect Request,Not applicable,Tamil Nadu,State Bank of India,PhonePe,Android,26-35,292,1,4,SUCCESS,0,Not fraud,
819659257109,2024-12-07 16:01:03,300.0,P2M,Telecom & Recharge,Telangana,Other,Google Pay,iOS,26-35,125,0,4,SUCCESS,0,Not fraud,
585148247323,2024-12-08 14:38:50,1760.0,Bill Payment,Telecom & Recharge,Jharkhand,Other,PhonePe,Android,26-35,1287,0,4,SUCCESS,0,Not fraud,
663014463578,2024-12-08 20:11:38,3315.31,P2M,Others,Uttar Pradesh,Other,Google Pay,iOS,26-35,618,0,8,SUCCESS,1,Phishing/Vishing,21.2
601102878443,2024-12-08 20:25:22,5090.0,P2M,Grocery & Supermarkets,Andhra Pradesh,State Bank of India,BHIM,Android,26-35,2696,0,4,SUCCESS,0,Not fraud,
343580604817,2024-12-09 07:16:44,140.0,P2M,Telecom & Recharge,Telangana,Axis Bank,Google Pay,iOS,36-45,722,1,2,SUCCESS,0,Not fraud,
334540232039,2024-12-09 09:23:14,340.0,P2M,E-commerce,Madhya Pradesh,HDFC Bank,PhonePe,Android,36-45,3238,1,5,SUCCESS,0,Not fraud,
114969103230,2024-12-09 11:22:43,2162.03,P2P,Not applicable,Odisha,IDFC FIRST Bank,PhonePe,Android,36-45,228,0,1,SUCCESS,0,Not fraud,
186890498122,2024-12-10 15:03:06,4200.0,P2P,Not applicable,Tamil Nadu,State Bank of India,Google Pay,Android,18-25,116,0,5,SUCCESS,0,Not fraud,
658838483052,2024-12-10 19:47:52,160.0,P2P,Not applicable,Rajasthan,Other,Google Pay,Android,46-59,160,1,2,SUCCESS,0,Not fraud,
610703872901,2024-12-10 20:34:21,770.0,P2P,Not applicable,Tamil Nadu,ICICI Bank,Paytm,Android,26-35,857,1,6,SUCCESS,0,Not fraud,
756581434080,2024-12-11 17:15:04,1300.0,P2P,Not applicable,Bihar,ICICI Bank,Paytm,Android,26-35,170,0,4,SUCCESS,0,Not fraud,
635322359307,2024-12-11 20:00:32,3479.83,Bill Payment,Utilities,Assam,ICICI Bank,Google Pay,Android,36-45,1175,0,2,SUCCESS,0,Not fraud,
632526637093,2024-12-11 21:50:55,7305.82,P2P,Not applicable,Chandigarh,Axis Bank,Google Pay,Android,46-59,434,0,1,SUCCESS,0,Not fraud,
383392059751,2024-12-12 08:16:58,356.16,P2M,Travel & Transport,Punjab,Axis Bank,Paytm,Android,26-35,1173,0,3,SUCCESS,0,Not fraud,
743372621204,2024-12-12 10:34:52,150.0,P2M,Others,Karnataka,HDFC Bank,Paytm,Android,26-35,521,0,2,SUCCESS,0,Not fraud,
998260048224,2024-12-12 12:14:09,911.54,P2M,Food & Dining,Delhi,State Bank of India,Google Pay,Android,36-45,60,0,5,SUCCESS,0,Not fraud,
809249072124,2024-12-12 13:59:28,220.0,P2M,Entertainment & OTT,Delhi,Axis Bank,PhonePe,iOS,26-35,1648,0,4,FAILED,0,Not fraud,
984394190749,2024-12-12 20:59:25,600.0,Bill Payment,Telecom & Recharge,Rajasthan,Canara Bank,Google Pay,iOS,18-25,326,0,1,SUCCESS,0,Not fraud,
235061084222,2024-12-13 19:55:29,3971.88,P2P,Not applicable,Punjab,IDFC FIRST Bank,PhonePe,Android,36-45,3087,1,4,SUCCESS,0,Not fraud,
993473383936,2024-12-14 07:29:00,80.0,P2M,Others,Rajasthan,Kotak Mahindra Bank,Google Pay,iOS,26-35,1398,0,3,SUCCESS,0,Not fraud,
239762215856,2024-12-14 07:55:40,600.0,P2M,Food & Dining,Uttar Pradesh,HDFC Bank,PhonePe,Android,18-25,630,1,8,SUCCESS,0,Not fraud,
789645033977,2024-12-14 11:04:15,746.53,P2P,Not applicable,Bihar,Bank of Baroda,PhonePe,Android,18-25,1711,0,5,SUCCESS,0,Not fraud,
891239803839,2024-12-14 17:04:53,5000.0,Bill Payment,Utilities,Kerala,Other,PhonePe,Android,36-45,542,0,3,SUCCESS,0,Not fraud,
733331907084,2024-12-14 20:29:37,6121.81,P2M,Telecom & Recharge,Delhi,Canara Bank,PhonePe,Android,46-59,4022,0,6,SUCCESS,1,Merchant Impersonation,11.9
179042061814,2024-12-14 21:47:34,6599.05,P2P,Not applicable,West Bengal,State Bank of India,Google Pay,Android,36-45,1386,0,1,SUCCESS,0,Not fraud,
100313770522,2024-12-15 08:58:04,124.51,P2M,Telecom & Recharge,Uttar Pradesh,Bank of India,PhonePe,Android,18-25,1582,1,4,SUCCESS,0,Not fraud,
948497585659,2024-12-15 13:22:04,820.0,Autopay/Mandate,Utilities,Jharkhand,State Bank of India,PhonePe,Android,26-35,521,0,2,FAILED,0,Not fraud,
183433298493,2024-12-15 13:53:39,1500.0,P2P,Not applicable,Karnataka,State Bank of India,PhonePe,Android,46-59,816,0,2,SUCCESS,0,Not fraud,
170266707091,2024-12-15 20:04:03,710.0,Bill Payment,Telecom & Recharge,Karnataka,Other,Google Pay,iOS,26-35,6000,0,3,SUCCESS,0,Not fraud,
610616039720,2024-12-17 09:30:34,1065.28,Bill Payment,Utilities,Maharashtra,ICICI Bank,PhonePe,Android,36-45,1784,0,3,SUCCESS,0,Not fraud,
360715424299,2024-12-17 12:38:24,70.0,P2M,Grocery & Supermarkets,Jammu & Kashmir,HDFC Bank,CRED,Android,26-35,1401,0,6,SUCCESS,0,Not fraud,
241610227498,2024-12-17 23:07:59,150.0,P2M,Entertainment & OTT,Assam,Yes Bank,Google Pay,Android,18-25,486,0,2,SUCCESS,0,Not fraud,
168142106601,2024-12-18 06:41:12,100.0,P2P,Not applicable,Bihar,Other,Google Pay,Android,26-35,255,0,2,SUCCESS,0,Not fraud,
504592063105,2024-12-18 08:21:56,100.0,P2M,Others,Rajasthan,State Bank of India,PhonePe,Android,46-59,346,0,6,SUCCESS,0,Not fraud,
961097258673,2024-12-18 10:05:09,1210.0,P2M,Entertainment & OTT,Maharashtra,Bank of Baroda,PhonePe,Android,36-45,127,1,2,SUCCESS,0,Not fraud,
830136961486,2024-12-18 11:17:19,1830.0,P2M,E-commerce,Maharashtra,State Bank of India,PhonePe,Android,18-25,4000,0,3,SUCCESS,0,Not fraud,
512848083709,2024-12-18 19:51:10,172.57,P2M,Entertainment & OTT,Rajasthan,State Bank of India,Google Pay,Android,46-59,811,0,3,SUCCESS,0,Not fraud,
807729253193,2024-12-19 10:20:13,6810.0,Collect Request,Not applicable,Punjab,State Bank of India,PhonePe,Android,46-59,1397,1,2,SUCCESS,1,Fake Customer Care,1.5
921599063948,2024-12-19 11:21:42,293.02,P2P,Not applicable,Gujarat,Other,Google Pay,Android,18-25,181,0,3,SUCCESS,0,Not fraud,
303865724957,2024-12-19 12:43:14,1788.25,Autopay/Mandate,Financial Services,Gujarat,Bank of Baroda,PhonePe,iOS,46-59,6000,0,2,SUCCESS,0,Not fraud,
333324090262,2024-12-19 13:33:53,480.0,P2M,Grocery & Supermarkets,Rajasthan,HDFC Bank,Google Pay,Android,26-35,463,0,6,SUCCESS,0,Not fraud,
289049174147,2024-12-20 11:23:38,370.0,P2M,Travel & Transport,Haryana,Union Bank of India,Google Pay,Feature Phone (USSD),18-25,832,1,6,SUCCESS,0,Not fraud,
829798721443,2024-12-20 13:53:36,60.0,P2M,Food & Dining,Telangana,Other,Google Pay,Android,26-35,2278,0,5,SUCCESS,0,Not fraud,
803129983305,2024-12-20 15:04:09,420.27,P2M,Food & Dining,Himachal Pradesh,Other,PhonePe,iOS,26-35,56,0,2,SUCCESS,0,Not fraud,
990460799509,2024-12-20 15:19:46,389.83,P2M,Food & Dining,Rajasthan,State Bank of India,PhonePe,Android,26-35,538,0,6,SUCCESS,0,Not fraud,
364460897079,2024-12-20 19:18:59,900.0,P2M,Grocery & Supermarkets,Gujarat,HDFC Bank,Google Pay,iOS,36-45,460,0,7,SUCCESS,0,Not fraud,
434817475044,2024-12-20 20:27:35,400.0,P2M,Healthcare,Rajasthan,Axis Bank,Paytm,Android,36-45,733,1,4,SUCCESS,0,Not fraud,
179910417424,2024-12-21 09:20:08,1283.33,Collect Request,Not applicable,Madhya Pradesh,State Bank of India,PhonePe,Android,36-45,438,1,3,DEEMED,0,Not fraud,
522665074470,2024-12-21 10:09:15,1158.89,P2P,Not applicable,Maharashtra,Kotak Mahindra Bank,Google Pay,Android,18-25,212,0,3,SUCCESS,0,Not fraud,
169698758606,2024-12-21 22:10:04,730.0,P2M,Grocery & Supermarkets,Karnataka,Bank of India,PhonePe,Android,26-35,340,0,4,FAILED,0,Not fraud,
757400879276,2024-12-22 16:47:35,142.65,P2P,Not applicable,Chhattisgarh,State Bank of India,PhonePe,Android,46-59,2375,1,5,SUCCESS,0,Not fraud,
671635576365,2024-12-22 18:14:04,1450.0,Collect Request,Not applicable,Bihar,HDFC Bank,CRED,Android,26-35,797,1,3,SUCCESS,0,Not fraud,
336274127151,2024-12-22 19:27:26,500.0,P2M,Financial Services,Tamil Nadu,Axis Bank,PhonePe,Android,26-35,116,0,3,SUCCESS,0,Not fraud,
667007703311,2024-12-23 15:47:38,5165.43,Bill Payment,Utilities,Tamil Nadu,IndusInd Bank,Google Pay,Android,18-25,384,0,1,SUCCESS,0,Not fraud,
584494302554,2024-12-23 18:58:22,960.0,Autopay/Mandate,Financial Services,Bihar,Other,PhonePe,Android,60+,409,1,3,SUCCESS,0,Not fraud,
151396047909,2024-12-23 19:24:08,1300.0,P2P,Not applicable,Kerala,State Bank of India,PhonePe,Android,26-35,588,0,2,SUCCESS,0,Not fraud,
636635149116,2024-12-24 13:00:49,19613.2,Collect Request,Not applicable,Karnataka,Yes Bank,PhonePe,Android,26-35,819,1,3,SUCCESS,1,Phishing/Vishing,68.1
779993092341,2024-12-24 18:53:55,416.95,P2M,Fuel,Telangana,Bank of Baroda,PhonePe,iOS,36-45,253,0,2,SUCCESS,0,Not fraud,
655597943547,2024-12-24 20:17:41,685.08,P2P,Not applicable,West Bengal,Bank of Baroda,Google Pay,Android,36-45,1239,0,5,SUCCESS,0,Not fraud,
580735758710,2024-12-24 23:41:33,2093.92,Collect Request,Not applicable,Jharkhand,Other,Google Pay,Android,60+,209,1,4,SUCCESS,1,Fake Collect Request,20.8
121777643695,2024-12-25 11:54:18,2857.55,Autopay/Mandate,Entertainment & OTT,Gujarat,Punjab National Bank,Other,Android,26-35,1217,0,2,SUCCESS,0,Not fraud,
458054585682,2024-12-25 16:45:48,654.67,P2P,Not applicable,Maharashtra,State Bank of India,PhonePe,Android,18-25,1260,0,3,SUCCESS,0,Not fraud,
640800666098,2024-12-25 20:30:52,885.88,Collect Request,Not applicable,Gujarat,ICICI Bank,PhonePe,Android,36-45,2023,1,5,SUCCESS,0,Not fraud,
729226668762,2024-12-26 11:46:26,200.0,P2P,Not applicable,Maharashtra,ICICI Bank,Google Pay,Android,26-35,5067,0,2,SUCCESS,0,Not fraud,
414055518863,2024-12-26 15:31:19,78.95,P2P,Not applicable,Andhra Pradesh,Other,BHIM,iOS,36-45,865,0,1,SUCCESS,0,Not fraud,
417698702266,2024-12-26 15:45:44,2530.0,P2M,Fuel,Maharashtra,Other,Google Pay,Android,36-45,1750,0,3,SUCCESS,0,Not fraud,
916891459993,2024-12-27 19:27:18,600.0,P2P,Not applicable,Gujarat,Canara Bank,Google Pay,Android,46-59,662,0,5,SUCCESS,0,Not fraud,
986597348498,2024-12-27 21:33:52,708.79,P2P,Not applicable,Uttar Pradesh,Axis Bank,PhonePe,Feature Phone (USSD),36-45,132,0,3,SUCCESS,0,Not fraud,
439545704838,2024-12-27 23:00:09,2000.0,P2M,E-commerce,Maharashtra,HDFC Bank,Google Pay,Android,26-35,822,0,3,SUCCESS,0,Not fraud,
715760947953,2024-12-27 23:29:21,360.0,P2P,Not applicable,Andhra Pradesh,HDFC Bank,CRED,Android,26-35,114,0,3,SUCCESS,0,Not fraud,
858609914032,2024-12-28 16:40:37,290.0,P2P,Not applicable,Telangana,Union Bank of India,Google Pay,Android,18-25,1081,1,1,SUCCESS,0,Not fraud,
368636525763,2024-12-28 16:44:50,47140.0,P2P,Not applicable,Himachal Pradesh,State Bank of India,PhonePe,Android,36-45,2070,0,1,SUCCESS,1,SIM Swap/Account Takeover,10.5
303762409527,2024-12-28 17:10:51,340.0,P2M,Food & Dining,Karnataka,Axis Bank,PhonePe,Android,36-45,318,0,6,SUCCESS,0,Not fraud,
615890143279,2024-12-28 20:31:27,54425.16,P2P,Not applicable,Uttar Pradesh,Punjab National Bank,Google Pay,Android,46-59,1363,0,2,SUCCESS,1,SIM Swap/Account Takeover,17.1
856167604965,2024-12-29 09:58:17,3100.0,P2P,Not applicable,Bihar,ICICI Bank,Google Pay,iOS,36-45,822,1,2,SUCCESS,0,Not fraud,
805873684369,2024-12-29 14:41:48,3909.49,P2M,E-commerce,Andhra Pradesh,Canara Bank,Other,Android,18-25,787,0,3,SUCCESS,0,Not fraud,
214982183567,2024-12-29 17:40:16,1012.07,P2M,Grocery & Supermarkets,Bihar,Axis Bank,Google Pay,Android,18-25,187,0,4,SUCCESS,0,Not fraud,
822719227302,2024-12-29 20:05:38,378.08,P2M,E-commerce,Tamil Nadu,Union Bank of India,PhonePe,Android,26-35,2713,1,3,SUCCESS,0,Not fraud,
772053917627,2024-12-30 10:46:47,1640.0,Bill Payment,Telecom & Recharge,West Bengal,Punjab National Bank,Google Pay,Android,26-35,540,0,2,SUCCESS,0,Not fraud,
536159980611,2024-12-30 11:18:45,648.53,P2M,Others,Uttar Pradesh,State Bank of India,Google Pay,Android,18-25,170,1,3,SUCCESS,0,Not fraud,
365878403194,2024-12-30 12:27:35,5903.53,Collect Request,Not applicable,Maharashtra,Indian Bank,Amazon Pay,Android,46-59,672,1,2,SUCCESS,0,Not fraud,
563819581619,2024-12-30 13:31:32,209.38,P2M,E-commerce,Uttar Pradesh,ICICI Bank,PhonePe,Android,36-45,244,0,5,SUCCESS,0,Not fraud,
799758286657,2024-12-30 15:46:38,600.0,P2M,Grocery & Supermarkets,Chandigarh,Union Bank of India,Google Pay,Android,36-45,1911,0,4,SUCCESS,0,Not fraud,
464837636889,2024-12-30 16:30:04,300.0,P2P,Not applicable,Maharashtra,State Bank of India,Google Pay,iOS,26-35,1509,1,4,SUCCESS,0,Not fraud,
238985073620,2024-12-30 18:47:41,123.95,P2M,Grocery & Supermarkets,Madhya Pradesh,HDFC Bank,Paytm,Android,26-35,88,0,5,FAILED,0,Not fraud,
566808310679,2024-12-30 20:28:17,100.0,Bill Payment,Utilities,Uttar Pradesh,State Bank of India,PhonePe,Android,46-59,454,1,3,SUCCESS,0,Not fraud,
632864030169,2024-12-30 22:32:45,768.73,P2M,Travel & Transport,Andhra Pradesh,ICICI Bank,PhonePe,Android,18-25,468,0,4,SUCCESS,0,Not fraud,
656451554121,2024-12-31 00:45:21,150.0,P2M,Telecom & Recharge,Telangana,HDFC Bank,Other,iOS,18-25,99,0,4,SUCCESS,0,Not fraud,
233294214450,2024-12-31 10:34:46,754.0,P2M,Food & Dining,Gujarat,HDFC Bank,PhonePe,iOS,26-35,4940,0,4,SUCCESS,0,Not fraud,
353156330151,2024-12-31 11:31:14,630.0,P2P,Not applicable,Karnataka,Union Bank of India,PhonePe,iOS,26-35,129,0,3,SUCCESS,0,Not fraud,
303157684547,2024-12-31 12:37:21,160.0,P2M,E-commerce,Tamil Nadu,HDFC Bank,PhonePe,iOS,26-35,433,0,4,SUCCESS,0,Not fraud,
689324018967,2024-12-31 15:09:30,1070.0,P2P,Not applicable,Bihar,HDFC Bank,Google Pay,iOS,18-25,398,0,3,SUCCESS,0,Not fraud,
988478239442,2024-12-31 17:58:14,1077.06,P2M,Others,Kerala,Axis Bank,Google Pay,Android,60+,124,0,4,SUCCESS,0,Not fraud,
199724221103,2024-12-31 18:46:28,490.0,P2M,Grocery & Supermarkets,Andhra Pradesh,HDFC Bank,Paytm,Android,46-59,1559,0,6,SUCCESS,0,Not fraud,
161608330022,2024-12-31 23:28:35,290.0,P2M,Others,Telangana,Other,Paytm,Android,18-25,2126,0,6,FAILED,0,Not fraud,
744100181623,2025-01-01 01:44:28,568.41,P2P,Not applicable,Bihar,Other,Google Pay,Android,46-59,553,1,1,SUCCESS,0,Not fraud,
637041013463,2025-01-01 14:36:45,849.59,Collect Request,Not applicable,Uttar Pradesh,IDFC FIRST Bank,Google Pay,Android,46-59,1191,1,6,SUCCESS,0,Not fraud,
319927522515,2025-01-01 16:09:43,90.0,P2M,Healthcare,Telangana,Other,Google Pay,Android,18-25,2390,0,3,SUCCESS,0,Not fraud,
960261225276,2025-01-01 16:42:10,500.0,P2M,Education,Rajasthan,State Bank of India,PhonePe,iOS,26-35,2362,0,3,SUCCESS,0,Not fraud,
543051332204,2025-01-01 16:48:02,250.6,P2P,Not applicable,Karnataka,Bank of India,Paytm,Android,26-35,221,0,2,SUCCESS,0,Not fraud,
320845940409,2025-01-01 20:36:33,65.12,P2M,Grocery & Supermarkets,Maharashtra,Other,PhonePe,Android,26-35,1121,1,5,SUCCESS,0,Not fraud,
121042192000,2025-01-01 22:45:39,17790.0,P2P,Not applicable,Maharashtra,Other,Google Pay,Android,36-45,55,0,2,SUCCESS,1,Fake Customer Care,5.3
140809707182,2025-01-01 23:03:17,152.88,P2M,Food & Dining,Himachal Pradesh,IndusInd Bank,PhonePe,Android,26-35,267,0,4,SUCCESS,0,Not fraud,
154861943630,2025-01-02 03:33:19,200.0,P2M,Food & Dining,Karnataka,State Bank of India,PhonePe,Android,26-35,1049,0,4,SUCCESS,0,Not fraud,
618331682988,2025-01-02 09:07:35,4938.34,P2M,Travel & Transport,Maharashtra,HDFC Bank,PhonePe,Android,18-25,377,0,2,SUCCESS,0,Not fraud,
742576110445,2025-01-02 22:19:43,380.0,Bill Payment,Financial Services,Gujarat,Bank of India,Google Pay,Android,18-25,344,0,2,SUCCESS,0,Not fraud,
738154496121,2025-01-02 23:19:11,150.0,P2M,Food & Dining,Andhra Pradesh,State Bank of India,Google Pay,Android,18-25,262,0,4,SUCCESS,0,Not fraud,
784917483832,2025-01-03 10:36:35,60.27,P2P,Not applicable,Maharashtra,Bank of Baroda,PhonePe,Android,18-25,91,0,2,SUCCESS,0,Not fraud,
448159000221,2025-01-03 20:35:24,421.57,P2P,Not applicable,Andhra Pradesh,Punjab National Bank,Google Pay,iOS,36-45,1355,0,2,SUCCESS,0,Not fraud,
986945307557,2025-01-04 16:39:01,600.0,P2M,Education,Tamil Nadu,State Bank of India,CRED,Android,36-45,88,0,3,SUCCESS,0,Not fraud,
420390001867,2025-01-04 19:36:51,3240.0,P2P,Not applicable,Karnataka,Axis Bank,Paytm,Android,18-25,131,1,3,SUCCESS,0,Not fraud,
179279895545,2025-01-05 09:15:10,693.93,P2P,Not applicable,Maharashtra,Indian Bank,PhonePe,Android,18-25,368,0,5,SUCCESS,0,Not fraud,
707421684554,2025-01-05 12:30:11,890.0,P2M,Food & Dining,Maharashtra,IDFC FIRST Bank,Google Pay,Feature Phone (USSD),26-35,335,0,5,SUCCESS,0,Not fraud,
224446167893,2025-01-06 10:04:38,120.0,P2M,Fuel,Delhi,HDFC Bank,Google Pay,Android,60+,148,0,3,SUCCESS,0,Not fraud,
486791263037,2025-01-06 12:19:42,900.0,P2P,Not applicable,Himachal Pradesh,ICICI Bank,PhonePe,Android,46-59,549,0,2,SUCCESS,0,Not fraud,
219222017144,2025-01-06 16:56:03,17913.12,P2P,Not applicable,Rajasthan,Other,PhonePe,Android,26-35,364,0,2,SUCCESS,1,SIM Swap/Account Takeover,15.1
842304622335,2025-01-06 22:35:03,4161.01,P2P,Not applicable,Telangana,State Bank of India,PhonePe,Android,18-25,424,1,6,SUCCESS,1,Phishing/Vishing,9.5
380155355030,2025-01-07 00:36:42,684.28,P2P,Not applicable,Andhra Pradesh,HDFC Bank,PhonePe,Android,26-35,1206,1,4,SUCCESS,0,Not fraud,
560867106677,2025-01-07 01:12:42,611.49,P2M,Fuel,Andhra Pradesh,IndusInd Bank,Google Pay,Android,36-45,854,0,4,SUCCESS,0,Not fraud,
128297354262,2025-01-07 08:11:55,1084.62,P2M,Grocery & Supermarkets,Uttar Pradesh,State Bank of India,PhonePe,Android,36-45,276,0,3,SUCCESS,0,Not fraud,
198261559833,2025-01-07 09:30:52,2520.0,P2P,Not applicable,Andhra Pradesh,Other,PhonePe,Android,26-35,4414,0,1,SUCCESS,0,Not fraud,
195039778750,2025-01-07 12:39:02,2680.0,P2M,Food & Dining,Karnataka,Kotak Mahindra Bank,Google Pay,Android,26-35,1201,0,6,SUCCESS,0,Not fraud,
588454707987,2025-01-07 12:51:27,800.0,P2M,Food & Dining,Karnataka,State Bank of India,PhonePe,Android,26-35,390,0,5,SUCCESS,0,Not fraud,
611870339882,2025-01-07 13:33:16,140.0,Collect Request,Not applicable,Assam,Axis Bank,PhonePe,Android,26-35,585,1,2,FAILED,0,Not fraud,
873206764114,2025-01-07 14:14:03,929.65,Bill Payment,Financial Services,Gujarat,ICICI Bank,PhonePe,Android,26-35,3465,0,4,SUCCESS,0,Not fraud,
391878304688,2025-01-07 15:01:46,297.56,P2M,Others,Telangana,Other,Paytm,Android,18-25,34,0,6,SUCCESS,0,Not fraud,
511671621923,2025-01-08 08:27:22,336.45,P2M,Fuel,Maharashtra,Other,Google Pay,iOS,36-45,1960,0,4,SUCCESS,0,Not fraud,
333872499827,2025-01-08 09:28:46,475.97,P2M,Healthcare,Rajasthan,IDFC FIRST Bank,Google Pay,iOS,26-35,183,0,3,SUCCESS,0,Not fraud,
400495361754,2025-01-08 10:28:10,100.0,P2M,Food & Dining,Karnataka,State Bank of India,PhonePe,Android,18-25,797,0,4,SUCCESS,0,Not fraud,
392669844439,2025-01-08 13:15:31,5220.0,P2P,Not applicable,Tripura,Punjab National Bank,PhonePe,iOS,26-35,264,0,3,SUCCESS,0,Not fraud,
596935315773,2025-01-08 20:41:06,498.58,P2P,Not applicable,Karnataka,HDFC Bank,CRED,iOS,18-25,107,0,4,SUCCESS,0,Not fraud,
856813627605,2025-01-09 08:44:29,1000.0,Autopay/Mandate,Financial Services,Rajasthan,HDFC Bank,Amazon Pay,Android,36-45,968,0,5,SUCCESS,0,Not fraud,
803778822291,2025-01-09 09:37:46,400.0,P2M,Telecom & Recharge,Rajasthan,ICICI Bank,Google Pay,Android,26-35,4179,0,7,SUCCESS,0,Not fraud,
990061866238,2025-01-09 12:02:53,5170.0,P2P,Not applicable,Tamil Nadu,State Bank of India,PhonePe,Android,26-35,173,0,1,SUCCESS,0,Not fraud,
876952995314,2025-01-10 08:54:52,2224.84,P2M,Financial Services,Rajasthan,State Bank of India,PhonePe,Android,36-45,1198,0,1,SUCCESS,0,Not fraud,
458403292617,2025-01-10 10:44:05,2840.0,P2M,Fuel,Uttar Pradesh,Other,Google Pay,Android,26-35,1841,0,5,FAILED,0,Not fraud,
891380021600,2025-01-10 12:04:27,388.83,P2M,Grocery & Supermarkets,Maharashtra,Other,PhonePe,Android,46-59,1150,0,5,SUCCESS,0,Not fraud,
203784195847,2025-01-12 10:39:40,240.0,P2M,Fuel,Andhra Pradesh,Canara Bank,PhonePe,Android,26-35,867,0,6,SUCCESS,0,Not fraud,
667176963881,2025-01-12 11:11:12,40571.22,P2P,Not applicable,Karnataka,Axis Bank,PhonePe,Android,36-45,1585,0,1,SUCCESS,1,Remote Access App Scam,35.7
972644824517,2025-01-12 15:17:09,6100.0,P2M,Education,Tamil Nadu,Canara Bank,Other,Android,18-25,585,0,6,SUCCESS,0,Not fraud,
569991643015,2025-01-13 00:51:08,930.0,Autopay/Mandate,Entertainment & OTT,Andhra Pradesh,HDFC Bank,Google Pay,Android,46-59,1361,0,2,SUCCESS,0,Not fraud,
980166530089,2025-01-13 07:03:33,3100.0,P2M,Food & Dining,Tamil Nadu,HDFC Bank,Google Pay,Android,36-45,125,0,5,FAILED,0,Not fraud,
824721286382,2025-01-13 13:31:08,940.0,Collect Request,Not applicable,Punjab,ICICI Bank,Google Pay,Android,36-45,219,1,2,SUCCESS,0,Not fraud,
727258329240,2025-01-13 15:50:29,1093.2,P2M,Fuel,Madhya Pradesh,State Bank of India,PhonePe,Android,26-35,275,0,3,SUCCESS,0,Not fraud,
701048612041,2025-01-13 20:26:58,2220.25,P2P,Not applicable,West Bengal,HDFC Bank,Google Pay,Android,36-45,541,1,4,SUCCESS,0,Not fraud,
666541166616,2025-01-13 22:29:12,1000.0,P2P,Not applicable,Rajasthan,Bank of Baroda,Google Pay,Android,18-25,238,0,4,SUCCESS,0,Not fraud,
204697418319,2025-01-14 07:17:29,1100.0,P2M,Telecom & Recharge,Bihar,Other,PhonePe,Android,36-45,187,0,5,SUCCESS,0,Not fraud,
502901294872,2025-01-14 11:04:28,750.0,P2M,Telecom & Recharge,Uttar Pradesh,Punjab National Bank,Google Pay,Android,36-45,90,0,4,SUCCESS,0,Not fraud,
910752662096,2025-01-14 21:11:16,400.0,P2P,Not applicable,Telangana,State Bank of India,PhonePe,Android,36-45,316,1,1,SUCCESS,0,Not fraud,
223304281039,2025-01-15 02:42:07,885.55,P2P,Not applicable,Delhi,Other,PhonePe,iOS,18-25,4425,0,3,SUCCESS,0,Not fraud,
268552886766,2025-01-15 07:15:20,1199.66,Collect Request,Not applicable,Kerala,Bank of India,PhonePe,iOS,36-45,4074,0,3,SUCCESS,0,Not fraud,
902210680596,2025-01-15 13:19:44,200.0,P2M,Grocery & Supermarkets,Jharkhand,Kotak Mahindra Bank,Paytm,Android,46-59,1862,0,2,SUCCESS,0,Not fraud,
437975774202,2025-01-15 19:08:50,356.98,P2M,Grocery & Supermarkets,West Bengal,Other,PhonePe,iOS,18-25,457,0,4,SUCCESS,0,Not fraud,
169073858004,2025-01-16 15:43:16,6840.0,P2M,Travel & Transport,Maharashtra,Other,PhonePe,Android,26-35,172,0,5,SUCCESS,0,Not fraud,
724551165913,2025-01-16 15:51:39,110.36,P2M,Food & Dining,Karnataka,State Bank of India,Google Pay,iOS,36-45,5991,0,3,SUCCESS,0,Not fraud,
823309615473,2025-01-16 18:18:54,270.0,Bill Payment,Utilities,Odisha,ICICI Bank,PhonePe,Android,26-35,815,0,5,SUCCESS,0,Not fraud,
516095702263,2025-01-16 20:35:22,220.0,P2M,Food & Dining,Tamil Nadu,Kotak Mahindra Bank,Paytm,Android,26-35,119,0,5,SUCCESS,0,Not fraud,
693049831142,2025-01-16 20:58:58,300.0,P2M,Telecom & Recharge,Karnataka,Other,PhonePe,Android,18-25,1798,0,3,SUCCESS,0,Not fraud,
560726947167,2025-01-17 15:25:38,112.32,P2M,Entertainment & OTT,Maharashtra,HDFC Bank,PhonePe,Android,46-59,279,1,5,SUCCESS,0,Not fraud,
333091465403,2025-01-18 08:45:50,1337.1,P2M,Telecom & Recharge,Chhattisgarh,State Bank of India,Amazon Pay,Android,36-45,749,0,3,SUCCESS,0,Not fraud,
297913320385,2025-01-18 16:37:45,194.17,P2M,Utilities,Bihar,State Bank of India,Google Pay,Android,26-35,149,0,2,SUCCESS,0,Not fraud,
520805346513,2025-01-18 21:32:05,680.0,P2M,Travel & Transport,Andhra Pradesh,Bank of India,Google Pay,Android,18-25,63,0,5,SUCCESS,0,Not fraud,
780662519233,2025-01-18 23:14:54,3560.0,P2M,Travel & Transport,Andhra Pradesh,HDFC Bank,PhonePe,Android,26-35,721,0,1,SUCCESS,0,Not fraud,
644675425376,2025-01-19 12:37:03,116.92,P2P,Not applicable,Delhi,State Bank of India,Other,Android,46-59,317,0,4,SUCCESS,0,Not fraud,
876801610463,2025-01-19 22:25:49,312.84,P2M,Grocery & Supermarkets,Gujarat,Axis Bank,PhonePe,Android,26-35,955,0,3,SUCCESS,0,Not fraud,
908199814581,2025-01-20 09:18:18,252.54,P2M,Grocery & Supermarkets,Delhi,Other,PhonePe,Android,46-59,131,0,6,SUCCESS,0,Not fraud,
238975411769,2025-01-20 09:36:45,450.0,P2M,Grocery & Supermarkets,Gujarat,HDFC Bank,PhonePe,Android,18-25,245,1,7,SUCCESS,0,Not fraud,
356853505395,2025-01-20 09:52:49,100.0,P2M,Food & Dining,Rajasthan,Axis Bank,PhonePe,Android,26-35,362,0,4,SUCCESS,0,Not fraud,
572681597436,2025-01-20 11:12:55,311.95,Autopay/Mandate,Entertainment & OTT,Chhattisgarh,Punjab National Bank,Google Pay,Android,26-35,531,0,2,SUCCESS,0,Not fraud,
321322306736,2025-01-20 16:56:28,810.0,P2M,E-commerce,Kerala,HDFC Bank,PhonePe,iOS,36-45,54,0,3,SUCCESS,0,Not fraud,
137826740865,2025-01-20 17:27:51,1272.45,P2M,Telecom & Recharge,Maharashtra,Axis Bank,PhonePe,Android,60+,508,0,2,SUCCESS,0,Not fraud,
452397353903,2025-01-20 22:29:32,1340.0,P2M,Travel & Transport,Delhi,ICICI Bank,Google Pay,Android,36-45,216,0,6,SUCCESS,0,Not fraud,
929368584090,2025-01-21 13:28:04,100.0,P2M,Entertainment & OTT,Gujarat,Other,PhonePe,Android,26-35,556,0,3,SUCCESS,0,Not fraud,
390492268640,2025-01-21 16:30:46,4800.0,Collect Request,Not applicable,Delhi,HDFC Bank,PhonePe,Android,46-59,195,1,2,SUCCESS,1,Fake Collect Request,50.4
521357872197,2025-01-21 16:38:42,2237.62,P2M,Entertainment & OTT,Madhya Pradesh,Yes Bank,PhonePe,Android,46-59,344,0,6,SUCCESS,0,Not fraud,
489268466223,2025-01-21 17:24:59,1080.0,Bill Payment,Telecom & Recharge,Rajasthan,HDFC Bank,PhonePe,Android,26-35,546,0,3,SUCCESS,0,Not fraud,
656291253665,2025-01-21 17:53:12,800.0,P2M,Entertainment & OTT,Delhi,Other,Google Pay,Android,36-45,619,0,2,SUCCESS,0,Not fraud,
661407883765,2025-01-21 18:09:26,2352.85,P2P,Not applicable,Uttar Pradesh,HDFC Bank,Amazon Pay,Android,26-35,192,0,2,SUCCESS,0,Not fraud,
224603329377,2025-01-21 18:57:06,300.0,P2P,Not applicable,Rajasthan,HDFC Bank,Google Pay,Android,26-35,450,0,2,SUCCESS,0,Not fraud,
601170125109,2025-01-22 03:30:45,129.82,P2P,Not applicable,Uttarakhand,State Bank of India,Google Pay,Android,46-59,932,0,3,SUCCESS,0,Not fraud,
647726993788,2025-01-22 14:42:53,1830.0,P2M,Healthcare,Madhya Pradesh,Other,Google Pay,Android,36-45,738,0,4,SUCCESS,0,Not fraud,
204983577691,2025-01-23 06:10:23,749.63,P2P,Not applicable,Andhra Pradesh,Axis Bank,PhonePe,Android,46-59,65,0,5,SUCCESS,0,Not fraud,
320757746294,2025-01-23 07:17:12,890.0,P2P,Not applicable,Delhi,State Bank of India,PhonePe,Feature Phone (USSD),26-35,336,1,2,SUCCESS,0,Not fraud,
763647248906,2025-01-23 15:07:50,50000.0,P2P,Not applicable,Karnataka,Bank of Baroda,PhonePe,Android,36-45,165,1,4,SUCCESS,1,Investment/Task Scam,4.3
685125693692,2025-01-23 20:05:46,200.0,P2M,Grocery & Supermarkets,Bihar,Punjab National Bank,Other,Feature Phone (USSD),26-35,419,0,3,SUCCESS,0,Not fraud,
900429872306,2025-01-23 21:36:57,435.71,P2M,Grocery & Supermarkets,West Bengal,IDFC FIRST Bank,PhonePe,iOS,46-59,151,0,5,SUCCESS,0,Not fraud,
170180406849,2025-01-23 21:41:04,80.0,P2M,Food & Dining,Maharashtra,Union Bank of India,Google Pay,Android,60+,709,0,3,SUCCESS,0,Not fraud,
893514984353,2025-01-24 07:26:37,1828.14,P2P,Not applicable,Maharashtra,Other,PhonePe,Android,18-25,2056,1,3,SUCCESS,0,Not fraud,
864308420689,2025-01-24 08:46:05,100.0,P2M,Utilities,Kerala,Axis Bank,Google Pay,Android,18-25,462,0,7,SUCCESS,0,Not fraud,
846186146561,2025-01-24 20:30:39,280.27,P2P,Not applicable,Madhya Pradesh,Kotak Mahindra Bank,Google Pay,Android,36-45,1240,0,2,SUCCESS,0,Not fraud,
145333187561,2025-01-25 12:15:09,693.87,P2P,Not applicable,Haryana,Other,PhonePe,iOS,18-25,1614,0,2,SUCCESS,0,Not fraud,
588315399231,2025-01-25 15:42:05,112.36,P2M,Utilities,Tamil Nadu,HDFC Bank,PhonePe,Android,18-25,687,0,4,SUCCESS,0,Not fraud,
629553323074,2025-01-25 20:04:23,385.84,P2M,Grocery & Supermarkets,Tamil Nadu,State Bank of India,PhonePe,Android,36-45,2165,0,6,SUCCESS,0,Not fraud,
228556305831,2025-01-25 22:47:38,100.0,P2M,Grocery & Supermarkets,Maharashtra,Yes Bank,PhonePe,Android,46-59,2339,0,4,SUCCESS,0,Not fraud,
907380497638,2025-01-26 08:50:08,1030.0,P2M,Entertainment & OTT,Maharashtra,Kotak Mahindra Bank,PhonePe,Android,60+,1035,0,2,SUCCESS,0,Not fraud,
327995372216,2025-01-26 12:00:38,600.0,P2P,Not applicable,Rajasthan,Union Bank of India,Amazon Pay,Android,36-45,846,0,3,SUCCESS,0,Not fraud,
312498328390,2025-01-26 12:55:45,1450.66,P2P,Not applicable,Andhra Pradesh,Other,PhonePe,Android,18-25,1034,1,3,SUCCESS,1,QR Code Scam,2.7
783569777933,2025-01-26 15:04:50,2337.55,P2P,Not applicable,Rajasthan,State Bank of India,Google Pay,Android,46-59,157,0,5,SUCCESS,0,Not fraud,
874121250539,2025-01-26 15:48:21,700.0,P2M,Travel & Transport,Tamil Nadu,Bank of India,Google Pay,Android,46-59,1119,0,6,SUCCESS,0,Not fraud,
469883673806,2025-01-26 16:52:53,61930.0,P2P,Not applicable,Uttar Pradesh,Other,PhonePe,iOS,26-35,25,0,5,SUCCESS,1,Remote Access App Scam,26.1
868554556727,2025-01-26 17:57:26,3176.22,P2P,Not applicable,Maharashtra,Other,PhonePe,Android,26-35,3690,1,3,SUCCESS,0,Not fraud,
502885534546,2025-01-26 18:22:11,25000.0,P2P,Not applicable,Tamil Nadu,State Bank of India,Google Pay,Android,18-25,1079,1,5,SUCCESS,1,Investment/Task Scam,37.3
278552998770,2025-01-26 20:29:41,5075.32,P2P,Not applicable,Punjab,State Bank of India,PhonePe,iOS,46-59,453,1,2,SUCCESS,0,Not fraud,
561491790678,2025-01-26 20:36:13,147.09,P2M,Entertainment & OTT,Uttarakhand,HDFC Bank,PhonePe,Android,46-59,63,0,4,SUCCESS,0,Not fraud,
332553971832,2025-01-27 09:26:30,230.0,P2M,Telecom & Recharge,West Bengal,State Bank of India,Google Pay,Android,26-35,186,0,6,SUCCESS,0,Not fraud,
559807593083,2025-01-27 12:29:18,259.84,P2P,Not applicable,Tamil Nadu,IDFC FIRST Bank,PhonePe,Android,46-59,601,1,1,SUCCESS,0,Not fraud,
926270540693,2025-01-27 17:38:26,837.85,P2M,Food & Dining,Uttar Pradesh,Union Bank of India,Google Pay,Android,18-25,711,0,7,SUCCESS,0,Not fraud,
764183066178,2025-01-27 18:36:55,450.0,Autopay/Mandate,Utilities,Uttar Pradesh,State Bank of India,Paytm,Android,18-25,1279,0,1,SUCCESS,0,Not fraud,
340611228886,2025-01-28 15:25:57,3200.0,Autopay/Mandate,Financial Services,Jharkhand,Union Bank of India,Other,Android,26-35,495,0,3,SUCCESS,0,Not fraud,
132050031991,2025-01-28 18:47:10,420.0,P2P,Not applicable,Rajasthan,HDFC Bank,Google Pay,Android,36-45,212,0,3,SUCCESS,0,Not fraud,
543796413220,2025-01-28 22:26:32,2200.0,P2M,Education,Andhra Pradesh,HDFC Bank,PhonePe,Android,26-35,64,0,3,SUCCESS,0,Not fraud,
974887113718,2025-01-29 09:09:06,2445.48,P2M,Fuel,Rajasthan,Bank of Baroda,PhonePe,Android,26-35,212,0,4,SUCCESS,0,Not fraud,
668164531399,2025-01-29 20:16:56,680.0,P2M,Healthcare,Gujarat,State Bank of India,Google Pay,Android,36-45,50,0,3,SUCCESS,0,Not fraud,
426089192202,2025-01-30 07:04:47,500.0,P2M,Entertainment & OTT,West Bengal,HDFC Bank,Google Pay,Android,18-25,728,0,8,SUCCESS,0,Not fraud,
116074480643,2025-01-30 07:30:38,3494.25,P2M,Travel & Transport,Tamil Nadu,State Bank of India,PhonePe,Android,26-35,230,0,5,SUCCESS,0,Not fraud,
804466771291,2025-01-30 13:44:59,2200.0,Collect Request,Not applicable,Madhya Pradesh,ICICI Bank,PhonePe,Android,36-45,254,1,2,SUCCESS,0,Not fraud,
188893783200,2025-01-30 18:37:07,684.13,P2P,Not applicable,West Bengal,Yes Bank,PhonePe,Android,36-45,4873,1,3,SUCCESS,0,Not fraud,
663051936397,2025-01-30 18:50:37,493.18,P2M,Food & Dining,Jharkhand,Punjab National Bank,PhonePe,Android,36-45,731,0,2,SUCCESS,0,Not fraud,
891886481797,2025-01-30 19:37:09,460.0,Autopay/Mandate,Utilities,Madhya Pradesh,Other,Google Pay,Android,18-25,1164,0,3,SUCCESS,0,Not fraud,
435194443964,2025-01-30 20:46:49,1688.68,P2M,Education,Assam,Kotak Mahindra Bank,Google Pay,Android,26-35,929,1,3,SUCCESS,0,Not fraud,
655193782147,2025-01-30 22:02:56,4440.0,P2M,Healthcare,West Bengal,State Bank of India,Google Pay,Android,26-35,1217,0,8,SUCCESS,0,Not fraud,
908322083177,2025-01-30 22:22:49,3171.59,P2P,Not applicable,Jammu & Kashmir,Kotak Mahindra Bank,Google Pay,Android,26-35,324,0,2,SUCCESS,0,Not fraud,
440750777970,2025-01-31 01:36:55,460.0,P2P,Not applicable,West Bengal,Axis Bank,PhonePe,Android,18-25,132,0,2,SUCCESS,0,Not fraud,
295381623298,2025-01-31 14:35:43,1708.22,P2P,Not applicable,Bihar,Axis Bank,PhonePe,Android,36-45,136,0,4,SUCCESS,0,Not fraud,
794194587581,2025-01-31 19:49:47,1177.16,P2M,E-commerce,Uttar Pradesh,HDFC Bank,Google Pay,iOS,18-25,378,0,5,DEEMED,0,Not fraud,
184515940421,2025-01-31 21:16:15,400.0,Bill Payment,Telecom & Recharge,Bihar,State Bank of India,Amazon Pay,Android,26-35,198,0,2,SUCCESS,0,Not fraud,
434102894565,2025-02-01 10:04:28,1120.0,P2P,Not applicable,West Bengal,Canara Bank,PhonePe,Android,26-35,307,0,2,SUCCESS,0,Not fraud,
523503280115,2025-02-01 10:19:00,300.0,P2M,Telecom & Recharge,Gujarat,Other,BHIM,Android,26-35,233,0,2,SUCCESS,0,Not fraud,
986122348000,2025-02-01 18:07:00,1195.44,P2M,E-commerce,Maharashtra,HDFC Bank,Google Pay,Android,36-45,218,0,11,SUCCESS,0,Not fraud,
759752305459,2025-02-01 20:20:07,20.0,P2M,Entertainment & OTT,Maharashtra,Union Bank of India,PhonePe,Android,26-35,76,1,3,SUCCESS,0,Not fraud,
747085325215,2025-02-03 13:12:30,414.84,Collect Request,Not applicable,Kerala,ICICI Bank,PhonePe,Android,26-35,1122,0,3,FAILED,0,Not fraud,
841495671817,2025-02-03 20:58:34,600.0,P2M,Grocery & Supermarkets,Tamil Nadu,Other,Paytm,Android,26-35,327,0,4,SUCCESS,0,Not fraud,
421640565445,2025-02-04 00:03:48,955.96,P2P,Not applicable,Madhya Pradesh,State Bank of India,Google Pay,Android,36-45,824,1,1,SUCCESS,0,Not fraud,
107570597409,2025-02-04 02:53:28,318.01,P2M,Grocery & Supermarkets,Maharashtra,Bank of India,PhonePe,iOS,26-35,1947,0,3,SUCCESS,0,Not fraud,
637569944094,2025-02-04 11:07:12,600.0,P2M,Utilities,Kerala,Other,BHIM,Android,46-59,2470,0,10,SUCCESS,0,Not fraud,
781202959286,2025-02-04 19:19:26,300.0,P2M,Food & Dining,Tamil Nadu,State Bank of India,PhonePe,iOS,26-35,942,0,3,SUCCESS,0,Not fraud,
855158626765,2025-02-04 21:52:04,2827.95,P2P,Not applicable,Uttar Pradesh,Canara Bank,PhonePe,Android,26-35,4624,0,1,SUCCESS,0,Not fraud,
449410303396,2025-02-05 00:05:59,420.0,Collect Request,Not applicable,Rajasthan,State Bank of India,Google Pay,Android,36-45,1076,1,3,SUCCESS,0,Not fraud,
764088147746,2025-02-05 10:16:33,607.22,Collect Request,Not applicable,Chhattisgarh,State Bank of India,Paytm,Android,36-45,1338,0,2,SUCCESS,0,Not fraud,
275888174523,2025-02-05 15:17:45,175.62,P2M,Healthcare,Karnataka,Bank of Baroda,PhonePe,Android,18-25,3763,1,4,SUCCESS,0,Not fraud,
447137195787,2025-02-05 20:41:07,1034.32,P2P,Not applicable,Kerala,Bank of Baroda,PhonePe,Android,60+,1478,1,4,SUCCESS,0,Not fraud,
346129174678,2025-02-06 15:16:59,220.0,P2P,Not applicable,Bihar,Punjab National Bank,PhonePe,Android,26-35,1147,0,2,SUCCESS,0,Not fraud,
373667029086,2025-02-06 16:11:11,500.0,P2M,E-commerce,Tamil Nadu,State Bank of India,Google Pay,iOS,46-59,268,0,3,SUCCESS,0,Not fraud,
486621523340,2025-02-06 20:48:17,1261.1,P2M,Grocery & Supermarkets,Kerala,ICICI Bank,PhonePe,Android,36-45,398,0,5,SUCCESS,0,Not fraud,
740851215622,2025-02-07 10:56:18,1100.0,Collect Request,Not applicable,Haryana,HDFC Bank,PhonePe,Android,26-35,104,1,4,SUCCESS,0,Not fraud,
447669900441,2025-02-07 11:32:15,200.0,P2M,Food & Dining,Tamil Nadu,Other,Paytm,Android,26-35,354,0,2,SUCCESS,0,Not fraud,
201081359096,2025-02-07 12:29:23,140.0,Autopay/Mandate,Financial Services,Karnataka,HDFC Bank,Google Pay,Android,26-35,528,0,1,SUCCESS,0,Not fraud,
968622252131,2025-02-07 12:38:08,997.14,P2P,Not applicable,Telangana,Kotak Mahindra Bank,Google Pay,Android,26-35,527,0,4,SUCCESS,0,Not fraud,
446972913566,2025-02-07 13:18:25,340.37,P2M,Fuel,Bihar,State Bank of India,PhonePe,Android,60+,950,0,4,SUCCESS,0,Not fraud,
610552708757,2025-02-07 16:32:13,2100.0,P2M,E-commerce,Karnataka,Yes Bank,Paytm,Android,18-25,974,0,6,SUCCESS,0,Not fraud,
704974221419,2025-02-07 20:17:19,370.48,P2M,Telecom & Recharge,West Bengal,Other,PhonePe,Android,36-45,637,0,5,SUCCESS,0,Not fraud,
817646158269,2025-02-07 21:34:49,1952.39,P2P,Not applicable,Uttar Pradesh,IDFC FIRST Bank,PhonePe,Android,60+,807,0,3,SUCCESS,0,Not fraud,
262771270714,2025-02-08 13:22:09,1767.04,Collect Request,Not applicable,Bihar,Kotak Mahindra Bank,PhonePe,Android,26-35,123,0,3,SUCCESS,0,Not fraud,
439050089757,2025-02-08 16:25:50,500.0,P2P,Not applicable,Meghalaya,Other,PhonePe,Android,26-35,1228,0,5,SUCCESS,0,Not fraud,
374154445470,2025-02-08 17:19:48,618.58,P2M,Grocery & Supermarkets,Karnataka,State Bank of India,Paytm,Android,36-45,3741,1,2,SUCCESS,0,Not fraud,
366306495833,2025-02-08 18:06:15,268.98,P2M,Food & Dining,West Bengal,State Bank of India,Google Pay,Android,26-35,237,0,4,SUCCESS,0,Not fraud,
690127593244,2025-02-09 19:12:03,365.86,P2M,Grocery & Supermarkets,Jharkhand,State Bank of India,BHIM,Android,26-35,298,0,8,SUCCESS,0,Not fraud,
925516278479,2025-02-10 11:40:50,330.0,P2P,Not applicable,Bihar,HDFC Bank,Google Pay,Android,26-35,1961,1,2,SUCCESS,0,Not fraud,
343138246100,2025-02-10 15:09:34,25.53,P2M,Entertainment & OTT,Madhya Pradesh,ICICI Bank,Google Pay,Android,26-35,380,0,2,SUCCESS,0,Not fraud,
310154587689,2025-02-10 20:51:09,281.13,P2P,Not applicable,Chhattisgarh,Canara Bank,PhonePe,Android,18-25,811,0,3,SUCCESS,0,Not fraud,
590552989093,2025-02-11 06:00:15,270.0,P2M,Entertainment & OTT,Telangana,State Bank of India,PhonePe,Android,36-45,1458,1,3,SUCCESS,0,Not fraud,
920699907451,2025-02-11 09:20:27,1200.0,P2M,Food & Dining,Bihar,Axis Bank,PhonePe,Android,18-25,123,1,5,SUCCESS,0,Not fraud,
435006381274,2025-02-11 16:20:07,520.0,P2P,Not applicable,Punjab,Other,Google Pay,Android,26-35,333,0,4,SUCCESS,0,Not fraud,
443844421807,2025-02-11 18:18:38,96.88,P2M,Food & Dining,Uttar Pradesh,HDFC Bank,PhonePe,Android,26-35,2685,0,5,SUCCESS,0,Not fraud,
445195235402,2025-02-11 20:41:58,500.0,P2M,Grocery & Supermarkets,Jammu & Kashmir,State Bank of India,PhonePe,Android,26-35,225,0,3,SUCCESS,0,Not fraud,
644693882687,2025-02-11 22:45:06,1050.15,P2P,Not applicable,Delhi,State Bank of India,PhonePe,Android,26-35,910,1,4,SUCCESS,0,Not fraud,
591525190325,2025-02-12 09:28:22,60902.53,P2M,Travel & Transport,Jammu & Kashmir,Bank of Baroda,Google Pay,Android,18-25,91,0,8,SUCCESS,0,Not fraud,
702689108084,2025-02-12 11:49:45,296.5,P2M,Grocery & Supermarkets,Madhya Pradesh,Canara Bank,PhonePe,iOS,26-35,460,0,3,SUCCESS,0,Not fraud,
213228901681,2025-02-12 15:10:21,1094.44,P2M,Healthcare,Telangana,IndusInd Bank,Google Pay,Android,18-25,788,1,8,SUCCESS,0,Not fraud,
572027453370,2025-02-12 15:22:39,52.6,P2P,Not applicable,Jharkhand,Other,Google Pay,iOS,18-25,1484,0,3,SUCCESS,0,Not fraud,
655195697113,2025-02-12 20:43:55,307.2,P2P,Not applicable,Haryana,Bank of India,Google Pay,Android,46-59,252,0,2,SUCCESS,0,Not fraud,
984052113976,2025-02-13 09:23:30,227.48,P2P,Not applicable,Telangana,Bank of India,Paytm,Android,18-25,772,1,4,FAILED,0,Not fraud,
267986748952,2025-02-13 10:20:34,100.0,P2M,Others,Karnataka,Other,PhonePe,Android,46-59,49,1,3,SUCCESS,0,Not fraud,
510936588761,2025-02-13 13:50:16,1480.0,P2M,Grocery & Supermarkets,Uttar Pradesh,Axis Bank,PhonePe,Android,26-35,652,0,6,SUCCESS,0,Not fraud,
741212083295,2025-02-13 20:44:08,5270.0,P2P,Not applicable,Maharashtra,Other,PhonePe,Android,36-45,1690,1,4,SUCCESS,0,Not fraud,
460462859097,2025-02-14 09:06:34,910.0,Autopay/Mandate,Education,Kerala,Bank of Baroda,Google Pay,Android,26-35,336,0,2,SUCCESS,0,Not fraud,
704206808223,2025-02-14 13:25:18,533.43,Autopay/Mandate,Financial Services,Andhra Pradesh,Indian Bank,PhonePe,Android,26-35,260,0,1,SUCCESS,0,Not fraud,
199867044341,2025-02-14 14:51:13,100.0,P2M,Utilities,Uttar Pradesh,State Bank of India,PhonePe,Android,18-25,173,0,3,SUCCESS,0,Not fraud,
381773064251,2025-02-14 17:29:15,241.54,P2M,E-commerce,Jammu & Kashmir,State Bank of India,PhonePe,Android,36-45,150,0,4,SUCCESS,0,Not fraud,
351003591832,2025-02-15 09:51:56,330.0,P2M,Food & Dining,Assam,Kotak Mahindra Bank,PhonePe,iOS,26-35,581,0,3,SUCCESS,0,Not fraud,
281031990732,2025-02-15 21:00:47,4700.0,P2P,Not applicable,Uttar Pradesh,State Bank of India,Google Pay,Android,60+,928,0,3,SUCCESS,0,Not fraud,
460776574533,2025-02-16 11:02:06,60.0,Autopay/Mandate,Utilities,Madhya Pradesh,Canara Bank,Google Pay,iOS,36-45,2654,0,4,SUCCESS,0,Not fraud,
124982983909,2025-02-16 11:12:27,1540.0,P2M,Grocery & Supermarkets,Uttarakhand,HDFC Bank,PhonePe,Android,26-35,219,1,5,SUCCESS,0,Not fraud,
134667524831,2025-02-16 19:00:40,120.0,P2M,Healthcare,Meghalaya,Indian Bank,PhonePe,Android,18-25,580,0,6,FAILED,0,Not fraud,
625466211091,2025-02-17 13:42:23,110.0,P2M,Others,Delhi,Punjab National Bank,Google Pay,Android,26-35,735,0,4,FAILED,0,Not fraud,
160259305558,2025-02-17 14:01:17,8700.0,Collect Request,Not applicable,Rajasthan,State Bank of India,Google Pay,Android,36-45,218,1,2,SUCCESS,0,Not fraud,
798956160453,2025-02-17 16:37:03,670.69,P2P,Not applicable,Andhra Pradesh,State Bank of India,Paytm,Android,18-25,94,0,1,SUCCESS,0,Not fraud,
990920678720,2025-02-17 20:34:50,200.0,P2M,Grocery & Supermarkets,Andhra Pradesh,Punjab National Bank,Other,Android,36-45,163,0,2,SUCCESS,0,Not fraud,
648151582609,2025-02-18 13:55:46,950.0,Bill Payment,Utilities,Gujarat,Other,PhonePe,Android,18-25,927,0,2,SUCCESS,0,Not fraud,
950869062148,2025-02-18 15:23:21,456.97,P2M,Telecom & Recharge,Telangana,Other,PhonePe,iOS,46-59,394,0,4,SUCCESS,0,Not fraud,
550690014924,2025-02-18 20:14:57,520.0,P2M,Utilities,Tamil Nadu,HDFC Bank,PhonePe,iOS,36-45,6000,1,6,DEEMED,0,Not fraud,
425477525719,2025-02-19 01:21:22,370.0,Autopay/Mandate,Financial Services,Karnataka,State Bank of India,PhonePe,Android,46-59,103,0,3,SUCCESS,0,Not fraud,
784270018878,2025-02-19 11:55:13,403.91,P2M,Fuel,Gujarat,ICICI Bank,PhonePe,Android,26-35,127,0,5,SUCCESS,0,Not fraud,
569888786588,2025-02-19 14:20:50,4806.8,Bill Payment,Telecom & Recharge,Gujarat,Yes Bank,Paytm,Android,18-25,1117,0,2,SUCCESS,0,Not fraud,
659514903342,2025-02-19 14:28:03,807.14,P2M,Grocery & Supermarkets,Kerala,Kotak Mahindra Bank,PhonePe,Android,36-45,980,0,3,SUCCESS,0,Not fraud,
790451163132,2025-02-19 15:39:55,1700.0,P2M,Grocery & Supermarkets,Maharashtra,ICICI Bank,PhonePe,iOS,36-45,2305,0,3,SUCCESS,0,Not fraud,
143328303065,2025-02-19 18:29:03,470.0,P2M,Grocery & Supermarkets,Delhi,IndusInd Bank,BHIM,Android,60+,230,0,4,SUCCESS,0,Not fraud,
435812093887,2025-02-20 21:32:29,307.42,P2M,Grocery & Supermarkets,Bihar,State Bank of India,PhonePe,Android,18-25,677,0,4,SUCCESS,0,Not fraud,
781605935734,2025-02-20 22:48:31,479.91,P2M,Grocery & Supermarkets,Uttarakhand,HDFC Bank,PhonePe,Android,18-25,392,0,6,SUCCESS,0,Not fraud,
503910818786,2025-02-21 09:44:12,647.85,P2M,Travel & Transport,Rajasthan,ICICI Bank,Google Pay,Android,26-35,1640,0,7,SUCCESS,0,Not fraud,
987514543134,2025-02-21 14:32:55,92.12,P2M,Travel & Transport,Haryana,ICICI Bank,Google Pay,Android,18-25,755,0,7,SUCCESS,0,Not fraud,
905669781665,2025-02-21 18:46:08,100.0,P2M,Grocery & Supermarkets,Maharashtra,Union Bank of India,Other,Android,26-35,1644,0,2,SUCCESS,0,Not fraud,
497071120222,2025-02-21 20:33:29,1290.0,P2M,Entertainment & OTT,Jammu & Kashmir,Axis Bank,Paytm,Android,26-35,141,0,1,SUCCESS,0,Not fraud,
886176267365,2025-02-21 21:27:41,2582.95,P2P,Not applicable,Madhya Pradesh,ICICI Bank,PhonePe,Android,26-35,676,0,2,SUCCESS,0,Not fraud,
425755752014,2025-02-22 00:09:57,3000.0,Autopay/Mandate,Financial Services,Punjab,Axis Bank,PhonePe,Android,46-59,2234,0,3,FAILED,0,Not fraud,
738422421797,2025-02-22 12:31:26,1569.12,P2M,Healthcare,Karnataka,ICICI Bank,Amazon Pay,Android,36-45,161,0,3,SUCCESS,0,Not fraud,
743086002887,2025-02-22 13:09:22,600.0,P2M,E-commerce,Andhra Pradesh,Kotak Mahindra Bank,Paytm,iOS,36-45,228,1,6,SUCCESS,0,Not fraud,
881508151543,2025-02-22 15:08:39,123.67,P2M,Grocery & Supermarkets,Karnataka,Indian Bank,Google Pay,iOS,26-35,1447,1,6,SUCCESS,0,Not fraud,
810358069572,2025-02-22 20:59:44,2000.0,P2M,Travel & Transport,Maharashtra,Axis Bank,PhonePe,Android,36-45,1211,0,3,SUCCESS,0,Not fraud,
213313061672,2025-02-22 22:47:16,777.94,P2P,Not applicable,Kerala,State Bank of India,Google Pay,Android,46-59,455,0,4,SUCCESS,0,Not fraud,
774999446820,2025-02-23 01:44:32,1010.0,P2M,Grocery & Supermarkets,Maharashtra,Punjab National Bank,PhonePe,iOS,26-35,1707,0,4,SUCCESS,0,Not fraud,
715024954294,2025-02-23 09:50:20,750.0,P2M,E-commerce,Maharashtra,ICICI Bank,PhonePe,iOS,26-35,1933,0,3,SUCCESS,0,Not fraud,
611081999707,2025-02-23 10:09:38,330.0,P2M,Fuel,Karnataka,State Bank of India,Google Pay,Android,26-35,77,1,6,SUCCESS,0,Not fraud,
280131212112,2025-02-23 12:40:58,6140.0,P2M,Financial Services,Bihar,IDFC FIRST Bank,PhonePe,Android,18-25,1049,1,2,SUCCESS,0,Not fraud,
593443898861,2025-02-23 13:44:32,174.31,P2M,Grocery & Supermarkets,Tamil Nadu,IndusInd Bank,Paytm,Android,46-59,152,0,7,SUCCESS,0,Not fraud,
914053896315,2025-02-23 20:10:31,33930.42,P2P,Not applicable,Tamil Nadu,State Bank of India,Google Pay,Android,18-25,696,0,3,SUCCESS,1,Remote Access App Scam,14.9
666713961032,2025-02-23 20:43:28,248.26,P2P,Not applicable,Uttarakhand,Kotak Mahindra Bank,PhonePe,Android,18-25,1025,1,4,SUCCESS,0,Not fraud,
106681560663,2025-02-24 14:07:12,562.62,P2P,Not applicable,Telangana,ICICI Bank,Paytm,Android,46-59,654,1,1,SUCCESS,0,Not fraud,
800736831887,2025-02-24 19:25:44,390.0,P2M,Grocery & Supermarkets,Maharashtra,HDFC Bank,PhonePe,Feature Phone (USSD),60+,176,0,5,SUCCESS,0,Not fraud,
113307655530,2025-02-24 20:53:28,343.58,P2M,Fuel,Jharkhand,Other,Google Pay,Android,18-25,925,1,7,SUCCESS,0,Not fraud,
986662709326,2025-02-24 21:57:38,200.0,P2M,Fuel,Kerala,ICICI Bank,Google Pay,Android,36-45,356,0,4,SUCCESS,0,Not fraud,
927427268069,2025-02-24 23:26:54,44684.7,P2P,Not applicable,Haryana,Union Bank of India,PhonePe,Android,26-35,40,1,2,SUCCESS,1,Investment/Task Scam,22.4
630058942548,2025-02-25 11:43:15,150.0,P2M,E-commerce,Karnataka,State Bank of India,PhonePe,Android,26-35,602,0,10,SUCCESS,0,Not fraud,
726013597084,2025-02-25 12:03:07,303.39,P2M,Grocery & Supermarkets,Assam,Union Bank of India,Amazon Pay,iOS,18-25,575,1,5,SUCCESS,0,Not fraud,
142574787041,2025-02-25 22:37:51,1033.34,P2P,Not applicable,Rajasthan,ICICI Bank,Google Pay,Android,18-25,364,0,4,SUCCESS,0,Not fraud,
591239263166,2025-02-26 00:11:47,32.54,P2M,Grocery & Supermarkets,Maharashtra,Other,PhonePe,Android,60+,1563,0,5,SUCCESS,0,Not fraud,
125939335110,2025-02-26 09:13:30,584.87,P2M,Fuel,Delhi,Other,PhonePe,Android,18-25,237,0,2,SUCCESS,0,Not fraud,
906223504029,2025-02-26 11:58:31,174.07,P2M,Food & Dining,Rajasthan,Bank of India,PhonePe,Android,46-59,3918,0,8,SUCCESS,0,Not fraud,
246382820454,2025-02-26 12:31:47,1340.0,Collect Request,Not applicable,Karnataka,Other,BHIM,iOS,46-59,1648,1,2,SUCCESS,0,Not fraud,
109930932774,2025-02-26 19:20:27,910.0,P2M,Telecom & Recharge,Maharashtra,ICICI Bank,PhonePe,iOS,36-45,646,0,3,SUCCESS,0,Not fraud,
611822938407,2025-02-26 22:58:19,240.0,P2M,Grocery & Supermarkets,Rajasthan,Canara Bank,Google Pay,Android,26-35,198,0,5,SUCCESS,0,Not fraud,
182420312894,2025-02-27 12:49:32,5350.0,P2M,Healthcare,Odisha,State Bank of India,Other,Android,26-35,3825,0,4,SUCCESS,0,Not fraud,
177021159586,2025-02-27 14:35:28,6992.75,P2M,Food & Dining,Kerala,ICICI Bank,Paytm,Android,26-35,523,0,2,SUCCESS,0,Not fraud,
586697310330,2025-02-27 22:59:26,580.0,P2M,Fuel,Andhra Pradesh,Other,Google Pay,Android,36-45,179,0,6,SUCCESS,0,Not fraud,
276241338755,2025-02-28 08:53:56,1200.0,Collect Request,Not applicable,Karnataka,Canara Bank,Google Pay,iOS,26-35,1383,1,2,SUCCESS,0,Not fraud,
929103916102,2025-02-28 10:12:23,533.03,P2M,Financial Services,Tamil Nadu,State Bank of India,CRED,iOS,18-25,687,0,4,SUCCESS,0,Not fraud,
247412811223,2025-02-28 14:10:52,656.59,Autopay/Mandate,Financial Services,Odisha,Bank of India,Google Pay,Android,36-45,1013,0,3,SUCCESS,0,Not fraud,
304557307267,2025-03-01 08:17:26,5410.0,P2M,E-commerce,Bihar,HDFC Bank,PhonePe,Android,26-35,1119,0,5,SUCCESS,0,Not fraud,
413166466776,2025-03-01 14:27:58,125.27,P2M,Telecom & Recharge,Haryana,State Bank of India,Paytm,iOS,26-35,54,0,2,SUCCESS,0,Not fraud,
233976458318,2025-03-01 16:58:13,690.0,Autopay/Mandate,Financial Services,Uttar Pradesh,State Bank of India,PhonePe,Android,26-35,647,0,2,SUCCESS,0,Not fraud,
792344529002,2025-03-01 18:05:02,1020.0,P2M,Financial Services,Uttar Pradesh,Axis Bank,Other,Android,18-25,50,0,2,FAILED,0,Not fraud,
928469990423,2025-03-02 20:18:32,33000.0,P2M,Grocery & Supermarkets,Rajasthan,HDFC Bank,CRED,iOS,18-25,371,0,2,SUCCESS,1,Investment/Task Scam,50.3
811001220345,2025-03-02 20:47:18,600.0,P2P,Not applicable,Kerala,HDFC Bank,Paytm,Android,26-35,6000,0,2,SUCCESS,0,Not fraud,
660105511881,2025-03-02 21:51:55,1130.0,P2P,Not applicable,Andhra Pradesh,Other,PhonePe,Android,18-25,386,0,7,SUCCESS,0,Not fraud,
693918223952,2025-03-02 22:07:57,6800.0,P2M,Education,Karnataka,ICICI Bank,Google Pay,Android,46-59,501,0,4,FAILED,0,Not fraud,
596003148434,2025-03-03 11:20:20,400.0,P2P,Not applicable,Maharashtra,Other,Google Pay,Android,46-59,1067,1,5,SUCCESS,0,Not fraud,
775983275774,2025-03-03 14:57:02,76.77,P2M,Grocery & Supermarkets,Chhattisgarh,Other,Paytm,Android,46-59,299,0,6,SUCCESS,0,Not fraud,
276944222391,2025-03-03 18:59:53,322.92,P2M,Travel & Transport,Odisha,State Bank of India,PhonePe,Feature Phone (USSD),46-59,321,0,5,SUCCESS,0,Not fraud,
135294760040,2025-03-03 19:12:08,2881.92,P2P,Not applicable,West Bengal,State Bank of India,Google Pay,Android,26-35,341,1,2,SUCCESS,0,Not fraud,
899698679318,2025-03-04 10:21:57,530.0,Autopay/Mandate,Financial Services,Bihar,HDFC Bank,CRED,Android,18-25,609,0,2,SUCCESS,0,Not fraud,
818526714283,2025-03-04 12:21:17,1390.0,P2M,E-commerce,Rajasthan,Other,PhonePe,Android,18-25,2970,0,5,SUCCESS,0,Not fraud,
840821671929,2025-03-04 17:35:36,200.0,P2M,Travel & Transport,Karnataka,State Bank of India,PhonePe,Android,26-35,343,0,2,SUCCESS,0,Not fraud,
122072016599,2025-03-04 17:56:48,737.92,P2M,Education,Madhya Pradesh,Other,Google Pay,Android,26-35,594,0,1,SUCCESS,0,Not fraud,
789002655612,2025-03-04 21:11:05,158.0,P2P,Not applicable,Maharashtra,Bank of Baroda,Google Pay,iOS,36-45,65,1,2,SUCCESS,0,Not fraud,
656108772798,2025-03-04 23:10:59,273.42,P2M,Fuel,Uttar Pradesh,HDFC Bank,PhonePe,Android,26-35,513,0,5,SUCCESS,0,Not fraud,
215508120074,2025-03-05 05:03:52,480.0,P2M,Financial Services,Karnataka,Yes Bank,Google Pay,iOS,36-45,300,0,8,SUCCESS,0,Not fraud,
897188136321,2025-03-05 19:11:51,3868.69,P2M,Education,Karnataka,Kotak Mahindra Bank,CRED,Android,18-25,171,1,2,SUCCESS,0,Not fraud,
336685512650,2025-03-05 20:36:38,990.0,Collect Request,Not applicable,Maharashtra,Kotak Mahindra Bank,PhonePe,iOS,36-45,499,1,1,SUCCESS,0,Not fraud,
964954143681,2025-03-06 14:19:28,454.99,Autopay/Mandate,Financial Services,Gujarat,State Bank of India,PhonePe,iOS,18-25,1093,0,3,SUCCESS,0,Not fraud,
908872010672,2025-03-06 21:03:13,591.13,Autopay/Mandate,Entertainment & OTT,Uttar Pradesh,State Bank of India,PhonePe,iOS,26-35,568,0,2,SUCCESS,0,Not fraud,
229486487369,2025-03-06 23:53:29,2130.0,P2M,Travel & Transport,Karnataka,HDFC Bank,Google Pay,iOS,46-59,548,0,7,SUCCESS,0,Not fraud,
374173641994,2025-03-07 09:14:38,528.75,P2M,Others,Madhya Pradesh,Bank of India,Paytm,iOS,26-35,3226,1,5,SUCCESS,0,Not fraud,
799503922398,2025-03-07 10:47:48,2300.0,P2P,Not applicable,Maharashtra,State Bank of India,Paytm,Android,26-35,681,0,1,SUCCESS,0,Not fraud,
502667465730,2025-03-07 12:43:58,640.0,P2M,Financial Services,Madhya Pradesh,ICICI Bank,Google Pay,Android,26-35,468,0,3,SUCCESS,0,Not fraud,
650113602486,2025-03-07 18:24:23,980.0,P2P,Not applicable,Rajasthan,State Bank of India,Google Pay,Android,36-45,160,0,5,SUCCESS,0,Not fraud,
769106848598,2025-03-08 17:48:19,615.15,P2M,Entertainment & OTT,Telangana,ICICI Bank,PhonePe,Android,46-59,3480,0,4,SUCCESS,0,Not fraud,
262057793486,2025-03-08 19:41:10,447.7,P2P,Not applicable,Madhya Pradesh,Other,PhonePe,Android,46-59,707,0,1,SUCCESS,0,Not fraud,
728724627731,2025-03-08 20:58:01,1300.0,P2M,E-commerce,Telangana,HDFC Bank,PhonePe,Android,18-25,93,0,9,SUCCESS,1,QR Code Scam,35.9
976282072233,2025-03-08 22:13:42,112.56,Bill Payment,Education,Tamil Nadu,ICICI Bank,Other,Android,26-35,481,0,4,SUCCESS,0,Not fraud,
300824829383,2025-03-09 16:05:39,600.0,P2M,E-commerce,Jharkhand,State Bank of India,PhonePe,Android,46-59,459,0,5,SUCCESS,0,Not fraud,
298535235680,2025-03-10 12:28:31,900.0,P2M,Food & Dining,Karnataka,State Bank of India,Google Pay,Android,18-25,296,0,3,SUCCESS,0,Not fraud,
562646056838,2025-03-11 07:05:26,689.8,Autopay/Mandate,Financial Services,Gujarat,Union Bank of India,PhonePe,Android,36-45,2056,0,1,SUCCESS,0,Not fraud,
437060732405,2025-03-11 07:14:43,590.0,P2M,Telecom & Recharge,Kerala,HDFC Bank,Google Pay,Feature Phone (USSD),26-35,3468,0,3,SUCCESS,0,Not fraud,
444689209733,2025-03-11 12:48:27,110.77,P2M,Food & Dining,Maharashtra,HDFC Bank,PhonePe,iOS,36-45,1963,1,2,SUCCESS,0,Not fraud,
448526066494,2025-03-11 13:45:39,177.97,P2M,Food & Dining,Rajasthan,Punjab National Bank,BHIM,iOS,46-59,1297,0,4,SUCCESS,0,Not fraud,
470978699889,2025-03-11 14:01:13,280.0,P2M,Grocery & Supermarkets,Rajasthan,Axis Bank,CRED,Android,36-45,5427,0,7,SUCCESS,0,Not fraud,
645529421619,2025-03-11 22:46:40,2020.0,P2M,E-commerce,Tamil Nadu,Punjab National Bank,Paytm,iOS,60+,1920,0,7,SUCCESS,0,Not fraud,
539381210483,2025-03-11 23:34:44,900.0,P2M,Fuel,Telangana,HDFC Bank,PhonePe,Android,26-35,390,0,3,SUCCESS,0,Not fraud,
710410542724,2025-03-12 10:10:56,1034.97,P2M,Healthcare,Assam,Axis Bank,Google Pay,Android,36-45,561,0,4,SUCCESS,0,Not fraud,
366460638674,2025-03-12 17:38:25,2400.0,Collect Request,Not applicable,Tamil Nadu,ICICI Bank,PhonePe,Android,26-35,1814,1,4,SUCCESS,0,Not fraud,
733173758514,2025-03-12 22:53:08,880.0,P2M,Financial Services,Tamil Nadu,Punjab National Bank,PhonePe,iOS,60+,525,1,2,SUCCESS,0,Not fraud,
254737663330,2025-03-13 08:19:28,4300.0,Collect Request,Not applicable,Uttarakhand,Other,PhonePe,iOS,36-45,121,0,3,SUCCESS,0,Not fraud,
836378541832,2025-03-13 10:47:37,1220.0,Collect Request,Not applicable,Uttar Pradesh,HDFC Bank,PhonePe,iOS,36-45,485,1,3,SUCCESS,0,Not fraud,
693106068833,2025-03-13 12:28:52,550.0,P2P,Not applicable,West Bengal,HDFC Bank,PhonePe,Android,26-35,2548,1,2,SUCCESS,0,Not fraud,
120282953191,2025-03-13 12:37:52,2220.0,P2M,Travel & Transport,Bihar,Other,PhonePe,Android,60+,50,0,6,SUCCESS,0,Not fraud,
251186314333,2025-03-13 15:41:18,397.17,P2M,Grocery & Supermarkets,Uttar Pradesh,IDFC FIRST Bank,Google Pay,Android,26-35,340,0,3,SUCCESS,0,Not fraud,
792706500386,2025-03-13 17:12:51,3140.69,P2M,Fuel,Gujarat,Axis Bank,Google Pay,Android,18-25,290,0,2,SUCCESS,0,Not fraud,
814701898492,2025-03-13 20:20:42,302.11,P2M,Grocery & Supermarkets,Haryana,Canara Bank,PhonePe,Android,18-25,647,0,2,SUCCESS,0,Not fraud,
319643430622,2025-03-13 20:56:09,330.71,Collect Request,Not applicable,Himachal Pradesh,Canara Bank,PhonePe,Android,26-35,526,1,2,SUCCESS,0,Not fraud,
325938684884,2025-03-14 12:20:24,430.0,P2M,Telecom & Recharge,Chhattisgarh,State Bank of India,PhonePe,Android,26-35,79,0,4,FAILED,0,Not fraud,
178563840021,2025-03-14 16:28:55,40.0,P2M,Grocery & Supermarkets,Gujarat,Axis Bank,CRED,Android,36-45,853,0,7,SUCCESS,0,Not fraud,
292466856325,2025-03-14 19:46:15,1000.0,Bill Payment,Utilities,Maharashtra,HDFC Bank,CRED,Android,26-35,184,0,5,SUCCESS,0,Not fraud,
696560201396,2025-03-15 05:57:11,170.0,P2M,Grocery & Supermarkets,Uttarakhand,HDFC Bank,Google Pay,Android,36-45,588,0,4,SUCCESS,0,Not fraud,
639491789105,2025-03-15 13:49:58,816.18,P2M,Education,Tamil Nadu,State Bank of India,Amazon Pay,Android,26-35,233,0,4,SUCCESS,0,Not fraud,
583750429773,2025-03-15 14:21:44,2200.0,Bill Payment,Telecom & Recharge,Delhi,Bank of Baroda,PhonePe,Feature Phone (USSD),26-35,558,0,4,SUCCESS,0,Not fraud,
535717965006,2025-03-15 15:05:53,2229.33,P2M,Travel & Transport,Maharashtra,Punjab National Bank,Paytm,Android,26-35,463,0,4,SUCCESS,0,Not fraud,
125616475722,2025-03-15 22:16:01,719.12,P2P,Not applicable,West Bengal,HDFC Bank,PhonePe,Android,26-35,667,0,2,SUCCESS,0,Not fraud,
448621288495,2025-03-16 13:30:54,700.0,P2M,Telecom & Recharge,Kerala,ICICI Bank,Paytm,Android,36-45,136,0,4,SUCCESS,0,Not fraud,
155712161688,2025-03-16 19:21:17,1744.45,Autopay/Mandate,Financial Services,Uttar Pradesh,HDFC Bank,Other,iOS,18-25,296,0,4,SUCCESS,0,Not fraud,
952792090823,2025-03-16 20:18:23,1593.18,P2P,Not applicable,Uttar Pradesh,ICICI Bank,Google Pay,Android,18-25,1417,1,2,SUCCESS,0,Not fraud,
458268207372,2025-03-16 20:29:08,660.0,P2P,Not applicable,Maharashtra,HDFC Bank,PhonePe,Android,36-45,900,0,2,SUCCESS,0,Not fraud,
452587931074,2025-03-17 05:16:50,300.0,P2M,Healthcare,Jammu & Kashmir,IDFC FIRST Bank,PhonePe,iOS,26-35,295,1,2,SUCCESS,0,Not fraud,
352197857628,2025-03-17 14:10:00,974.63,P2P,Not applicable,Rajasthan,HDFC Bank,Google Pay,Android,18-25,4563,1,2,SUCCESS,0,Not fraud,
431440093180,2025-03-17 14:49:40,1534.07,P2P,Not applicable,Tripura,Indian Bank,PhonePe,Android,18-25,356,0,3,SUCCESS,0,Not fraud,
558294990930,2025-03-17 17:50:43,230.0,P2P,Not applicable,Telangana,State Bank of India,PhonePe,Android,26-35,252,0,2,SUCCESS,0,Not fraud,
647189207178,2025-03-18 07:20:21,1240.0,Collect Request,Not applicable,Puducherry,Kotak Mahindra Bank,PhonePe,Android,18-25,1056,1,3,SUCCESS,0,Not fraud,
184789848953,2025-03-18 13:44:36,2300.0,P2M,E-commerce,Jammu & Kashmir,Other,PhonePe,Android,36-45,598,0,2,SUCCESS,0,Not fraud,
476105123997,2025-03-18 20:23:03,109.72,P2M,Grocery & Supermarkets,Haryana,ICICI Bank,Google Pay,Android,60+,5430,0,4,SUCCESS,0,Not fraud,
966705328893,2025-03-19 12:55:10,100.0,P2M,Others,West Bengal,Yes Bank,PhonePe,Android,26-35,780,0,4,SUCCESS,0,Not fraud,
916402113849,2025-03-19 16:30:14,312.72,P2M,Entertainment & OTT,Assam,Punjab National Bank,Google Pay,Android,18-25,1226,0,6,SUCCESS,0,Not fraud,
174263834490,2025-03-19 17:36:12,298.16,Bill Payment,Utilities,Maharashtra,Other,Other,iOS,36-45,82,0,4,SUCCESS,0,Not fraud,
347271049596,2025-03-19 19:13:04,200.0,P2P,Not applicable,Karnataka,Bank of Baroda,Google Pay,Android,26-35,519,0,4,SUCCESS,0,Not fraud,
178747908727,2025-03-20 10:58:41,100.0,P2M,Food & Dining,Tamil Nadu,State Bank of India,PhonePe,Android,18-25,200,0,6,SUCCESS,0,Not fraud,
985165585777,2025-03-20 13:07:50,600.0,P2M,Grocery & Supermarkets,Kerala,HDFC Bank,Amazon Pay,iOS,26-35,510,0,6,DEEMED,0,Not fraud,
109040530919,2025-03-20 15:26:26,150.0,P2M,Financial Services,Gujarat,Canara Bank,PhonePe,iOS,36-45,118,0,4,SUCCESS,0,Not fraud,
808535903306,2025-03-20 16:52:43,460.0,P2M,Grocery & Supermarkets,Chhattisgarh,ICICI Bank,Google Pay,Android,60+,876,0,3,SUCCESS,0,Not fraud,
729275474955,2025-03-20 20:34:53,678.59,Autopay/Mandate,Entertainment & OTT,Bihar,State Bank of India,PhonePe,iOS,18-25,647,0,2,SUCCESS,0,Not fraud,
853453607804,2025-03-21 15:00:49,674.04,P2P,Not applicable,Kerala,State Bank of India,PhonePe,Android,18-25,198,0,2,SUCCESS,0,Not fraud,
871204968929,2025-03-21 16:14:43,1010.0,P2M,Food & Dining,Madhya Pradesh,State Bank of India,PhonePe,Android,36-45,437,0,5,SUCCESS,0,Not fraud,
898853643813,2025-03-21 19:47:17,161.62,Autopay/Mandate,Entertainment & OTT,Chhattisgarh,Axis Bank,PhonePe,Android,26-35,1854,0,4,SUCCESS,0,Not fraud,
928122751243,2025-03-22 06:35:58,712.67,P2P,Not applicable,Himachal Pradesh,State Bank of India,PhonePe,Android,18-25,173,1,2,DEEMED,0,Not fraud,
439221053665,2025-03-22 20:17:41,600.0,P2M,Food & Dining,Bihar,IDFC FIRST Bank,Google Pay,Android,46-59,309,0,3,SUCCESS,0,Not fraud,
994547494419,2025-03-22 21:14:00,1381.39,P2P,Not applicable,Telangana,IndusInd Bank,PhonePe,Android,26-35,500,0,1,SUCCESS,0,Not fraud,
555668580646,2025-03-23 18:30:24,1127.74,P2P,Not applicable,Andhra Pradesh,State Bank of India,Paytm,Android,26-35,87,0,3,SUCCESS,0,Not fraud,
877999446174,2025-03-23 18:57:04,2120.0,P2P,Not applicable,Haryana,Axis Bank,Google Pay,Android,26-35,515,0,4,SUCCESS,0,Not fraud,
810177441712,2025-03-24 16:05:56,1760.58,Bill Payment,Education,Maharashtra,State Bank of India,PhonePe,Android,36-45,1363,0,6,SUCCESS,0,Not fraud,
968249262004,2025-03-24 17:34:12,218.5,P2M,Telecom & Recharge,Uttar Pradesh,Bank of Baroda,Other,Android,36-45,151,0,5,SUCCESS,0,Not fraud,
196330951625,2025-03-24 17:50:14,690.0,P2P,Not applicable,Odisha,HDFC Bank,PhonePe,Android,18-25,241,1,2,FAILED,0,Not fraud,
929969788731,2025-03-24 20:46:00,2567.6,P2P,Not applicable,Bihar,Canara Bank,PhonePe,Android,36-45,189,1,4,SUCCESS,0,Not fraud,
244244757891,2025-03-24 21:45:58,166.53,Autopay/Mandate,Utilities,Bihar,Union Bank of India,Paytm,Android,26-35,89,0,1,FAILED,0,Not fraud,
394385009002,2025-03-25 07:33:14,298.48,P2M,Telecom & Recharge,Andhra Pradesh,Bank of Baroda,Google Pay,Android,18-25,648,0,6,PENDING,0,Not fraud,
104750175750,2025-03-25 16:25:01,3400.0,Collect Request,Not applicable,Maharashtra,Other,Paytm,iOS,26-35,84,1,2,SUCCESS,0,Not fraud,
399486802408,2025-03-25 19:18:40,2770.0,P2P,Not applicable,Rajasthan,IndusInd Bank,PhonePe,Android,26-35,420,0,2,SUCCESS,0,Not fraud,
524805902382,2025-03-26 06:10:15,64530.9,P2M,Grocery & Supermarkets,Telangana,State Bank of India,Google Pay,Android,46-59,980,0,3,SUCCESS,1,Investment/Task Scam,18.6
578108876694,2025-03-27 16:37:29,736.21,P2P,Not applicable,Uttar Pradesh,State Bank of India,Google Pay,Android,46-59,399,1,1,SUCCESS,0,Not fraud,
858992793505,2025-03-27 16:49:29,1200.0,P2M,Education,Andhra Pradesh,ICICI Bank,Amazon Pay,Android,60+,1106,0,4,SUCCESS,0,Not fraud,
182045671220,2025-03-27 20:13:38,560.0,Collect Request,Not applicable,West Bengal,ICICI Bank,PhonePe,Android,36-45,2358,1,2,SUCCESS,0,Not fraud,
309049410093,2025-03-27 20:24:23,1210.0,P2M,Grocery & Supermarkets,Tamil Nadu,ICICI Bank,Google Pay,Android,36-45,925,0,3,SUCCESS,0,Not fraud,
139620505577,2025-03-27 23:23:56,150.0,P2M,Healthcare,Karnataka,Union Bank of India,Google Pay,Android,60+,706,0,6,SUCCESS,0,Not fraud,
826004981583,2025-03-28 19:48:41,500.0,P2P,Not applicable,Delhi,Other,Other,iOS,26-35,424,0,2,SUCCESS,0,Not fraud,
930340916887,2025-03-28 19:57:45,2236.74,Collect Request,Not applicable,Punjab,Other,PhonePe,Android,26-35,3335,1,2,SUCCESS,1,Fake Customer Care,38.5
650091415901,2025-03-28 20:59:36,750.18,P2M,Food & Dining,West Bengal,HDFC Bank,Google Pay,Android,26-35,1017,0,4,SUCCESS,0,Not fraud,
405348922073,2025-03-28 22:21:18,790.21,P2P,Not applicable,Haryana,ICICI Bank,PhonePe,Android,26-35,198,0,1,SUCCESS,0,Not fraud,
487708143095,2025-03-29 09:26:38,170.0,P2P,Not applicable,Rajasthan,Other,Other,Android,46-59,361,0,1,SUCCESS,0,Not fraud,
180169623988,2025-03-29 12:53:09,2510.0,P2M,Travel & Transport,Rajasthan,State Bank of India,Google Pay,Android,26-35,727,0,4,SUCCESS,0,Not fraud,
981419942369,2025-03-29 20:58:34,2100.0,P2M,Healthcare,Tamil Nadu,State Bank of India,PhonePe,iOS,18-25,2262,0,2,SUCCESS,0,Not fraud,
650892912476,2025-03-29 23:05:27,800.0,P2M,Grocery & Supermarkets,Chhattisgarh,ICICI Bank,Google Pay,Android,26-35,141,1,3,SUCCESS,0,Not fraud,
691848621247,2025-03-30 07:09:31,10675.39,Collect Request,Not applicable,Maharashtra,Other,Google Pay,Android,18-25,607,1,1,SUCCESS,0,Not fraud,
190758566334,2025-03-30 07:54:27,400.0,P2P,Not applicable,Telangana,Other,CRED,iOS,46-59,214,1,2,SUCCESS,0,Not fraud,
849578683817,2025-03-30 11:05:45,100.0,P2M,Entertainment & OTT,Telangana,HDFC Bank,Google Pay,Android,18-25,191,0,3,SUCCESS,0,Not fraud,
625267058093,2025-03-30 11:59:27,1007.85,P2M,Fuel,Uttar Pradesh,HDFC Bank,Google Pay,iOS,36-45,144,0,6,SUCCESS,0,Not fraud,
844643471825,2025-03-30 22:06:17,300.0,P2M,Financial Services,Telangana,Canara Bank,Other,Android,18-25,1435,0,3,SUCCESS,0,Not fraud,
356855734455,2025-03-31 12:30:50,5176.42,P2P,Not applicable,Maharashtra,ICICI Bank,PhonePe,iOS,18-25,281,0,6,SUCCESS,0,Not fraud,
242176922619,2025-03-31 13:22:58,117.25,P2M,Food & Dining,Maharashtra,HDFC Bank,Google Pay,Android,46-59,357,0,3,SUCCESS,0,Not fraud,
306073920612,2025-03-31 13:50:56,185.36,P2M,Grocery & Supermarkets,Assam,HDFC Bank,PhonePe,Android,18-25,581,0,4,SUCCESS,0,Not fraud,
709155383499,2025-03-31 15:54:36,320.0,P2M,Grocery & Supermarkets,Telangana,State Bank of India,PhonePe,Android,26-35,860,0,4,SUCCESS,0,Not fraud,
900085052417,2025-04-01 11:25:24,140.0,P2M,Grocery & Supermarkets,Goa,Punjab National Bank,PhonePe,iOS,36-45,2388,0,3,SUCCESS,0,Not fraud,
743526845158,2025-04-01 14:51:07,307.79,P2M,Others,Telangana,Bank of Baroda,PhonePe,Android,18-25,145,0,7,SUCCESS,0,Not fraud,
377536010179,2025-04-01 16:56:14,134.0,P2M,Grocery & Supermarkets,Odisha,Punjab National Bank,Google Pay,Android,26-35,178,1,5,SUCCESS,0,Not fraud,
441767729827,2025-04-02 11:56:37,2050.0,P2M,Grocery & Supermarkets,Rajasthan,Canara Bank,PhonePe,Android,26-35,977,1,2,SUCCESS,0,Not fraud,
291074481159,2025-04-02 19:18:15,2310.0,P2M,Fuel,Assam,Bank of India,PhonePe,Android,18-25,1831,0,4,SUCCESS,0,Not fraud,
128834753472,2025-04-02 21:35:14,146.32,P2M,Telecom & Recharge,Madhya Pradesh,Axis Bank,CRED,Android,46-59,1485,0,2,SUCCESS,0,Not fraud,
571330031188,2025-04-03 03:24:29,263.16,Autopay/Mandate,Financial Services,Karnataka,State Bank of India,PhonePe,Android,26-35,133,0,4,SUCCESS,0,Not fraud,
200429067479,2025-04-03 09:28:34,329.06,P2M,Food & Dining,Madhya Pradesh,HDFC Bank,Paytm,Android,46-59,888,0,3,SUCCESS,0,Not fraud,
524852201528,2025-04-03 11:39:47,970.0,Bill Payment,Utilities,Uttar Pradesh,State Bank of India,PhonePe,Android,26-35,117,0,3,SUCCESS,0,Not fraud,
866774068683,2025-04-03 17:05:30,2400.0,P2M,Travel & Transport,Tamil Nadu,Other,PhonePe,iOS,60+,132,0,4,SUCCESS,0,Not fraud,
757422277319,2025-04-03 21:46:47,957.36,P2M,Grocery & Supermarkets,Rajasthan,Axis Bank,PhonePe,iOS,36-45,828,0,4,SUCCESS,0,Not fraud,
744053636218,2025-04-04 10:36:34,484.12,P2M,Grocery & Supermarkets,Maharashtra,Canara Bank,Google Pay,Android,18-25,392,0,4,SUCCESS,0,Not fraud,
625074272960,2025-04-04 11:51:22,90.08,P2M,Grocery & Supermarkets,Tamil Nadu,Indian Bank,BHIM,Android,46-59,5720,0,4,SUCCESS,0,Not fraud,
249038542653,2025-04-04 22:55:27,1340.0,P2P,Not applicable,West Bengal,HDFC Bank,PhonePe,Android,26-35,624,0,2,SUCCESS,0,Not fraud,
923168369449,2025-04-05 09:54:31,700.0,P2P,Not applicable,Haryana,Axis Bank,PhonePe,Android,46-59,645,1,2,SUCCESS,0,Not fraud,
432957514445,2025-04-05 16:41:52,1630.0,P2M,Utilities,Haryana,Canara Bank,Google Pay,iOS,46-59,420,0,6,SUCCESS,0,Not fraud,
465124445822,2025-04-05 18:33:47,740.0,P2P,Not applicable,Rajasthan,State Bank of India,PhonePe,Android,18-25,4104,1,2,SUCCESS,0,Not fraud,
324557068233,2025-04-05 21:34:45,500.0,P2M,Grocery & Supermarkets,Andhra Pradesh,State Bank of India,Google Pay,Android,36-45,85,0,4,SUCCESS,0,Not fraud,
748358814419,2025-04-05 21:57:54,3700.0,Bill Payment,Utilities,Jammu & Kashmir,ICICI Bank,PhonePe,iOS,26-35,24,0,6,SUCCESS,0,Not fraud,
339470282164,2025-04-06 11:15:30,2820.0,P2M,Healthcare,Maharashtra,HDFC Bank,Google Pay,Android,36-45,430,1,6,SUCCESS,0,Not fraud,
887639176455,2025-04-06 16:21:45,4791.82,P2P,Not applicable,Uttar Pradesh,Bank of Baroda,Google Pay,iOS,46-59,2147,1,2,SUCCESS,0,Not fraud,
464371763307,2025-04-06 16:41:41,960.63,P2M,E-commerce,West Bengal,State Bank of India,Other,iOS,46-59,1189,0,6,SUCCESS,0,Not fraud,
338627461614,2025-04-06 17:27:47,131.38,P2M,Food & Dining,Telangana,Union Bank of India,PhonePe,Android,36-45,1081,0,3,SUCCESS,0,Not fraud,
942069522576,2025-04-06 18:27:29,1100.0,P2P,Not applicable,Rajasthan,Canara Bank,Google Pay,iOS,36-45,772,0,4,SUCCESS,0,Not fraud,
671408566678,2025-04-06 20:47:59,900.91,P2M,Healthcare,Rajasthan,ICICI Bank,PhonePe,Android,36-45,1738,0,4,SUCCESS,0,Not fraud,
783651281707,2025-04-07 18:15:51,6100.0,P2M,Fuel,Andhra Pradesh,Bank of Baroda,Paytm,Android,26-35,1543,0,3,SUCCESS,0,Not fraud,
133397663429,2025-04-07 20:50:48,1.0,P2M,Grocery & Supermarkets,Rajasthan,State Bank of India,Google Pay,Android,18-25,418,0,4,SUCCESS,0,Not fraud,
160560306965,2025-04-08 03:31:12,200.0,P2M,Grocery & Supermarkets,Telangana,HDFC Bank,Google Pay,Android,36-45,213,0,4,FAILED,0,Not fraud,
784190144890,2025-04-08 12:59:17,160.0,P2M,E-commerce,Gujarat,ICICI Bank,Paytm,Android,36-45,6000,0,4,SUCCESS,0,Not fraud,
239794457843,2025-04-08 14:06:45,31670.0,P2P,Not applicable,Uttar Pradesh,HDFC Bank,Paytm,Android,26-35,319,1,2,SUCCESS,0,Not fraud,
227629332389,2025-04-08 15:31:17,1072.53,P2P,Not applicable,Delhi,Bank of India,Google Pay,Android,36-45,515,0,4,SUCCESS,0,Not fraud,
418411577617,2025-04-08 18:16:18,400.0,P2M,Utilities,Maharashtra,State Bank of India,PhonePe,Android,36-45,225,0,5,SUCCESS,0,Not fraud,
152927081593,2025-04-08 19:20:33,593.92,Bill Payment,Utilities,Telangana,ICICI Bank,Google Pay,Android,26-35,374,0,5,SUCCESS,0,Not fraud,
924594562855,2025-04-08 19:44:45,44.44,P2M,Food & Dining,Tamil Nadu,State Bank of India,Google Pay,Android,36-45,245,0,5,SUCCESS,0,Not fraud,
891431045581,2025-04-09 06:14:16,1438.63,P2P,Not applicable,Goa,Bank of Baroda,PhonePe,iOS,18-25,676,0,1,SUCCESS,0,Not fraud,
427319190644,2025-04-09 13:29:41,1620.5,P2P,Not applicable,Rajasthan,Yes Bank,PhonePe,Android,26-35,906,0,2,SUCCESS,0,Not fraud,
407849881558,2025-04-09 16:13:56,3000.0,P2M,E-commerce,Haryana,Punjab National Bank,PhonePe,Android,18-25,2238,1,2,SUCCESS,0,Not fraud,
388481619598,2025-04-09 18:04:51,452.37,P2M,Grocery & Supermarkets,Jammu & Kashmir,Canara Bank,Paytm,Android,26-35,434,0,5,SUCCESS,0,Not fraud,
373682975492,2025-04-10 09:27:41,2589.54,P2M,Food & Dining,Tamil Nadu,State Bank of India,Google Pay,Android,36-45,950,0,6,SUCCESS,0,Not fraud,
231294099666,2025-04-10 12:38:18,1701.95,P2M,Fuel,Delhi,ICICI Bank,PhonePe,Android,36-45,294,0,2,SUCCESS,0,Not fraud,
877868452201,2025-04-10 17:37:25,1708.7,P2M,E-commerce,Bihar,ICICI Bank,Google Pay,iOS,18-25,317,0,6,SUCCESS,0,Not fraud,
854152212920,2025-04-10 18:06:11,2290.0,P2P,Not applicable,Chhattisgarh,Canara Bank,Paytm,Android,26-35,921,0,3,SUCCESS,0,Not fraud,
190525475668,2025-04-10 18:30:01,46.6,P2M,E-commerce,Rajasthan,State Bank of India,PhonePe,Android,26-35,534,1,6,SUCCESS,0,Not fraud,
248079965035,2025-04-10 20:08:37,180.0,P2M,Food & Dining,Telangana,Axis Bank,Google Pay,Android,46-59,733,0,4,SUCCESS,0,Not fraud,
385898738238,2025-04-10 20:45:02,1303.05,P2P,Not applicable,Gujarat,HDFC Bank,PhonePe,Android,60+,1573,1,1,SUCCESS,0,Not fraud,
356451870954,2025-04-11 02:09:48,500.0,P2M,Utilities,Maharashtra,State Bank of India,Paytm,Android,18-25,140,0,2,SUCCESS,0,Not fraud,
351304009846,2025-04-11 05:40:10,9400.0,P2P,Not applicable,Jharkhand,ICICI Bank,Google Pay,Android,26-35,340,1,3,SUCCESS,1,QR Code Scam,7.9
476538877208,2025-04-11 12:27:55,4921.72,Collect Request,Not applicable,Delhi,State Bank of India,PhonePe,Android,18-25,33,0,2,SUCCESS,0,Not fraud,
242192218435,2025-04-11 15:05:27,80.06,P2M,Financial Services,Maharashtra,Indian Bank,PhonePe,Android,26-35,114,0,4,SUCCESS,0,Not fraud,
312687596202,2025-04-11 16:58:43,1183.36,Autopay/Mandate,Entertainment & OTT,Tripura,State Bank of India,PhonePe,Android,60+,22,0,4,SUCCESS,0,Not fraud,
398680961131,2025-04-12 11:03:38,300.0,P2M,Food & Dining,Tamil Nadu,Axis Bank,Google Pay,Android,46-59,283,0,2,SUCCESS,0,Not fraud,
363646943419,2025-04-12 15:34:18,340.0,Autopay/Mandate,Financial Services,Andhra Pradesh,Other,PhonePe,Android,26-35,474,0,2,SUCCESS,0,Not fraud,
321883147214,2025-04-12 16:42:53,113.19,P2P,Not applicable,Rajasthan,State Bank of India,PhonePe,Android,46-59,1702,1,1,SUCCESS,0,Not fraud,
603412780708,2025-04-13 05:58:38,1809.34,Collect Request,Not applicable,Andhra Pradesh,Other,Google Pay,iOS,36-45,302,0,2,SUCCESS,0,Not fraud,
121186951047,2025-04-13 09:18:04,680.0,P2M,Fuel,Odisha,ICICI Bank,Amazon Pay,Android,18-25,331,1,3,SUCCESS,0,Not fraud,
788381492248,2025-04-13 11:52:12,420.0,P2M,Utilities,Bihar,State Bank of India,PhonePe,Android,18-25,1294,0,5,SUCCESS,0,Not fraud,
537025585476,2025-04-13 18:31:53,473.08,P2M,Telecom & Recharge,Gujarat,Canara Bank,Google Pay,Android,18-25,288,0,2,SUCCESS,0,Not fraud,
618616006754,2025-04-13 20:19:50,171.85,P2M,Food & Dining,Maharashtra,HDFC Bank,Google Pay,Android,26-35,843,0,6,SUCCESS,0,Not fraud,
873669945010,2025-04-13 20:41:46,5170.0,P2P,Not applicable,Andhra Pradesh,Canara Bank,Google Pay,Android,18-25,499,1,1,SUCCESS,1,Fake Customer Care,43.1
393903354880,2025-04-13 23:18:14,4530.0,Collect Request,Not applicable,Rajasthan,State Bank of India,Google Pay,Android,26-35,498,1,4,SUCCESS,1,Fake Collect Request,2.5
648807815693,2025-04-14 17:31:10,1531.89,P2M,E-commerce,Chhattisgarh,Other,PhonePe,Android,18-25,109,1,6,SUCCESS,0,Not fraud,
363728870542,2025-04-14 22:30:12,1200.0,P2M,Grocery & Supermarkets,Punjab,Kotak Mahindra Bank,PhonePe,Android,26-35,136,0,3,SUCCESS,0,Not fraud,
645356737430,2025-04-15 09:42:05,1706.86,P2P,Not applicable,Maharashtra,ICICI Bank,PhonePe,iOS,36-45,217,0,5,SUCCESS,0,Not fraud,
925734914100,2025-04-15 15:58:59,200.0,P2M,Telecom & Recharge,Rajasthan,State Bank of India,Google Pay,Android,26-35,2157,0,7,SUCCESS,0,Not fraud,
178589859167,2025-04-15 19:43:31,5176.14,Bill Payment,Utilities,Gujarat,HDFC Bank,Paytm,Android,18-25,1054,1,5,SUCCESS,1,Phishing/Vishing,65.1
325294775323,2025-04-15 20:04:53,297.38,P2M,Others,Karnataka,State Bank of India,PhonePe,Android,26-35,435,0,2,SUCCESS,0,Not fraud,
958722757418,2025-04-16 22:06:19,8230.0,Bill Payment,Utilities,Rajasthan,State Bank of India,Other,Android,18-25,1263,1,4,SUCCESS,1,Fake Customer Care,85.2
591327344812,2025-04-16 23:57:12,1005.95,P2P,Not applicable,Tripura,Punjab National Bank,PhonePe,Android,26-35,1636,0,3,SUCCESS,0,Not fraud,
661914854112,2025-04-17 12:55:21,3649.0,P2P,Not applicable,Kerala,HDFC Bank,PhonePe,Android,46-59,104,1,2,SUCCESS,0,Not fraud,
836048116076,2025-04-17 16:52:19,2700.0,Autopay/Mandate,Utilities,Karnataka,State Bank of India,PhonePe,Android,18-25,242,0,1,SUCCESS,0,Not fraud,
834619924173,2025-04-17 20:13:09,4210.0,P2P,Not applicable,Delhi,Other,Google Pay,Android,26-35,746,1,6,SUCCESS,1,Phishing/Vishing,26.5
296304234355,2025-04-17 21:55:51,186.82,P2M,E-commerce,Maharashtra,State Bank of India,Google Pay,Android,36-45,190,0,2,SUCCESS,0,Not fraud,
799021519737,2025-04-18 11:29:03,6348.23,P2M,E-commerce,Telangana,HDFC Bank,PhonePe,Android,26-35,297,1,4,SUCCESS,0,Not fraud,
408174059915,2025-04-18 15:56:56,5980.0,Bill Payment,Utilities,Maharashtra,Union Bank of India,Google Pay,Android,60+,1363,0,4,SUCCESS,0,Not fraud,
429500762764,2025-04-18 21:30:18,818.75,P2P,Not applicable,Andhra Pradesh,State Bank of India,Google Pay,Android,26-35,463,1,3,SUCCESS,0,Not fraud,
513890649394,2025-04-18 22:30:31,320.0,P2M,Food & Dining,West Bengal,State Bank of India,PhonePe,Android,60+,995,0,9,SUCCESS,0,Not fraud,
916576302030,2025-04-19 11:13:42,2200.0,P2P,Not applicable,West Bengal,ICICI Bank,PhonePe,iOS,46-59,353,1,1,SUCCESS,0,Not fraud,
779054681296,2025-04-19 14:52:34,889.67,P2P,Not applicable,Gujarat,Axis Bank,PhonePe,Android,26-35,1620,0,4,SUCCESS,0,Not fraud,
824167697770,2025-04-19 17:40:20,1822.27,P2P,Not applicable,Maharashtra,State Bank of India,Paytm,Android,18-25,706,0,1,SUCCESS,0,Not fraud,
345690030319,2025-04-19 21:37:25,691.33,P2P,Not applicable,Uttar Pradesh,State Bank of India,Google Pay,iOS,60+,971,0,3,SUCCESS,0,Not fraud,
841654464382,2025-04-19 23:50:04,300.0,P2M,Grocery & Supermarkets,Rajasthan,Other,PhonePe,Android,18-25,1422,0,7,SUCCESS,0,Not fraud,
404612946778,2025-04-20 18:13:57,586.9,P2M,Entertainment & OTT,Madhya Pradesh,Axis Bank,Google Pay,Android,26-35,452,0,7,SUCCESS,0,Not fraud,
707464463811,2025-04-20 22:10:01,88.68,P2P,Not applicable,Uttar Pradesh,Bank of Baroda,PhonePe,iOS,46-59,128,0,3,SUCCESS,0,Not fraud,
839074265937,2025-04-21 08:53:56,200.0,P2M,Grocery & Supermarkets,Telangana,HDFC Bank,Google Pay,Android,36-45,2510,1,6,SUCCESS,0,Not fraud,
633435204078,2025-04-21 20:30:21,3966.03,P2M,Financial Services,Tamil Nadu,Indian Bank,Google Pay,Android,26-35,6000,1,4,SUCCESS,0,Not fraud,
613962989154,2025-04-22 11:04:31,91.5,P2M,Others,Madhya Pradesh,Indian Bank,Google Pay,iOS,26-35,460,0,4,SUCCESS,0,Not fraud,
892730305488,2025-04-22 13:34:49,326.49,P2M,Food & Dining,Andhra Pradesh,IDFC FIRST Bank,Google Pay,iOS,18-25,850,0,2,SUCCESS,0,Not fraud,
827245425460,2025-04-22 14:08:01,5600.0,Collect Request,Not applicable,Bihar,HDFC Bank,Google Pay,iOS,26-35,1077,1,5,SUCCESS,1,Fake Collect Request,3.4
118459260663,2025-04-22 14:12:56,580.0,P2M,Fuel,Telangana,ICICI Bank,PhonePe,Android,26-35,677,0,2,SUCCESS,0,Not fraud,
440389828596,2025-04-22 15:39:54,430.0,P2M,Food & Dining,West Bengal,Other,Other,Android,18-25,1387,0,4,SUCCESS,0,Not fraud,
717127417849,2025-04-22 15:50:13,81.95,P2M,Food & Dining,Andhra Pradesh,Other,Paytm,iOS,26-35,587,0,7,SUCCESS,0,Not fraud,
148797552944,2025-04-22 19:23:28,220.0,P2M,Grocery & Supermarkets,Andhra Pradesh,Axis Bank,Paytm,Android,26-35,6000,0,6,SUCCESS,0,Not fraud,
232050145382,2025-04-23 10:00:53,381.1,P2M,Others,Rajasthan,HDFC Bank,PhonePe,Android,36-45,718,0,5,SUCCESS,0,Not fraud,
214203393330,2025-04-23 12:05:42,11190.0,Bill Payment,Utilities,Madhya Pradesh,State Bank of India,Paytm,Android,18-25,518,0,4,SUCCESS,0,Not fraud,
845744555655,2025-04-23 14:58:06,3100.0,P2P,Not applicable,Andhra Pradesh,State Bank of India,Google Pay,Android,26-35,2552,0,3,SUCCESS,0,Not fraud,
557466470382,2025-04-23 19:41:13,205.21,P2M,Entertainment & OTT,Tamil Nadu,State Bank of India,Google Pay,iOS,26-35,182,1,4,SUCCESS,0,Not fraud,
744815017555,2025-04-23 20:12:57,954.28,P2M,Travel & Transport,West Bengal,ICICI Bank,Paytm,Android,18-25,2483,0,5,SUCCESS,0,Not fraud,
735931113791,2025-04-24 15:18:38,193.3,P2P,Not applicable,West Bengal,State Bank of India,PhonePe,Android,26-35,1463,0,4,SUCCESS,0,Not fraud,
846900475195,2025-04-24 20:08:53,1400.0,P2M,Entertainment & OTT,Tamil Nadu,State Bank of India,PhonePe,Android,18-25,194,0,4,SUCCESS,0,Not fraud,
101122507595,2025-04-25 08:05:36,209.58,P2M,Telecom & Recharge,Andhra Pradesh,State Bank of India,CRED,Android,26-35,263,0,4,SUCCESS,0,Not fraud,
372518239970,2025-04-25 17:06:18,1761.54,P2M,E-commerce,Uttar Pradesh,Other,Google Pay,Android,60+,770,0,3,SUCCESS,0,Not fraud,
832489873851,2025-04-25 18:20:21,2492.23,Collect Request,Not applicable,Bihar,ICICI Bank,Google Pay,Android,26-35,6000,1,4,SUCCESS,0,Not fraud,
494567701312,2025-04-25 21:42:25,50.0,P2M,Grocery & Supermarkets,Tamil Nadu,Kotak Mahindra Bank,PhonePe,Android,36-45,2104,0,6,SUCCESS,0,Not fraud,
102809615579,2025-04-26 02:27:06,290.0,P2M,Healthcare,Maharashtra,Axis Bank,Google Pay,iOS,26-35,6000,1,7,SUCCESS,0,Not fraud,
282570429092,2025-04-26 12:10:59,610.0,P2M,Telecom & Recharge,Jharkhand,Indian Bank,Amazon Pay,iOS,18-25,282,0,2,SUCCESS,0,Not fraud,
932732603655,2025-04-26 15:55:42,1600.0,P2M,Financial Services,Gujarat,HDFC Bank,Google Pay,Android,26-35,1632,0,8,SUCCESS,0,Not fraud,
820724964356,2025-04-26 17:03:59,770.0,P2M,Utilities,Uttar Pradesh,Bank of Baroda,PhonePe,Android,26-35,329,0,6,SUCCESS,0,Not fraud,
311292499497,2025-04-26 19:45:44,60.0,P2M,Telecom & Recharge,Karnataka,State Bank of India,Google Pay,Android,26-35,4859,1,4,SUCCESS,0,Not fraud,
941381773598,2025-04-27 19:35:15,700.0,P2M,Travel & Transport,Uttar Pradesh,Kotak Mahindra Bank,Google Pay,iOS,46-59,848,0,5,SUCCESS,0,Not fraud,
418243452938,2025-04-27 20:44:30,671.46,P2P,Not applicable,Telangana,Union Bank of India,Google Pay,Android,36-45,350,1,5,SUCCESS,0,Not fraud,
154831194486,2025-04-27 23:31:53,240.0,P2M,Food & Dining,Telangana,Indian Bank,PhonePe,Android,46-59,3331,0,3,SUCCESS,0,Not fraud,
354133923607,2025-04-28 19:07:00,1900.0,P2M,E-commerce,Andhra Pradesh,State Bank of India,PhonePe,Android,36-45,4599,0,4,FAILED,0,Not fraud,
865104927878,2025-04-28 19:50:13,4050.0,Collect Request,Not applicable,Karnataka,Axis Bank,Google Pay,Android,26-35,536,1,3,SUCCESS,1,Fake Collect Request,19.7
868132110521,2025-04-28 20:13:40,2310.0,Bill Payment,Telecom & Recharge,Haryana,Punjab National Bank,PhonePe,Android,46-59,908,0,2,SUCCESS,0,Not fraud,
803350671192,2025-04-28 21:58:54,2018.63,P2M,Grocery & Supermarkets,Delhi,State Bank of India,Google Pay,Android,46-59,1244,0,2,SUCCESS,0,Not fraud,
203525478173,2025-04-28 23:38:24,1646.23,P2M,Travel & Transport,Tamil Nadu,HDFC Bank,PhonePe,Android,46-59,374,0,4,SUCCESS,0,Not fraud,
215132130688,2025-04-29 17:58:40,120.0,P2M,Food & Dining,Maharashtra,Other,Google Pay,Android,26-35,375,0,5,SUCCESS,0,Not fraud,
159684247928,2025-04-29 18:53:49,613.91,Autopay/Mandate,Financial Services,Maharashtra,Axis Bank,Google Pay,Android,26-35,2238,0,2,SUCCESS,0,Not fraud,
227164139834,2025-04-30 07:46:02,1463.16,Bill Payment,Financial Services,Karnataka,HDFC Bank,Google Pay,iOS,60+,166,0,3,SUCCESS,0,Not fraud,
242284741035,2025-04-30 18:14:27,900.0,P2M,Education,Jharkhand,IndusInd Bank,PhonePe,Android,26-35,183,0,7,SUCCESS,0,Not fraud,
925193474280,2025-04-30 18:52:54,480.0,P2P,Not applicable,Tamil Nadu,Union Bank of India,PhonePe,Android,26-35,805,1,2,SUCCESS,0,Not fraud,
805472712095,2025-04-30 20:46:29,145.94,P2M,Entertainment & OTT,Haryana,Axis Bank,Google Pay,Android,26-35,3649,0,3,SUCCESS,0,Not fraud,
256656182079,2025-04-30 20:50:16,1287.18,Bill Payment,Telecom & Recharge,Telangana,HDFC Bank,Paytm,iOS,46-59,174,0,3,SUCCESS,0,Not fraud,
919233493213,2025-05-01 07:23:07,194.95,P2P,Not applicable,Haryana,Bank of Baroda,PhonePe,Android,26-35,316,1,3,SUCCESS,0,Not fraud,
336981065846,2025-05-01 08:59:26,929.99,P2P,Not applicable,Bihar,Other,Google Pay,Android,26-35,451,0,4,SUCCESS,0,Not fraud,
516916884581,2025-05-01 13:47:16,850.65,Collect Request,Not applicable,Odisha,Canara Bank,PhonePe,iOS,18-25,3239,1,2,SUCCESS,0,Not fraud,
172013819586,2025-05-01 14:17:08,403.83,P2M,Grocery & Supermarkets,Andhra Pradesh,Other,Google Pay,Android,26-35,4053,0,7,SUCCESS,0,Not fraud,
983664967839,2025-05-01 20:51:17,500.0,P2P,Not applicable,Uttar Pradesh,Indian Bank,Paytm,Android,26-35,645,0,4,SUCCESS,0,Not fraud,
235904093980,2025-05-01 23:31:53,4492.07,P2P,Not applicable,Maharashtra,Other,Google Pay,Android,18-25,183,0,3,SUCCESS,0,Not fraud,
125459649167,2025-05-02 16:54:10,180.0,P2M,Grocery & Supermarkets,Karnataka,Union Bank of India,PhonePe,Android,18-25,44,0,3,SUCCESS,0,Not fraud,
599056775472,2025-05-03 00:13:47,400.0,P2M,E-commerce,Bihar,State Bank of India,Amazon Pay,iOS,18-25,883,0,4,SUCCESS,0,Not fraud,
835318993174,2025-05-03 07:08:18,1970.0,P2P,Not applicable,Maharashtra,HDFC Bank,PhonePe,Android,18-25,812,0,2,SUCCESS,0,Not fraud,
384316825700,2025-05-03 10:24:57,3740.0,P2P,Not applicable,Karnataka,HDFC Bank,Google Pay,Android,46-59,434,0,3,SUCCESS,0,Not fraud,
964555884933,2025-05-03 11:07:15,2332.82,P2M,E-commerce,Delhi,Other,Google Pay,Android,36-45,492,0,3,SUCCESS,0,Not fraud,
886606007514,2025-05-03 16:49:29,208.85,Autopay/Mandate,Financial Services,Maharashtra,Bank of Baroda,PhonePe,Android,26-35,1203,0,2,SUCCESS,0,Not fraud,
896744123883,2025-05-05 08:32:08,7360.0,P2M,Travel & Transport,Maharashtra,Kotak Mahindra Bank,PhonePe,Android,46-59,766,0,3,SUCCESS,0,Not fraud,
115753572636,2025-05-05 09:33:35,638.23,P2P,Not applicable,Tamil Nadu,State Bank of India,Google Pay,Android,26-35,413,0,1,SUCCESS,0,Not fraud,
744367870410,2025-05-05 09:48:00,238.48,P2M,Grocery & Supermarkets,Bihar,HDFC Bank,Google Pay,Android,26-35,1949,0,5,SUCCESS,0,Not fraud,
976471672202,2025-05-05 12:55:12,5100.0,P2P,Not applicable,Maharashtra,State Bank of India,PhonePe,Android,26-35,420,0,7,SUCCESS,0,Not fraud,
588044394623,2025-05-05 23:41:44,4635.69,P2M,Fuel,Madhya Pradesh,State Bank of India,PhonePe,Android,26-35,1727,1,2,SUCCESS,0,Not fraud,
276852009889,2025-05-06 10:30:18,1812.28,P2P,Not applicable,West Bengal,Union Bank of India,PhonePe,Android,26-35,297,0,2,SUCCESS,0,Not fraud,
182250411026,2025-05-06 11:27:38,470.0,P2M,Food & Dining,Andhra Pradesh,State Bank of India,Google Pay,Android,46-59,760,0,5,SUCCESS,0,Not fraud,
708990492261,2025-05-06 12:22:22,100.0,P2M,Food & Dining,Andhra Pradesh,Canara Bank,Google Pay,Android,18-25,2524,0,5,SUCCESS,0,Not fraud,
758705330601,2025-05-07 01:09:24,3481.44,P2P,Not applicable,Andhra Pradesh,Other,PhonePe,iOS,26-35,2395,0,3,SUCCESS,0,Not fraud,
609526682137,2025-05-07 08:07:16,440.0,P2M,Food & Dining,Rajasthan,HDFC Bank,PhonePe,Android,18-25,3961,0,6,SUCCESS,0,Not fraud,
118624835997,2025-05-07 08:39:26,4370.0,P2M,E-commerce,Haryana,Canara Bank,Google Pay,Android,60+,469,0,3,SUCCESS,0,Not fraud,
722677876037,2025-05-07 09:01:11,2800.0,Autopay/Mandate,Education,Telangana,ICICI Bank,Other,Android,36-45,114,0,3,SUCCESS,0,Not fraud,
249912258983,2025-05-07 11:39:23,819.13,P2M,Food & Dining,Andhra Pradesh,State Bank of India,PhonePe,Android,46-59,796,0,6,SUCCESS,0,Not fraud,
104217627441,2025-05-07 17:21:13,800.0,P2P,Not applicable,Tamil Nadu,Bank of Baroda,PhonePe,Android,26-35,591,0,3,SUCCESS,0,Not fraud,
104648402857,2025-05-07 18:14:17,1030.0,P2P,Not applicable,Maharashtra,ICICI Bank,Google Pay,Android,18-25,636,0,2,SUCCESS,0,Not fraud,
599733581628,2025-05-08 07:41:13,100.0,P2P,Not applicable,Kerala,Kotak Mahindra Bank,PhonePe,Android,46-59,285,1,2,SUCCESS,0,Not fraud,
500232922613,2025-05-08 14:39:52,182.9,P2M,Utilities,Andhra Pradesh,Other,Google Pay,Android,26-35,851,0,5,SUCCESS,0,Not fraud,
820128131568,2025-05-08 20:45:57,12800.0,P2M,E-commerce,Tamil Nadu,State Bank of India,Google Pay,Android,26-35,66,0,6,SUCCESS,0,Not fraud,
850087535824,2025-05-08 22:43:47,1992.7,Collect Request,Not applicable,Karnataka,State Bank of India,PhonePe,Android,18-25,783,1,7,SUCCESS,1,Phishing/Vishing,33.6
644198036240,2025-05-09 15:42:39,840.0,P2M,Travel & Transport,Chhattisgarh,Other,Other,Android,36-45,120,1,5,FAILED,0,Not fraud,
837922110770,2025-05-09 17:43:04,570.0,P2P,Not applicable,Madhya Pradesh,ICICI Bank,Google Pay,Android,18-25,423,0,4,SUCCESS,0,Not fraud,
351945535000,2025-05-09 22:27:29,1710.0,P2P,Not applicable,Maharashtra,Other,Google Pay,Android,18-25,931,1,2,FAILED,0,Not fraud,
307930347293,2025-05-10 02:24:12,410.0,P2P,Not applicable,Andhra Pradesh,Axis Bank,PhonePe,Android,18-25,466,0,1,SUCCESS,0,Not fraud,
983531049697,2025-05-10 10:36:32,194.35,P2M,Grocery & Supermarkets,Punjab,State Bank of India,Google Pay,iOS,36-45,2762,1,4,FAILED,0,Not fraud,
808338005562,2025-05-10 14:06:13,420.0,P2P,Not applicable,Odisha,State Bank of India,PhonePe,Android,26-35,3284,0,4,SUCCESS,0,Not fraud,
845578190649,2025-05-10 14:16:34,100.0,P2M,Grocery & Supermarkets,Karnataka,ICICI Bank,Google Pay,Android,60+,833,0,6,SUCCESS,0,Not fraud,
302276705484,2025-05-10 19:04:30,700.0,Collect Request,Not applicable,Maharashtra,State Bank of India,Paytm,Android,18-25,1137,1,4,PENDING,0,Not fraud,
451678436690,2025-05-11 17:22:20,444.61,P2M,Grocery & Supermarkets,Maharashtra,Kotak Mahindra Bank,PhonePe,Android,36-45,146,0,3,SUCCESS,0,Not fraud,
145111037858,2025-05-12 07:10:22,4240.05,P2P,Not applicable,Delhi,Indian Bank,PhonePe,Android,60+,6000,0,2,SUCCESS,0,Not fraud,
148641817453,2025-05-12 13:48:20,731.23,P2M,Financial Services,Kerala,Other,Google Pay,Android,26-35,2366,0,5,SUCCESS,0,Not fraud,
238378616531,2025-05-12 16:02:18,1106.77,P2M,Food & Dining,West Bengal,Other,Amazon Pay,Android,26-35,1421,0,4,SUCCESS,0,Not fraud,
725455024925,2025-05-12 16:47:54,383.5,Bill Payment,Utilities,Telangana,ICICI Bank,PhonePe,Android,36-45,1552,0,2,SUCCESS,0,Not fraud,
290456743277,2025-05-13 13:48:59,720.0,P2M,Travel & Transport,Chhattisgarh,Other,PhonePe,Android,60+,2566,0,4,SUCCESS,0,Not fraud,
308531530766,2025-05-13 16:51:24,681.66,Bill Payment,Telecom & Recharge,Andhra Pradesh,HDFC Bank,PhonePe,iOS,26-35,29,0,2,SUCCESS,0,Not fraud,
725200391951,2025-05-13 17:51:42,480.0,P2M,Healthcare,Maharashtra,Kotak Mahindra Bank,PhonePe,Android,36-45,435,0,3,SUCCESS,0,Not fraud,
969360986384,2025-05-14 10:15:14,600.0,P2M,Utilities,Karnataka,Other,BHIM,Feature Phone (USSD),26-35,1169,0,3,SUCCESS,0,Not fraud,
752673691495,2025-05-14 10:38:42,1800.0,P2M,E-commerce,Uttarakhand,State Bank of India,Other,Feature Phone (USSD),18-25,1422,0,4,SUCCESS,0,Not fraud,
321947413757,2025-05-14 14:41:38,1520.0,P2P,Not applicable,Himachal Pradesh,Yes Bank,PhonePe,Android,36-45,503,1,3,SUCCESS,0,Not fraud,
416588035003,2025-05-14 20:38:58,1850.0,P2M,Education,Tamil Nadu,State Bank of India,BHIM,Android,26-35,646,0,7,SUCCESS,0,Not fraud,
569813145081,2025-05-15 17:04:38,466.28,P2M,E-commerce,West Bengal,Other,Google Pay,Android,26-35,3285,0,6,SUCCESS,0,Not fraud,
842188106486,2025-05-15 18:13:18,200.0,P2M,E-commerce,West Bengal,State Bank of India,Other,iOS,26-35,403,1,4,SUCCESS,0,Not fraud,
842638036289,2025-05-15 20:54:30,390.0,P2M,Food & Dining,Andhra Pradesh,State Bank of India,Google Pay,Android,46-59,4745,0,3,SUCCESS,0,Not fraud,
789112870990,2025-05-16 16:59:29,660.0,P2M,Grocery & Supermarkets,Uttarakhand,Axis Bank,Google Pay,Android,26-35,113,0,6,SUCCESS,0,Not fraud,
969328240441,2025-05-16 18:43:12,3480.0,P2M,E-commerce,Haryana,ICICI Bank,PhonePe,Android,26-35,756,0,7,SUCCESS,0,Not fraud,
984760737495,2025-05-16 20:59:30,152.02,Collect Request,Not applicable,Odisha,Other,PhonePe,Android,60+,148,1,2,SUCCESS,0,Not fraud,
969387681258,2025-05-17 16:20:26,200.0,P2M,Grocery & Supermarkets,Chhattisgarh,State Bank of India,Google Pay,Android,18-25,981,1,3,SUCCESS,0,Not fraud,
797717771892,2025-05-17 17:27:30,630.0,P2M,Fuel,Telangana,Indian Bank,PhonePe,Android,26-35,1503,0,4,SUCCESS,0,Not fraud,
282965624984,2025-05-17 21:31:09,1315.63,P2M,Grocery & Supermarkets,Jharkhand,Yes Bank,PhonePe,Android,46-59,841,0,6,SUCCESS,0,Not fraud,
851921200582,2025-05-17 22:20:20,913.23,Bill Payment,Utilities,Delhi,State Bank of India,PhonePe,Android,36-45,125,0,2,SUCCESS,0,Not fraud,
413781570190,2025-05-18 16:13:00,400.0,Collect Request,Not applicable,Maharashtra,ICICI Bank,PhonePe,Android,18-25,2634,0,5,SUCCESS,0,Not fraud,
221485992765,2025-05-18 18:29:57,535.45,P2M,Fuel,Haryana,ICICI Bank,PhonePe,iOS,46-59,297,1,6,SUCCESS,0,Not fraud,
375306761953,2025-05-18 19:54:58,979.56,P2P,Not applicable,Maharashtra,State Bank of India,PhonePe,Android,36-45,170,0,2,SUCCESS,0,Not fraud,
227301576520,2025-05-19 07:44:54,2240.0,P2M,E-commerce,Delhi,HDFC Bank,PhonePe,Android,60+,290,0,4,SUCCESS,0,Not fraud,
685463206090,2025-05-19 10:02:28,243.66,P2P,Not applicable,Haryana,Punjab National Bank,Paytm,iOS,26-35,373,0,3,SUCCESS,0,Not fraud,
151501671515,2025-05-19 13:39:05,1980.0,P2P,Not applicable,Maharashtra,State Bank of India,PhonePe,Android,46-59,115,1,4,SUCCESS,0,Not fraud,
364594680363,2025-05-19 17:02:28,1994.46,P2M,Food & Dining,Madhya Pradesh,Bank of Baroda,PhonePe,Android,18-25,398,0,2,SUCCESS,0,Not fraud,
480025809617,2025-05-19 20:37:10,63.21,P2M,Grocery & Supermarkets,Maharashtra,Axis Bank,PhonePe,Android,36-45,1070,1,2,SUCCESS,0,Not fraud,
924850628829,2025-05-20 14:37:08,800.0,P2P,Not applicable,Karnataka,Bank of Baroda,PhonePe,Android,18-25,159,0,3,SUCCESS,0,Not fraud,
160436533823,2025-05-21 04:58:10,266.84,P2M,E-commerce,Telangana,Punjab National Bank,Google Pay,Android,18-25,2286,1,5,FAILED,0,Not fraud,
880881506813,2025-05-21 06:33:00,900.0,Bill Payment,Telecom & Recharge,Uttar Pradesh,HDFC Bank,Google Pay,Android,18-25,2056,0,2,SUCCESS,0,Not fraud,
635538050749,2025-05-21 13:57:42,500.0,P2M,Food & Dining,Gujarat,Indian Bank,Other,Android,46-59,191,0,5,SUCCESS,0,Not fraud,
483597102363,2025-05-21 19:34:43,1200.0,P2M,Utilities,Tamil Nadu,Bank of Baroda,PhonePe,iOS,18-25,150,0,4,SUCCESS,0,Not fraud,
210845514409,2025-05-21 23:03:41,3440.0,P2P,Not applicable,Andhra Pradesh,State Bank of India,Amazon Pay,Android,26-35,491,1,2,SUCCESS,0,Not fraud,
841556564291,2025-05-22 19:03:10,600.0,P2M,Food & Dining,Maharashtra,Canara Bank,Paytm,Android,18-25,1170,0,2,SUCCESS,0,Not fraud,
900937732231,2025-05-22 22:55:51,109.16,P2M,Grocery & Supermarkets,Maharashtra,Kotak Mahindra Bank,Other,Android,36-45,542,0,4,SUCCESS,0,Not fraud,
597109580310,2025-05-23 11:44:46,139.44,P2M,Entertainment & OTT,Gujarat,State Bank of India,PhonePe,Android,36-45,402,0,3,SUCCESS,0,Not fraud,
385901728922,2025-05-23 11:54:06,1200.0,P2P,Not applicable,Andhra Pradesh,Punjab National Bank,Paytm,iOS,18-25,631,0,5,SUCCESS,1,Phishing/Vishing,16.4
502911019670,2025-05-24 06:11:19,1210.0,P2M,Telecom & Recharge,Odisha,Canara Bank,Google Pay,Android,26-35,3029,0,5,SUCCESS,0,Not fraud,
653274600097,2025-05-24 09:29:53,2422.74,Bill Payment,Financial Services,West Bengal,State Bank of India,Google Pay,Android,46-59,188,0,3,SUCCESS,0,Not fraud,
797254461733,2025-05-24 11:42:39,200.0,P2M,Grocery & Supermarkets,Bihar,Punjab National Bank,PhonePe,Android,18-25,1420,0,5,SUCCESS,0,Not fraud,
392792403040,2025-05-24 13:38:40,26811.91,P2P,Not applicable,Maharashtra,Canara Bank,Google Pay,Android,18-25,75,0,2,SUCCESS,1,Remote Access App Scam,7.6
941460013983,2025-05-24 19:26:55,440.02,P2M,Telecom & Recharge,Maharashtra,State Bank of India,PhonePe,Android,26-35,3973,1,8,SUCCESS,0,Not fraud,
170203375742,2025-05-24 20:49:37,165.79,Autopay/Mandate,Utilities,Tamil Nadu,HDFC Bank,PhonePe,Android,26-35,2667,0,3,SUCCESS,0,Not fraud,
667629658700,2025-05-25 22:53:45,534.35,P2P,Not applicable,Andhra Pradesh,HDFC Bank,PhonePe,Android,36-45,89,0,1,SUCCESS,0,Not fraud,
904258139943,2025-05-26 05:07:32,1195.3,P2P,Not applicable,Maharashtra,Union Bank of India,PhonePe,iOS,18-25,74,0,1,SUCCESS,0,Not fraud,
729454011836,2025-05-26 06:38:53,160.0,Autopay/Mandate,Financial Services,Karnataka,ICICI Bank,PhonePe,Android,46-59,1541,1,5,SUCCESS,0,Not fraud,
216199259204,2025-05-26 09:51:26,1070.0,P2P,Not applicable,Tamil Nadu,Axis Bank,Google Pay,Android,26-35,6000,0,1,FAILED,0,Not fraud,
984298222460,2025-05-26 12:26:16,1645.13,P2P,Not applicable,Tamil Nadu,Kotak Mahindra Bank,Google Pay,iOS,36-45,1983,0,4,SUCCESS,0,Not fraud,
820366844631,2025-05-26 14:06:35,680.95,P2M,Food & Dining,Rajasthan,Other,Paytm,Android,46-59,901,0,3,SUCCESS,0,Not fraud,
255425417170,2025-05-26 18:50:34,75123.96,P2P,Not applicable,Maharashtra,Bank of India,Google Pay,Android,26-35,23,0,4,SUCCESS,1,Remote Access App Scam,252.2
257947748258,2025-05-27 00:40:17,730.0,P2P,Not applicable,West Bengal,IDFC FIRST Bank,Paytm,iOS,36-45,266,1,3,FAILED,0,Not fraud,
134360974539,2025-05-27 13:47:38,600.0,P2M,Education,Uttar Pradesh,Other,PhonePe,Android,18-25,1982,0,4,SUCCESS,0,Not fraud,
779378477065,2025-05-27 15:27:05,200.0,P2M,Others,Karnataka,ICICI Bank,Google Pay,Android,18-25,359,0,8,SUCCESS,0,Not fraud,
316586869840,2025-05-27 15:38:53,406.49,P2M,Entertainment & OTT,Kerala,Union Bank of India,PhonePe,Android,26-35,6000,0,4,SUCCESS,0,Not fraud,
782984215111,2025-05-27 18:26:34,825.83,P2M,Financial Services,Karnataka,Kotak Mahindra Bank,Google Pay,Android,46-59,1660,0,3,SUCCESS,0,Not fraud,
162316356145,2025-05-27 19:34:02,620.0,P2P,Not applicable,Uttar Pradesh,State Bank of India,Google Pay,Android,26-35,435,1,1,SUCCESS,0,Not fraud,
820675609234,2025-05-27 20:25:15,160.0,P2M,Fuel,Uttar Pradesh,Other,Amazon Pay,Android,18-25,65,1,3,SUCCESS,0,Not fraud,
645875997755,2025-05-27 21:19:54,886.94,P2P,Not applicable,Tamil Nadu,Indian Bank,Google Pay,Android,36-45,546,0,4,SUCCESS,0,Not fraud,
590420875020,2025-05-28 15:30:49,257.5,Autopay/Mandate,Financial Services,Tripura,HDFC Bank,Google Pay,Android,36-45,674,0,1,SUCCESS,0,Not fraud,
553585069788,2025-05-29 16:09:43,1115.65,P2P,Not applicable,Bihar,State Bank of India,PhonePe,Android,18-25,105,0,5,SUCCESS,0,Not fraud,
409151848250,2025-05-29 19:18:27,80.0,P2M,Telecom & Recharge,West Bengal,HDFC Bank,Other,Android,26-35,1548,0,2,SUCCESS,0,Not fraud,
689693487905,2025-05-30 09:02:56,612.57,P2P,Not applicable,Karnataka,State Bank of India,PhonePe,Android,18-25,467,0,1,SUCCESS,0,Not fraud,
338377208599,2025-05-30 10:11:12,110.0,P2M,Entertainment & OTT,Jharkhand,Punjab National Bank,PhonePe,Android,26-35,162,0,5,SUCCESS,0,Not fraud,
861631664065,2025-05-30 19:29:51,1368.83,Collect Request,Not applicable,Kerala,Bank of Baroda,PhonePe,Android,26-35,650,1,2,SUCCESS,0,Not fraud,
431787133267,2025-05-31 00:18:37,3000.0,Collect Request,Not applicable,Gujarat,HDFC Bank,Paytm,Android,26-35,1486,1,1,SUCCESS,0,Not fraud,
954496596715,2025-05-31 16:09:00,70.0,P2M,Telecom & Recharge,Maharashtra,State Bank of India,PhonePe,Android,60+,228,0,6,SUCCESS,0,Not fraud,
562195520251,2025-05-31 18:51:10,900.0,Bill Payment,Education,Madhya Pradesh,Bank of India,PhonePe,Android,26-35,1025,0,5,SUCCESS,0,Not fraud,
395978599105,2025-05-31 23:26:45,7139.6,Collect Request,Not applicable,Tamil Nadu,Other,Google Pay,iOS,46-59,366,1,3,SUCCESS,0,Not fraud,
992120159099,2025-06-01 08:01:03,2900.0,P2P,Not applicable,Maharashtra,Punjab National Bank,PhonePe,Android,26-35,1514,0,4,SUCCESS,0,Not fraud,
995032918877,2025-06-01 08:54:37,2230.0,Bill Payment,Telecom & Recharge,West Bengal,Other,PhonePe,Android,18-25,630,0,3,SUCCESS,0,Not fraud,
802411042085,2025-06-01 14:23:47,1688.29,Autopay/Mandate,Entertainment & OTT,Karnataka,State Bank of India,Google Pay,iOS,60+,972,0,2,SUCCESS,0,Not fraud,
450788506527,2025-06-01 15:09:29,500.0,P2P,Not applicable,Haryana,State Bank of India,Amazon Pay,Android,36-45,811,1,2,SUCCESS,0,Not fraud,
560135191576,2025-06-01 15:09:37,564.28,P2M,Healthcare,Haryana,State Bank of India,PhonePe,Android,26-35,2769,0,2,SUCCESS,0,Not fraud,
764446766869,2025-06-01 17:09:20,490.0,P2M,Healthcare,Karnataka,ICICI Bank,PhonePe,iOS,46-59,398,0,2,SUCCESS,0,Not fraud,
459065714028,2025-06-01 18:06:50,440.0,Collect Request,Not applicable,West Bengal,ICICI Bank,Google Pay,Android,26-35,98,1,1,SUCCESS,0,Not fraud,
674458270760,2025-06-02 07:23:29,700.0,Autopay/Mandate,Utilities,Tamil Nadu,IDFC FIRST Bank,Paytm,Android,26-35,3715,0,3,SUCCESS,0,Not fraud,
186637503983,2025-06-02 08:47:48,159.64,P2M,Grocery & Supermarkets,Andhra Pradesh,State Bank of India,Google Pay,Android,60+,5151,0,4,SUCCESS,0,Not fraud,
817878510669,2025-06-02 10:41:23,90.0,P2M,Grocery & Supermarkets,Madhya Pradesh,State Bank of India,PhonePe,Android,26-35,440,0,5,FAILED,0,Not fraud,
218218310894,2025-06-02 21:09:07,194.23,P2M,Grocery & Supermarkets,Bihar,Other,Google Pay,Android,26-35,828,0,4,DEEMED,0,Not fraud,
754927487794,2025-06-02 21:19:58,400.0,P2M,Utilities,West Bengal,ICICI Bank,Google Pay,Android,18-25,3736,0,5,SUCCESS,0,Not fraud,
673681395789,2025-06-02 21:49:14,115.95,P2M,Food & Dining,Tamil Nadu,Other,PhonePe,iOS,18-25,634,0,2,SUCCESS,0,Not fraud,
816491221475,2025-06-03 12:44:11,5170.0,P2P,Not applicable,Telangana,State Bank of India,Paytm,Android,26-35,653,0,3,SUCCESS,0,Not fraud,
456627049836,2025-06-03 16:22:18,400.0,P2M,Grocery & Supermarkets,Haryana,Other,Paytm,Android,60+,3826,0,5,SUCCESS,0,Not fraud,
222744548597,2025-06-03 20:27:22,2573.04,P2P,Not applicable,Maharashtra,IDFC FIRST Bank,BHIM,Android,26-35,106,1,5,SUCCESS,0,Not fraud,
921301948468,2025-06-04 13:48:01,728.31,P2P,Not applicable,Tamil Nadu,Bank of India,PhonePe,Android,18-25,1370,0,1,SUCCESS,0,Not fraud,
125875461597,2025-06-04 14:48:30,500.0,Collect Request,Not applicable,Gujarat,Axis Bank,Paytm,Android,26-35,167,0,1,SUCCESS,0,Not fraud,
694137569697,2025-06-04 15:29:49,569.89,P2M,Telecom & Recharge,Uttar Pradesh,Punjab National Bank,Google Pay,Android,26-35,565,0,4,SUCCESS,0,Not fraud,
420132396627,2025-06-04 15:35:18,390.0,P2P,Not applicable,Uttar Pradesh,State Bank of India,Google Pay,Android,46-59,2685,1,2,SUCCESS,0,Not fraud,
776113127391,2025-06-04 17:15:11,308.41,P2P,Not applicable,Telangana,Canara Bank,PhonePe,Android,18-25,1110,0,3,SUCCESS,0,Not fraud,
207610475179,2025-06-04 19:19:08,1030.0,Bill Payment,Telecom & Recharge,Telangana,ICICI Bank,Paytm,Android,46-59,742,0,3,SUCCESS,0,Not fraud,
949999746806,2025-06-05 09:23:32,90.0,P2M,Grocery & Supermarkets,West Bengal,IndusInd Bank,Google Pay,Android,36-45,49,0,3,SUCCESS,0,Not fraud,
328963292402,2025-06-05 10:21:10,534.05,P2M,Travel & Transport,Maharashtra,State Bank of India,PhonePe,Android,26-35,2347,0,5,SUCCESS,0,Not fraud,
764595387370,2025-06-05 17:11:58,1470.0,P2M,Grocery & Supermarkets,Telangana,State Bank of India,PhonePe,Android,18-25,92,0,5,SUCCESS,0,Not fraud,
312306274334,2025-06-05 20:15:07,900.0,P2P,Not applicable,Rajasthan,ICICI Bank,PhonePe,Android,46-59,423,0,4,SUCCESS,0,Not fraud,
884927976664,2025-06-05 20:47:24,400.0,P2P,Not applicable,Gujarat,State Bank of India,PhonePe,Android,36-45,849,1,1,SUCCESS,0,Not fraud,
115435071611,2025-06-06 12:31:58,400.7,P2M,Utilities,Chhattisgarh,HDFC Bank,Google Pay,Android,18-25,338,0,2,SUCCESS,0,Not fraud,
405353117221,2025-06-06 13:58:23,60.0,P2M,Telecom & Recharge,Maharashtra,HDFC Bank,Google Pay,Android,36-45,466,0,5,SUCCESS,0,Not fraud,
551009970087,2025-06-06 20:19:11,2000.0,P2M,Telecom & Recharge,Maharashtra,Axis Bank,Google Pay,Android,36-45,645,0,2,SUCCESS,0,Not fraud,
908092776013,2025-06-07 13:07:19,1040.0,P2M,Telecom & Recharge,Uttar Pradesh,HDFC Bank,Google Pay,iOS,46-59,727,0,6,SUCCESS,0,Not fraud,
478804934276,2025-06-07 20:17:32,1350.0,P2M,Travel & Transport,Karnataka,ICICI Bank,Paytm,Android,46-59,197,1,4,SUCCESS,0,Not fraud,
741727296290,2025-06-08 12:19:18,340.0,P2M,Fuel,Maharashtra,ICICI Bank,Google Pay,Android,26-35,780,1,1,SUCCESS,0,Not fraud,
562557801157,2025-06-08 13:32:10,300.0,Autopay/Mandate,Entertainment & OTT,Telangana,Other,Google Pay,Android,26-35,726,0,5,SUCCESS,0,Not fraud,
740345394051,2025-06-08 22:32:31,1168.62,P2P,Not applicable,Gujarat,Indian Bank,Google Pay,iOS,26-35,412,1,3,SUCCESS,0,Not fraud,
206111774011,2025-06-08 23:42:08,331.1,P2M,Grocery & Supermarkets,Andhra Pradesh,Bank of India,Google Pay,Android,26-35,3603,0,2,SUCCESS,0,Not fraud,
145343434635,2025-06-09 06:41:14,2990.0,P2P,Not applicable,Rajasthan,Bank of India,PhonePe,Android,26-35,212,1,2,SUCCESS,1,Remote Access App Scam,3.9
981820882904,2025-06-09 15:10:11,200.0,P2M,Utilities,Karnataka,Indian Bank,PhonePe,Android,18-25,1137,0,6,SUCCESS,0,Not fraud,
177931028391,2025-06-09 16:53:13,928.43,Autopay/Mandate,Financial Services,Uttarakhand,ICICI Bank,PhonePe,iOS,60+,2239,0,4,FAILED,0,Not fraud,
420359963789,2025-06-09 19:52:09,520.0,P2P,Not applicable,Gujarat,Axis Bank,Google Pay,Android,18-25,391,0,1,SUCCESS,0,Not fraud,
760987200814,2025-06-09 22:25:51,240.0,P2M,Food & Dining,Maharashtra,State Bank of India,BHIM,Android,26-35,746,0,8,SUCCESS,0,Not fraud,
648521763080,2025-06-10 06:19:46,250.0,Autopay/Mandate,Financial Services,Rajasthan,State Bank of India,PhonePe,Android,60+,671,0,5,SUCCESS,0,Not fraud,
619584879960,2025-06-10 08:06:43,1360.0,P2M,E-commerce,Uttar Pradesh,Other,Google Pay,Android,36-45,122,0,6,SUCCESS,0,Not fraud,
260113697892,2025-06-10 11:49:36,278.21,P2M,Education,Karnataka,Kotak Mahindra Bank,PhonePe,Android,26-35,342,0,7,SUCCESS,0,Not fraud,
729732424730,2025-06-10 14:25:39,4186.7,P2M,Grocery & Supermarkets,Rajasthan,State Bank of India,PhonePe,Android,46-59,1270,0,2,SUCCESS,0,Not fraud,
337049489617,2025-06-10 15:19:30,713.22,P2M,E-commerce,Chandigarh,HDFC Bank,Google Pay,iOS,26-35,325,0,2,SUCCESS,0,Not fraud,
285734901721,2025-06-10 15:57:29,1724.52,P2M,E-commerce,Maharashtra,ICICI Bank,PhonePe,iOS,18-25,1316,0,3,SUCCESS,0,Not fraud,
166138718591,2025-06-10 17:11:04,2320.0,P2M,Financial Services,Karnataka,State Bank of India,PhonePe,Android,18-25,396,0,4,SUCCESS,0,Not fraud,
964061255169,2025-06-10 19:15:36,360.0,Collect Request,Not applicable,Bihar,IDFC FIRST Bank,PhonePe,Android,26-35,359,1,3,SUCCESS,0,Not fraud,
396906147634,2025-06-10 19:21:54,130.0,P2M,Grocery & Supermarkets,Assam,ICICI Bank,Google Pay,Android,36-45,2778,0,3,SUCCESS,0,Not fraud,
707200992816,2025-06-10 19:41:40,933.24,P2M,Grocery & Supermarkets,Karnataka,Bank of India,PhonePe,Android,46-59,6000,0,4,SUCCESS,0,Not fraud,
770015448775,2025-06-10 19:41:50,799.82,P2P,Not applicable,Telangana,Axis Bank,PhonePe,Android,26-35,508,1,1,SUCCESS,0,Not fraud,
355257441229,2025-06-10 21:06:33,4764.62,P2P,Not applicable,Bihar,HDFC Bank,PhonePe,Android,26-35,426,0,2,SUCCESS,0,Not fraud,
492649851645,2025-06-11 05:00:59,400.0,P2M,Telecom & Recharge,Haryana,Kotak Mahindra Bank,Google Pay,iOS,36-45,282,0,6,FAILED,0,Not fraud,
955240124990,2025-06-11 07:13:28,203.91,P2M,Food & Dining,Maharashtra,Punjab National Bank,PhonePe,Android,26-35,317,0,5,SUCCESS,0,Not fraud,
592574450681,2025-06-11 10:30:01,200.0,P2M,Grocery & Supermarkets,Telangana,Canara Bank,Other,iOS,26-35,245,0,7,SUCCESS,0,Not fraud,
179010875525,2025-06-11 13:57:17,83.37,P2P,Not applicable,Rajasthan,State Bank of India,Google Pay,Android,18-25,101,0,3,SUCCESS,0,Not fraud,
544864359620,2025-06-11 18:43:20,2020.88,P2M,Grocery & Supermarkets,Telangana,Punjab National Bank,PhonePe,Android,26-35,167,0,5,SUCCESS,0,Not fraud,
750291351007,2025-06-12 17:25:18,2000.0,Autopay/Mandate,Education,Rajasthan,Union Bank of India,Google Pay,iOS,26-35,987,0,2,SUCCESS,0,Not fraud,
564272574718,2025-06-12 18:28:18,90.0,P2M,Education,West Bengal,Punjab National Bank,Paytm,iOS,36-45,879,0,1,SUCCESS,0,Not fraud,
770813930414,2025-06-13 12:01:05,197.71,P2M,Fuel,West Bengal,Union Bank of India,PhonePe,Android,26-35,508,0,7,SUCCESS,0,Not fraud,
123899463212,2025-06-13 12:03:20,2030.0,Collect Request,Not applicable,Maharashtra,IDFC FIRST Bank,CRED,Android,18-25,239,1,3,SUCCESS,0,Not fraud,
840924789218,2025-06-13 12:47:33,100.0,P2P,Not applicable,Odisha,Yes Bank,PhonePe,Android,26-35,74,1,5,SUCCESS,0,Not fraud,
729091194413,2025-06-13 13:33:51,200.0,P2M,Utilities,Odisha,State Bank of India,PhonePe,Android,26-35,764,0,3,SUCCESS,0,Not fraud,
570646115792,2025-06-13 17:57:59,2460.0,P2P,Not applicable,Andhra Pradesh,Bank of India,PhonePe,Android,26-35,596,1,3,SUCCESS,0,Not fraud,
258366913893,2025-06-13 18:00:59,200.0,P2M,Utilities,Maharashtra,Axis Bank,PhonePe,Android,26-35,1957,1,7,SUCCESS,0,Not fraud,
374696440190,2025-06-15 15:39:06,60.0,P2M,Grocery & Supermarkets,Tamil Nadu,HDFC Bank,Google Pay,Android,18-25,311,1,4,SUCCESS,0,Not fraud,
543961027168,2025-06-15 17:23:57,1400.0,P2M,E-commerce,Karnataka,HDFC Bank,PhonePe,iOS,26-35,1041,0,7,SUCCESS,0,Not fraud,
923659181402,2025-06-15 17:42:54,980.0,P2M,Entertainment & OTT,Rajasthan,Bank of Baroda,Paytm,Android,26-35,280,0,4,SUCCESS,0,Not fraud,
248550605903,2025-06-15 19:35:01,190.0,P2P,Not applicable,Telangana,Indian Bank,Google Pay,Android,36-45,119,0,2,SUCCESS,0,Not fraud,
372943495083,2025-06-15 20:20:20,500.0,P2M,Telecom & Recharge,Tamil Nadu,Union Bank of India,PhonePe,Android,26-35,286,0,5,SUCCESS,0,Not fraud,
931559134317,2025-06-16 04:24:47,208.67,Bill Payment,Utilities,Uttar Pradesh,Other,PhonePe,Android,26-35,47,0,1,SUCCESS,0,Not fraud,
470294896487,2025-06-16 12:01:32,1870.0,P2M,E-commerce,Karnataka,HDFC Bank,Google Pay,Android,46-59,444,0,6,SUCCESS,0,Not fraud,
139656709296,2025-06-16 12:02:32,113.99,P2M,Food & Dining,West Bengal,Other,PhonePe,iOS,46-59,275,0,7,SUCCESS,0,Not fraud,
934451739813,2025-06-16 12:39:26,395.68,P2M,Food & Dining,Rajasthan,Other,Google Pay,Android,36-45,6000,0,2,SUCCESS,0,Not fraud,
739236180709,2025-06-16 13:39:19,3800.0,P2M,Grocery & Supermarkets,Bihar,HDFC Bank,PhonePe,Android,46-59,1797,0,10,SUCCESS,0,Not fraud,
262961176837,2025-06-16 21:14:39,1790.93,Collect Request,Not applicable,West Bengal,Union Bank of India,Google Pay,Android,26-35,796,1,2,SUCCESS,0,Not fraud,
827744839680,2025-06-17 08:59:30,595.14,P2M,Food & Dining,West Bengal,Other,PhonePe,Android,46-59,6000,0,4,SUCCESS,0,Not fraud,
661361546920,2025-06-17 14:04:56,1335.03,P2P,Not applicable,Rajasthan,State Bank of India,Other,Android,46-59,634,0,3,SUCCESS,0,Not fraud,
864087907048,2025-06-17 16:27:50,1310.0,P2M,Grocery & Supermarkets,Jammu & Kashmir,Punjab National Bank,Google Pay,Android,26-35,186,0,7,SUCCESS,0,Not fraud,
394754254435,2025-06-17 18:13:48,170.0,P2M,Grocery & Supermarkets,Uttar Pradesh,Axis Bank,Google Pay,Android,26-35,1012,0,2,SUCCESS,0,Not fraud,
580220606573,2025-06-17 22:29:53,808.48,P2P,Not applicable,Maharashtra,State Bank of India,Google Pay,iOS,18-25,295,0,3,SUCCESS,0,Not fraud,
690554312272,2025-06-19 09:20:32,170.0,P2M,Utilities,Maharashtra,ICICI Bank,BHIM,Android,36-45,230,0,5,FAILED,0,Not fraud,
526369147589,2025-06-19 15:22:54,647.81,P2M,Fuel,Kerala,ICICI Bank,PhonePe,Android,60+,699,0,4,SUCCESS,0,Not fraud,
397194348046,2025-06-19 19:17:07,730.0,P2M,Grocery & Supermarkets,Gujarat,Other,PhonePe,Android,26-35,2564,1,7,SUCCESS,0,Not fraud,
111633288428,2025-06-19 19:32:52,505.08,P2M,Food & Dining,Tamil Nadu,HDFC Bank,Google Pay,Android,18-25,24,0,5,SUCCESS,0,Not fraud,
172497465770,2025-06-19 23:24:27,700.0,P2P,Not applicable,Chhattisgarh,Other,PhonePe,Android,18-25,255,1,4,SUCCESS,0,Not fraud,
822704630080,2025-06-20 10:48:55,1600.0,P2P,Not applicable,Andhra Pradesh,Other,PhonePe,iOS,36-45,939,0,2,SUCCESS,0,Not fraud,
326549901936,2025-06-20 18:40:02,4120.0,Autopay/Mandate,Telecom & Recharge,Haryana,Punjab National Bank,Google Pay,Android,26-35,300,0,5,SUCCESS,0,Not fraud,
729043844934,2025-06-21 08:08:49,1700.0,P2P,Not applicable,Chhattisgarh,State Bank of India,PhonePe,Android,18-25,480,0,3,SUCCESS,0,Not fraud,
988273149913,2025-06-21 10:06:16,700.0,P2M,Financial Services,Assam,HDFC Bank,Other,Android,46-59,348,1,2,SUCCESS,0,Not fraud,
663148309832,2025-06-21 13:28:38,170.0,P2P,Not applicable,Maharashtra,Bank of India,PhonePe,Android,26-35,1501,0,2,SUCCESS,0,Not fraud,
834906342779,2025-06-21 13:32:40,1580.0,P2M,Financial Services,Maharashtra,Axis Bank,Paytm,iOS,26-35,389,0,5,SUCCESS,0,Not fraud,
948397573548,2025-06-21 17:04:28,307.36,P2P,Not applicable,Madhya Pradesh,State Bank of India,PhonePe,Android,36-45,208,1,3,SUCCESS,0,Not fraud,
415615872228,2025-06-21 18:31:00,309.8,P2M,Grocery & Supermarkets,Maharashtra,Other,PhonePe,Android,36-45,593,0,4,SUCCESS,0,Not fraud,
653899648418,2025-06-21 20:25:34,800.0,P2M,Healthcare,Maharashtra,Bank of Baroda,PhonePe,Android,26-35,29,0,3,SUCCESS,0,Not fraud,
697002937450,2025-06-21 21:27:05,268.26,Autopay/Mandate,Entertainment & OTT,Uttar Pradesh,Canara Bank,PhonePe,Android,36-45,2304,0,2,SUCCESS,0,Not fraud,
193315463331,2025-06-22 07:49:44,719.65,P2P,Not applicable,Kerala,State Bank of India,PhonePe,Android,26-35,112,1,3,SUCCESS,0,Not fraud,
842979520386,2025-06-22 08:51:11,82.97,P2P,Not applicable,Maharashtra,Punjab National Bank,Paytm,Android,26-35,116,0,1,SUCCESS,0,Not fraud,
538205565912,2025-06-22 18:43:25,275.61,P2M,Utilities,Maharashtra,State Bank of India,Google Pay,iOS,36-45,319,0,6,SUCCESS,0,Not fraud,
525056426154,2025-06-22 19:10:30,209.23,P2M,Entertainment & OTT,West Bengal,State Bank of India,PhonePe,iOS,36-45,383,0,4,SUCCESS,0,Not fraud,
471675064499,2025-06-22 20:05:49,450.0,P2M,Fuel,Madhya Pradesh,Other,Google Pay,Android,26-35,536,0,3,SUCCESS,0,Not fraud,
877526134344,2025-06-23 12:06:46,368.3,P2M,Telecom & Recharge,Rajasthan,Other,Paytm,Android,18-25,2029,0,7,SUCCESS,0,Not fraud,
940328407120,2025-06-23 12:59:47,466.7,P2M,Telecom & Recharge,Andhra Pradesh,HDFC Bank,Google Pay,Android,36-45,39,0,5,SUCCESS,0,Not fraud,
512533488078,2025-06-23 14:03:47,75.26,P2P,Not applicable,Punjab,State Bank of India,Google Pay,Android,18-25,2452,0,3,SUCCESS,0,Not fraud,
935899963869,2025-06-23 19:13:40,264.83,P2M,Food & Dining,Maharashtra,Canara Bank,Other,Android,18-25,1200,0,4,SUCCESS,0,Not fraud,
400380601812,2025-06-23 20:33:45,580.0,P2M,Grocery & Supermarkets,Karnataka,State Bank of India,PhonePe,Android,18-25,654,0,3,SUCCESS,0,Not fraud,
187428516292,2025-06-23 22:17:51,1920.0,P2P,Not applicable,Telangana,State Bank of India,PhonePe,Android,26-35,126,0,1,SUCCESS,0,Not fraud,
529853943668,2025-06-24 10:01:18,3890.0,P2P,Not applicable,Karnataka,Other,PhonePe,Android,18-25,1284,1,3,SUCCESS,0,Not fraud,
552755325682,2025-06-24 11:29:57,610.0,P2M,Grocery & Supermarkets,Telangana,Canara Bank,Google Pay,Android,26-35,1252,0,5,SUCCESS,0,Not fraud,
203129674817,2025-06-24 23:28:39,8726.03,P2P,Not applicable,Haryana,State Bank of India,Google Pay,Android,60+,89,1,6,SUCCESS,1,Remote Access App Scam,309.2
495935968819,2025-06-25 10:38:22,34.36,P2M,Telecom & Recharge,Maharashtra,ICICI Bank,Google Pay,Android,26-35,1524,0,3,SUCCESS,0,Not fraud,
910852949463,2025-06-25 18:11:06,371.91,P2M,Healthcare,Odisha,Union Bank of India,Google Pay,Android,36-45,816,0,5,FAILED,0,Not fraud,
924484447254,2025-06-25 18:42:50,770.0,P2M,Fuel,Odisha,Other,PhonePe,Android,26-35,1419,0,3,SUCCESS,0,Not fraud,
762653161477,2025-06-25 18:53:59,500.0,Autopay/Mandate,Education,Madhya Pradesh,ICICI Bank,PhonePe,Android,18-25,736,0,1,SUCCESS,0,Not fraud,
430068344191,2025-06-25 20:04:19,120.0,P2M,E-commerce,Kerala,Other,PhonePe,Android,26-35,282,0,3,SUCCESS,0,Not fraud,
599272713604,2025-06-26 14:14:04,9200.0,P2M,E-commerce,Punjab,HDFC Bank,Google Pay,Android,46-59,2309,0,6,SUCCESS,0,Not fraud,
830171521134,2025-06-26 21:48:00,400.0,P2M,Food & Dining,Telangana,ICICI Bank,Google Pay,Android,18-25,958,0,3,SUCCESS,0,Not fraud,
236779005195,2025-06-27 04:47:34,1840.0,P2P,Not applicable,Madhya Pradesh,HDFC Bank,PhonePe,Android,46-59,1720,0,2,SUCCESS,0,Not fraud,
521118496189,2025-06-27 16:42:35,350.0,Autopay/Mandate,Telecom & Recharge,Maharashtra,State Bank of India,PhonePe,Android,26-35,196,0,1,SUCCESS,0,Not fraud,
700642173017,2025-06-27 18:46:24,259.83,P2M,Grocery & Supermarkets,Bihar,HDFC Bank,BHIM,Android,18-25,710,0,5,SUCCESS,0,Not fraud,
604673252844,2025-06-27 19:09:24,133.94,P2M,Grocery & Supermarkets,Kerala,Axis Bank,CRED,Android,46-59,22,0,5,SUCCESS,0,Not fraud,
654219942967,2025-06-27 19:30:24,380.19,P2P,Not applicable,Goa,Bank of India,PhonePe,iOS,18-25,3924,0,1,SUCCESS,0,Not fraud,
172332323201,2025-06-27 21:26:01,1450.0,P2M,Financial Services,Madhya Pradesh,State Bank of India,Google Pay,Android,18-25,326,0,5,SUCCESS,0,Not fraud,
384620578632,2025-06-27 22:28:51,680.0,P2P,Not applicable,Telangana,ICICI Bank,Google Pay,Android,36-45,95,0,2,SUCCESS,0,Not fraud,
563075036775,2025-06-28 09:29:51,2383.07,P2P,Not applicable,Tamil Nadu,ICICI Bank,PhonePe,Android,18-25,174,1,2,SUCCESS,0,Not fraud,
901979735731,2025-06-28 10:46:44,4600.0,Bill Payment,Education,Karnataka,Axis Bank,Google Pay,Android,26-35,63,0,5,SUCCESS,0,Not fraud,
129012739515,2025-06-28 16:27:30,640.0,P2M,E-commerce,Rajasthan,Kotak Mahindra Bank,Google Pay,Android,26-35,3592,0,5,SUCCESS,0,Not fraud,
634128501322,2025-06-28 16:27:57,1580.0,P2M,Travel & Transport,Kerala,State Bank of India,PhonePe,Android,26-35,30,0,2,SUCCESS,0,Not fraud,
356682269491,2025-06-28 19:47:59,545.33,P2M,Food & Dining,Uttar Pradesh,HDFC Bank,Google Pay,Android,46-59,145,0,4,SUCCESS,0,Not fraud,
196018128020,2025-06-29 17:34:54,812.67,Autopay/Mandate,Utilities,Gujarat,State Bank of India,PhonePe,iOS,18-25,2013,0,4,SUCCESS,0,Not fraud,
266888435400,2025-06-30 11:20:34,716.88,Bill Payment,Utilities,Andhra Pradesh,ICICI Bank,Other,Android,26-35,2031,0,7,SUCCESS,0,Not fraud,
974632715582,2025-06-30 21:58:59,290.0,P2M,Financial Services,Kerala,State Bank of India,PhonePe,Android,26-35,437,0,5,SUCCESS,0,Not fraud,
842792637718,2025-06-30 23:12:46,240.0,P2M,Grocery & Supermarkets,Bihar,ICICI Bank,PhonePe,iOS,18-25,238,0,1,SUCCESS,0,Not fraud,
200020386677,2025-07-01 03:55:20,170.0,P2M,Telecom & Recharge,Karnataka,Axis Bank,PhonePe,Android,26-35,192,0,6,SUCCESS,0,Not fraud,
197904742209,2025-07-01 08:08:33,220.0,Autopay/Mandate,Entertainment & OTT,Tamil Nadu,State Bank of India,Google Pay,Android,18-25,55,0,2,SUCCESS,0,Not fraud,
357669557678,2025-07-01 14:08:00,710.0,Autopay/Mandate,Utilities,Rajasthan,Kotak Mahindra Bank,PhonePe,Android,46-59,1379,0,2,SUCCESS,0,Not fraud,
300332571411,2025-07-01 14:49:40,6606.57,P2P,Not applicable,Karnataka,State Bank of India,Google Pay,iOS,26-35,1981,1,2,SUCCESS,1,SIM Swap/Account Takeover,58.2
760558524154,2025-07-01 17:19:57,340.0,P2M,Travel & Transport,Karnataka,Other,Google Pay,Android,36-45,847,0,3,SUCCESS,0,Not fraud,
414388211128,2025-07-02 09:21:41,90.0,P2M,Grocery & Supermarkets,Uttar Pradesh,Union Bank of India,Google Pay,Android,26-35,1864,0,5,FAILED,0,Not fraud,
299967103350,2025-07-02 10:12:49,600.0,P2M,Food & Dining,Uttar Pradesh,Canara Bank,Google Pay,Android,60+,6000,0,1,SUCCESS,0,Not fraud,
654840390368,2025-07-02 10:58:47,2500.0,P2M,Healthcare,Delhi,ICICI Bank,Google Pay,Android,18-25,6000,1,4,SUCCESS,0,Not fraud,
694425737635,2025-07-02 14:00:34,780.0,P2P,Not applicable,Delhi,ICICI Bank,Other,Android,18-25,193,0,3,SUCCESS,0,Not fraud,
592768454960,2025-07-02 21:36:18,2240.0,P2P,Not applicable,Andhra Pradesh,Bank of Baroda,Google Pay,iOS,26-35,1072,1,3,SUCCESS,1,Phishing/Vishing,48.3
187300680526,2025-07-03 01:43:04,1200.0,P2P,Not applicable,Karnataka,Other,Google Pay,Android,18-25,508,0,3,SUCCESS,0,Not fraud,
573319889401,2025-07-03 13:49:43,150.0,P2M,Entertainment & OTT,Andhra Pradesh,State Bank of India,Paytm,Android,18-25,1293,0,3,SUCCESS,0,Not fraud,
983970790693,2025-07-03 17:21:32,1598.23,P2M,Financial Services,Telangana,Bank of Baroda,PhonePe,Android,36-45,1492,0,5,SUCCESS,0,Not fraud,
446553481647,2025-07-03 23:44:27,560.0,P2M,Travel & Transport,Gujarat,State Bank of India,PhonePe,Android,46-59,338,0,3,SUCCESS,0,Not fraud,
801520434681,2025-07-04 13:46:40,217.81,Bill Payment,Telecom & Recharge,Chhattisgarh,HDFC Bank,Google Pay,Android,26-35,1373,0,2,SUCCESS,0,Not fraud,
458883107345,2025-07-04 15:13:25,3400.0,P2M,E-commerce,Puducherry,Bank of Baroda,Google Pay,Android,36-45,213,0,6,FAILED,0,Not fraud,
300390252202,2025-07-04 16:13:43,200.0,P2M,Telecom & Recharge,Rajasthan,HDFC Bank,Paytm,Android,18-25,997,0,2,SUCCESS,0,Not fraud,
456972510267,2025-07-04 17:56:40,210.0,P2P,Not applicable,Rajasthan,Punjab National Bank,PhonePe,Android,26-35,835,1,3,SUCCESS,0,Not fraud,
336721120726,2025-07-04 20:57:10,1400.0,P2M,Grocery & Supermarkets,Madhya Pradesh,Kotak Mahindra Bank,PhonePe,Android,18-25,509,0,4,SUCCESS,0,Not fraud,
424535108235,2025-07-04 22:27:59,165.34,P2M,Financial Services,Bihar,HDFC Bank,PhonePe,iOS,36-45,592,0,5,SUCCESS,0,Not fraud,
512070753315,2025-07-06 11:51:56,1627.32,P2M,Food & Dining,Telangana,HDFC Bank,Google Pay,Android,36-45,267,0,4,SUCCESS,0,Not fraud,
281076375696,2025-07-06 11:52:05,1400.0,P2M,Financial Services,Odisha,Other,PhonePe,Android,36-45,210,0,7,SUCCESS,0,Not fraud,
162259369677,2025-07-06 19:55:55,1060.0,P2M,Food & Dining,Chhattisgarh,Punjab National Bank,Paytm,Android,26-35,666,0,4,SUCCESS,0,Not fraud,
411173519386,2025-07-07 05:18:48,610.0,P2M,Food & Dining,Madhya Pradesh,State Bank of India,PhonePe,Android,26-35,212,0,3,PENDING,0,Not fraud,
718316920156,2025-07-07 13:27:56,14943.75,P2M,Telecom & Recharge,Maharashtra,HDFC Bank,Google Pay,Android,18-25,1728,0,1,SUCCESS,1,Investment/Task Scam,13.4
305861294373,2025-07-07 21:33:30,287.65,P2P,Not applicable,Madhya Pradesh,HDFC Bank,PhonePe,Android,60+,1271,0,1,SUCCESS,0,Not fraud,
114553296397,2025-07-07 22:17:08,60.0,P2M,Food & Dining,Uttar Pradesh,ICICI Bank,Google Pay,iOS,36-45,47,0,4,SUCCESS,0,Not fraud,
317291368302,2025-07-07 23:14:33,1880.0,Collect Request,Not applicable,Gujarat,Other,PhonePe,iOS,36-45,484,0,2,SUCCESS,1,Fake Collect Request,17.4
518226112864,2025-07-08 06:04:00,3352.9,P2P,Not applicable,Tamil Nadu,Punjab National Bank,Google Pay,iOS,46-59,310,0,1,SUCCESS,0,Not fraud,
312355957818,2025-07-08 11:16:58,30.0,P2M,Utilities,Bihar,Canara Bank,Google Pay,Android,18-25,189,0,4,SUCCESS,0,Not fraud,
798748346709,2025-07-08 14:06:58,162.33,P2M,Food & Dining,Andhra Pradesh,HDFC Bank,PhonePe,iOS,18-25,287,0,3,SUCCESS,0,Not fraud,
791961863805,2025-07-08 17:28:06,540.0,Bill Payment,Utilities,Assam,HDFC Bank,PhonePe,Android,26-35,765,0,5,SUCCESS,0,Not fraud,
634830525556,2025-07-08 18:36:52,150.0,P2M,Utilities,Madhya Pradesh,HDFC Bank,PhonePe,iOS,26-35,303,0,5,FAILED,0,Not fraud,
269346426165,2025-07-08 20:38:00,845.24,Bill Payment,Utilities,Maharashtra,Axis Bank,PhonePe,iOS,26-35,1249,0,1,SUCCESS,0,Not fraud,
590598657799,2025-07-08 21:53:03,3740.0,P2M,Grocery & Supermarkets,Bihar,State Bank of India,Other,Android,26-35,839,1,2,PENDING,0,Not fraud,
106745255539,2025-07-08 23:42:32,2656.07,Bill Payment,Education,Gujarat,Other,PhonePe,Android,26-35,610,0,5,SUCCESS,0,Not fraud,
320411334571,2025-07-09 15:19:33,1903.39,Bill Payment,Utilities,Odisha,State Bank of India,PhonePe,Android,18-25,1983,0,6,SUCCESS,0,Not fraud,
271215197454,2025-07-09 15:46:54,540.0,P2M,Others,Jharkhand,Union Bank of India,PhonePe,Android,46-59,751,0,3,SUCCESS,0,Not fraud,
211764604940,2025-07-09 17:25:45,400.0,Autopay/Mandate,Financial Services,Rajasthan,Kotak Mahindra Bank,PhonePe,Android,18-25,932,0,4,SUCCESS,0,Not fraud,
147099149735,2025-07-09 19:52:31,850.0,Bill Payment,Utilities,Delhi,Canara Bank,PhonePe,Android,36-45,369,0,2,SUCCESS,0,Not fraud,
330537581600,2025-07-09 22:33:07,11266.24,P2P,Not applicable,Andhra Pradesh,State Bank of India,Google Pay,Android,26-35,203,0,3,SUCCESS,1,Investment/Task Scam,15.3
980162270530,2025-07-10 11:11:10,214.17,P2M,Food & Dining,Maharashtra,Other,Google Pay,Android,18-25,562,0,6,SUCCESS,0,Not fraud,
471914623874,2025-07-11 10:44:52,57.92,P2M,Telecom & Recharge,Gujarat,State Bank of India,Google Pay,Android,46-59,367,0,4,SUCCESS,0,Not fraud,
288704005258,2025-07-11 19:26:31,200.0,P2P,Not applicable,Karnataka,ICICI Bank,PhonePe,Android,36-45,2515,0,5,SUCCESS,0,Not fraud,
819144186103,2025-07-11 22:49:26,300.0,P2M,Food & Dining,Tamil Nadu,Punjab National Bank,Google Pay,Android,36-45,567,0,5,SUCCESS,0,Not fraud,
151357535586,2025-07-12 00:31:54,5980.0,Collect Request,Not applicable,Tamil Nadu,Axis Bank,PhonePe,Android,36-45,242,0,5,SUCCESS,1,Fake Collect Request,47.1
355314592212,2025-07-12 11:08:37,700.0,P2M,E-commerce,Assam,Other,PhonePe,Android,26-35,1266,0,6,SUCCESS,0,Not fraud,
982240855194,2025-07-12 12:38:25,730.0,P2M,Food & Dining,Kerala,Kotak Mahindra Bank,Google Pay,Android,26-35,1223,0,1,SUCCESS,0,Not fraud,
899204838618,2025-07-12 18:15:44,200.0,P2M,Utilities,Karnataka,Other,PhonePe,Android,36-45,1142,0,3,SUCCESS,0,Not fraud,
113700252802,2025-07-12 18:50:45,623.23,Collect Request,Not applicable,Maharashtra,Axis Bank,Google Pay,iOS,26-35,471,1,4,SUCCESS,0,Not fraud,
782250661204,2025-07-13 17:00:31,2850.0,Collect Request,Not applicable,Haryana,State Bank of India,Other,Android,26-35,129,1,3,SUCCESS,0,Not fraud,
211386849955,2025-07-13 18:08:37,1490.0,Autopay/Mandate,Telecom & Recharge,Maharashtra,State Bank of India,Google Pay,Android,18-25,556,0,1,SUCCESS,0,Not fraud,
351062446396,2025-07-13 20:04:15,310.0,P2M,Entertainment & OTT,Bihar,State Bank of India,PhonePe,iOS,36-45,870,0,3,SUCCESS,0,Not fraud,
531037988271,2025-07-13 21:38:08,89.56,Autopay/Mandate,Financial Services,Uttar Pradesh,Other,Paytm,Android,18-25,116,0,2,SUCCESS,0,Not fraud,
434513844926,2025-07-14 08:30:51,2848.39,P2M,Grocery & Supermarkets,Uttar Pradesh,ICICI Bank,PhonePe,Android,46-59,1162,0,4,SUCCESS,0,Not fraud,
649683505111,2025-07-14 17:22:42,2900.0,P2P,Not applicable,Rajasthan,State Bank of India,PhonePe,Android,26-35,1898,0,5,FAILED,0,Not fraud,
765952088887,2025-07-14 18:22:46,252.02,P2M,Telecom & Recharge,Karnataka,ICICI Bank,PhonePe,iOS,46-59,3772,0,2,SUCCESS,0,Not fraud,
569138397148,2025-07-14 19:12:30,280.0,P2M,Grocery & Supermarkets,Uttar Pradesh,Other,PhonePe,iOS,46-59,546,0,2,SUCCESS,0,Not fraud,
934522767261,2025-07-14 19:42:25,440.0,Collect Request,Not applicable,Jammu & Kashmir,IDFC FIRST Bank,Google Pay,Android,26-35,803,1,5,SUCCESS,0,Not fraud,
934353193543,2025-07-14 20:35:43,1167.58,P2M,Others,Tamil Nadu,Indian Bank,Google Pay,Android,26-35,2004,0,3,SUCCESS,0,Not fraud,
634363658690,2025-07-15 06:36:19,300.0,P2M,Entertainment & OTT,Odisha,Bank of Baroda,PhonePe,Android,26-35,223,0,2,SUCCESS,0,Not fraud,
440642093463,2025-07-15 13:16:14,400.0,P2M,Utilities,Kerala,ICICI Bank,Google Pay,iOS,18-25,5223,0,3,SUCCESS,0,Not fraud,
103216221698,2025-07-15 14:46:27,277.08,P2M,Entertainment & OTT,Punjab,Yes Bank,Other,Android,36-45,1450,0,4,SUCCESS,0,Not fraud,
931156808012,2025-07-15 15:29:58,520.0,P2M,Fuel,Haryana,HDFC Bank,Paytm,Android,26-35,307,0,3,SUCCESS,0,Not fraud,
944333208543,2025-07-15 17:29:45,770.0,P2P,Not applicable,Maharashtra,Punjab National Bank,PhonePe,Android,60+,158,0,4,SUCCESS,0,Not fraud,
415331940776,2025-07-16 10:38:43,460.0,Bill Payment,Telecom & Recharge,Maharashtra,ICICI Bank,Paytm,Android,36-45,1278,0,5,SUCCESS,0,Not fraud,
402258416552,2025-07-16 12:12:54,7258.5,P2M,Education,Maharashtra,Kotak Mahindra Bank,PhonePe,iOS,60+,545,0,5,SUCCESS,0,Not fraud,
216109094374,2025-07-16 18:27:19,1137.98,Collect Request,Not applicable,Rajasthan,State Bank of India,PhonePe,Android,36-45,6000,1,6,SUCCESS,1,Fake Collect Request,21.8
463755983910,2025-07-16 19:01:54,100.0,P2M,Grocery & Supermarkets,Andhra Pradesh,Punjab National Bank,Google Pay,Android,36-45,697,1,9,SUCCESS,0,Not fraud,
642319882097,2025-07-17 12:33:51,300.0,Collect Request,Not applicable,West Bengal,IndusInd Bank,PhonePe,Android,18-25,36,0,3,SUCCESS,0,Not fraud,
795502848872,2025-07-17 15:14:28,500.0,P2M,Travel & Transport,Gujarat,Axis Bank,Google Pay,iOS,26-35,48,0,2,SUCCESS,0,Not fraud,
848024797492,2025-07-18 19:43:15,1600.0,Collect Request,Not applicable,Bihar,State Bank of India,PhonePe,Android,46-59,597,1,3,SUCCESS,0,Not fraud,
856564160482,2025-07-19 11:56:12,296.23,Collect Request,Not applicable,Madhya Pradesh,State Bank of India,PhonePe,Android,26-35,228,1,3,SUCCESS,1,Fake Collect Request,23.9
608668539306,2025-07-19 14:46:08,1050.0,Bill Payment,Education,Tamil Nadu,Canara Bank,PhonePe,Android,26-35,79,0,3,SUCCESS,0,Not fraud,
670383690586,2025-07-20 11:01:24,244.92,P2M,Utilities,Assam,Canara Bank,Google Pay,iOS,26-35,547,0,3,SUCCESS,0,Not fraud,
400033357860,2025-07-20 14:04:48,13401.07,P2M,Fuel,Maharashtra,HDFC Bank,BHIM,Android,26-35,528,0,3,SUCCESS,0,Not fraud,
280632562940,2025-07-20 14:44:30,67.54,P2M,Grocery & Supermarkets,Maharashtra,HDFC Bank,PhonePe,Android,18-25,2493,0,3,SUCCESS,0,Not fraud,
250323831207,2025-07-20 14:57:16,1664.43,P2P,Not applicable,Maharashtra,Axis Bank,PhonePe,Android,46-59,202,1,5,SUCCESS,0,Not fraud,
975340972572,2025-07-20 15:55:34,367.54,P2M,Grocery & Supermarkets,Uttar Pradesh,State Bank of India,Amazon Pay,Android,18-25,6000,0,4,SUCCESS,0,Not fraud,
831160967106,2025-07-20 19:41:30,314.78,P2M,Grocery & Supermarkets,West Bengal,HDFC Bank,Google Pay,iOS,26-35,1051,1,6,SUCCESS,0,Not fraud,
772978248571,2025-07-21 13:28:53,1400.0,P2P,Not applicable,Uttar Pradesh,Axis Bank,PhonePe,Android,26-35,977,0,3,SUCCESS,0,Not fraud,
230509698184,2025-07-21 16:12:08,83.14,P2M,Grocery & Supermarkets,Jammu & Kashmir,Other,Google Pay,Android,46-59,283,0,4,SUCCESS,0,Not fraud,
365836962390,2025-07-21 18:46:40,790.0,P2M,Food & Dining,Maharashtra,Other,Google Pay,Android,18-25,1555,0,5,SUCCESS,0,Not fraud,
774017694691,2025-07-22 16:56:18,100.0,P2M,Food & Dining,Rajasthan,ICICI Bank,Google Pay,Android,26-35,1004,0,5,SUCCESS,0,Not fraud,
234195782280,2025-07-22 18:54:14,640.0,P2M,E-commerce,Tamil Nadu,ICICI Bank,PhonePe,Android,46-59,4162,0,4,SUCCESS,0,Not fraud,
972472470017,2025-07-23 00:39:50,381.05,P2M,Grocery & Supermarkets,Telangana,Canara Bank,PhonePe,Android,46-59,153,0,5,SUCCESS,0,Not fraud,
409930473962,2025-07-23 08:51:17,284.92,Autopay/Mandate,Utilities,Tamil Nadu,Other,Paytm,iOS,26-35,513,0,2,PENDING,0,Not fraud,
273778826724,2025-07-23 09:35:42,920.0,Autopay/Mandate,Entertainment & OTT,Bihar,ICICI Bank,PhonePe,Android,18-25,580,0,5,FAILED,0,Not fraud,
209631827382,2025-07-23 15:01:46,809.41,P2M,Telecom & Recharge,Karnataka,Other,PhonePe,iOS,46-59,1989,0,9,SUCCESS,0,Not fraud,
131670556677,2025-07-23 20:18:06,10236.89,P2M,Education,Jharkhand,HDFC Bank,PhonePe,Android,26-35,245,0,3,FAILED,0,Not fraud,
277187467636,2025-07-24 06:17:48,213.86,Autopay/Mandate,Utilities,West Bengal,Union Bank of India,BHIM,Android,18-25,2293,0,3,SUCCESS,0,Not fraud,
657114462158,2025-07-24 08:54:08,780.0,P2M,Travel & Transport,Tamil Nadu,State Bank of India,PhonePe,Android,18-25,236,0,4,SUCCESS,0,Not fraud,
110524476886,2025-07-24 11:07:04,10190.0,P2M,Financial Services,Maharashtra,Kotak Mahindra Bank,PhonePe,Android,26-35,39,0,5,SUCCESS,0,Not fraud,
951280469772,2025-07-24 17:24:53,300.0,P2M,Financial Services,West Bengal,Kotak Mahindra Bank,Google Pay,Android,18-25,259,0,1,SUCCESS,0,Not fraud,
800534606281,2025-07-24 19:56:35,2409.55,P2P,Not applicable,Telangana,Axis Bank,Paytm,Android,18-25,1362,0,3,SUCCESS,0,Not fraud,
731241014031,2025-07-25 09:55:32,81.47,P2M,Telecom & Recharge,Gujarat,ICICI Bank,Google Pay,Android,60+,2497,0,6,SUCCESS,0,Not fraud,
521568488069,2025-07-25 10:17:38,210.0,P2M,Utilities,Madhya Pradesh,State Bank of India,Paytm,Android,18-25,545,0,4,SUCCESS,0,Not fraud,
906033286304,2025-07-25 16:34:48,140.33,P2M,Grocery & Supermarkets,West Bengal,Axis Bank,PhonePe,Android,18-25,1360,0,3,SUCCESS,0,Not fraud,
244401556726,2025-07-26 10:35:29,4367.86,Bill Payment,Utilities,Uttar Pradesh,Other,PhonePe,Android,26-35,60,0,2,SUCCESS,0,Not fraud,
424079411279,2025-07-26 15:41:58,100.0,Autopay/Mandate,Telecom & Recharge,Madhya Pradesh,State Bank of India,Google Pay,iOS,46-59,489,0,4,SUCCESS,0,Not fraud,
845550927802,2025-07-27 08:22:33,769.3,P2M,Others,Telangana,IDFC FIRST Bank,PhonePe,Android,46-59,875,0,3,SUCCESS,0,Not fraud,
368276865345,2025-07-27 12:51:03,2688.48,P2P,Not applicable,Uttarakhand,Canara Bank,Amazon Pay,iOS,18-25,4343,1,1,SUCCESS,0,Not fraud,
702608638091,2025-07-27 15:03:38,100.0,P2M,E-commerce,West Bengal,Canara Bank,Google Pay,Android,26-35,1162,0,2,SUCCESS,0,Not fraud,
429840381081,2025-07-27 18:32:43,1717.7,P2M,Food & Dining,Kerala,State Bank of India,PhonePe,Android,18-25,1068,0,4,SUCCESS,0,Not fraud,
119489275065,2025-07-27 19:04:10,1100.0,P2P,Not applicable,Madhya Pradesh,State Bank of India,PhonePe,Android,36-45,226,1,1,SUCCESS,0,Not fraud,
894457325533,2025-07-28 09:23:43,1017.08,P2M,Financial Services,Karnataka,Other,Google Pay,Android,18-25,321,0,7,SUCCESS,0,Not fraud,
107287156322,2025-07-28 10:15:08,1490.0,P2M,Travel & Transport,Madhya Pradesh,Axis Bank,Paytm,Android,26-35,1585,0,5,SUCCESS,0,Not fraud,
559188259041,2025-07-28 11:16:12,1208.61,Collect Request,Not applicable,Maharashtra,Axis Bank,PhonePe,Android,26-35,1123,1,2,SUCCESS,0,Not fraud,
917069335960,2025-07-28 17:03:28,264.86,P2P,Not applicable,West Bengal,Bank of Baroda,Google Pay,Android,60+,4295,1,4,SUCCESS,0,Not fraud,
513409150034,2025-07-28 17:04:16,1300.0,P2M,E-commerce,Tripura,State Bank of India,Google Pay,Android,26-35,270,1,5,SUCCESS,0,Not fraud,
546975944745,2025-07-28 17:32:49,130.0,P2M,Entertainment & OTT,Karnataka,Kotak Mahindra Bank,Google Pay,Android,18-25,903,0,3,SUCCESS,0,Not fraud,
973381960745,2025-07-29 12:22:54,10265.64,P2M,Education,Rajasthan,State Bank of India,Paytm,Android,46-59,307,0,6,SUCCESS,0,Not fraud,
147406878288,2025-07-29 15:55:05,1900.0,P2M,E-commerce,Madhya Pradesh,State Bank of India,Amazon Pay,iOS,18-25,1306,0,3,SUCCESS,0,Not fraud,
251373313662,2025-07-29 17:34:26,110.0,P2M,Others,Madhya Pradesh,Bank of Baroda,PhonePe,Android,18-25,218,0,2,SUCCESS,0,Not fraud,
108517655523,2025-07-30 02:18:27,500.0,P2M,E-commerce,Maharashtra,HDFC Bank,PhonePe,Android,18-25,3936,0,9,SUCCESS,0,Not fraud,
107991726583,2025-07-30 04:24:35,2400.0,Bill Payment,Utilities,Maharashtra,IDFC FIRST Bank,Google Pay,Android,26-35,314,0,2,SUCCESS,0,Not fraud,
174816427344,2025-07-30 08:15:56,1600.0,P2M,E-commerce,Bihar,Other,PhonePe,Android,36-45,2039,0,9,SUCCESS,0,Not fraud,
881411975060,2025-07-30 11:24:32,1560.0,Bill Payment,Utilities,Haryana,Punjab National Bank,Paytm,Android,36-45,103,0,4,SUCCESS,0,Not fraud,
839271971453,2025-07-30 15:19:51,1500.0,P2P,Not applicable,Maharashtra,State Bank of India,Google Pay,Android,18-25,630,1,3,SUCCESS,0,Not fraud,
840864231868,2025-07-30 15:35:21,860.0,P2M,Grocery & Supermarkets,Kerala,HDFC Bank,Google Pay,Android,26-35,659,0,2,SUCCESS,1,QR Code Scam,32.4
155253971120,2025-07-30 15:42:21,4660.0,Collect Request,Not applicable,Maharashtra,Axis Bank,Paytm,Android,36-45,726,1,3,SUCCESS,0,Not fraud,
858945853305,2025-07-30 17:34:36,870.0,P2M,Financial Services,Karnataka,Kotak Mahindra Bank,CRED,Android,26-35,396,0,3,SUCCESS,0,Not fraud,
436698017540,2025-07-30 17:39:30,47.03,P2P,Not applicable,Tamil Nadu,HDFC Bank,Google Pay,Android,18-25,300,0,2,SUCCESS,0,Not fraud,
364645660051,2025-07-31 08:35:48,265.67,Autopay/Mandate,Financial Services,Himachal Pradesh,HDFC Bank,PhonePe,iOS,26-35,227,0,1,SUCCESS,0,Not fraud,
280641380340,2025-07-31 08:37:09,253.97,Bill Payment,Financial Services,Maharashtra,HDFC Bank,Google Pay,Android,26-35,457,0,5,SUCCESS,0,Not fraud,
715970530529,2025-07-31 14:37:13,1186.34,P2P,Not applicable,Jharkhand,State Bank of India,PhonePe,Feature Phone (USSD),26-35,326,0,3,SUCCESS,0,Not fraud,
300233663880,2025-07-31 15:18:10,9678.46,P2P,Not applicable,Haryana,State Bank of India,PhonePe,iOS,60+,179,0,1,SUCCESS,1,Phishing/Vishing,175.0
332943568072,2025-07-31 16:41:20,1000.0,Collect Request,Not applicable,Madhya Pradesh,Bank of Baroda,PhonePe,Android,36-45,361,1,6,SUCCESS,0,Not fraud,
869527803388,2025-07-31 18:00:16,520.0,P2M,Financial Services,Rajasthan,State Bank of India,Other,Android,60+,124,0,3,SUCCESS,0,Not fraud,
979376948078,2025-07-31 19:46:47,430.0,P2M,Healthcare,Tamil Nadu,State Bank of India,BHIM,Android,18-25,633,0,7,SUCCESS,0,Not fraud,
499512831651,2025-07-31 20:38:46,989.45,Bill Payment,Utilities,Madhya Pradesh,Axis Bank,PhonePe,Android,60+,2154,0,3,SUCCESS,0,Not fraud,
242480729450,2025-07-31 22:43:03,1720.0,P2P,Not applicable,Madhya Pradesh,Other,PhonePe,Android,26-35,1343,0,5,SUCCESS,0,Not fraud,
187745433040,2025-08-01 11:00:10,16318.6,P2P,Not applicable,Kerala,Canara Bank,Google Pay,Android,46-59,189,1,2,SUCCESS,1,Phishing/Vishing,18.6
582390241684,2025-08-01 12:34:27,423.33,P2M,Telecom & Recharge,Bihar,HDFC Bank,PhonePe,Android,26-35,626,1,2,SUCCESS,0,Not fraud,
963667983960,2025-08-01 12:50:42,2002.49,P2P,Not applicable,Maharashtra,Other,Google Pay,Android,36-45,591,0,3,SUCCESS,0,Not fraud,
694604884968,2025-08-01 14:35:12,946.86,P2M,Fuel,Telangana,ICICI Bank,Google Pay,Android,26-35,988,1,4,SUCCESS,0,Not fraud,
912467265477,2025-08-01 14:46:23,194.39,P2M,E-commerce,Delhi,ICICI Bank,Google Pay,Android,46-59,884,0,2,SUCCESS,0,Not fraud,
176854911526,2025-08-01 17:39:38,190.0,P2M,Others,Rajasthan,Punjab National Bank,PhonePe,Android,18-25,507,0,6,SUCCESS,0,Not fraud,
682968895666,2025-08-01 19:24:15,2412.43,Autopay/Mandate,Utilities,Andhra Pradesh,Bank of India,PhonePe,Android,18-25,2540,0,1,SUCCESS,0,Not fraud,
802297757586,2025-08-01 20:09:59,900.0,P2M,Grocery & Supermarkets,Madhya Pradesh,HDFC Bank,PhonePe,Android,26-35,105,0,6,SUCCESS,0,Not fraud,
886476526439,2025-08-01 22:21:47,1004.76,P2P,Not applicable,Uttar Pradesh,Axis Bank,Google Pay,Android,60+,6000,0,3,SUCCESS,0,Not fraud,
226486360372,2025-08-02 10:48:21,7034.43,P2M,Grocery & Supermarkets,Telangana,ICICI Bank,PhonePe,iOS,46-59,226,0,2,SUCCESS,0,Not fraud,
476634015101,2025-08-02 15:16:28,940.0,Collect Request,Not applicable,Kerala,Union Bank of India,Google Pay,Android,46-59,631,1,4,SUCCESS,0,Not fraud,
430115071757,2025-08-02 15:39:48,865.45,Collect Request,Not applicable,Karnataka,Bank of Baroda,PhonePe,Android,18-25,737,1,4,SUCCESS,0,Not fraud,
846180723081,2025-08-02 20:33:41,6130.08,P2M,E-commerce,Gujarat,Other,PhonePe,Android,36-45,6000,0,5,SUCCESS,0,Not fraud,
724916733010,2025-08-02 22:42:43,2130.0,Collect Request,Not applicable,Madhya Pradesh,HDFC Bank,Google Pay,Android,26-35,829,1,3,SUCCESS,0,Not fraud,
188718767598,2025-08-03 08:17:05,490.0,Autopay/Mandate,Entertainment & OTT,Telangana,Punjab National Bank,Google Pay,Android,36-45,3006,0,4,SUCCESS,0,Not fraud,
732613313807,2025-08-03 09:51:28,281.78,Autopay/Mandate,Entertainment & OTT,Rajasthan,State Bank of India,Paytm,Android,46-59,358,0,2,SUCCESS,0,Not fraud,
533423000965,2025-08-03 11:06:55,1140.0,P2M,E-commerce,Madhya Pradesh,ICICI Bank,Paytm,Android,26-35,246,0,4,SUCCESS,0,Not fraud,
677868105557,2025-08-03 12:55:00,455.85,Bill Payment,Utilities,Uttar Pradesh,Union Bank of India,PhonePe,Android,26-35,292,0,5,SUCCESS,0,Not fraud,
857138174334,2025-08-03 14:42:32,3700.0,Collect Request,Not applicable,Odisha,Other,Other,Android,26-35,2838,0,1,SUCCESS,0,Not fraud,
985994745073,2025-08-03 16:08:03,2783.65,P2P,Not applicable,Maharashtra,Canara Bank,Google Pay,Android,26-35,681,1,3,SUCCESS,0,Not fraud,
547632428479,2025-08-03 18:15:57,3627.25,Bill Payment,Utilities,Jharkhand,Canara Bank,PhonePe,Android,36-45,996,0,3,SUCCESS,0,Not fraud,
150756942979,2025-08-04 02:43:05,604.16,P2M,Telecom & Recharge,Uttar Pradesh,IDFC FIRST Bank,PhonePe,iOS,26-35,650,0,5,SUCCESS,0,Not fraud,
145193481084,2025-08-04 11:09:58,1706.33,P2M,Grocery & Supermarkets,Karnataka,Bank of Baroda,PhonePe,Android,26-35,551,0,3,SUCCESS,0,Not fraud,
380836073364,2025-08-04 13:39:59,22400.0,Bill Payment,Telecom & Recharge,Karnataka,ICICI Bank,PhonePe,Android,26-35,33,0,5,SUCCESS,0,Not fraud,
416781935353,2025-08-04 16:02:19,671.03,P2P,Not applicable,Uttar Pradesh,Other,PhonePe,iOS,46-59,6000,0,5,SUCCESS,0,Not fraud,
734209142490,2025-08-05 01:51:58,150.0,P2M,Telecom & Recharge,Maharashtra,HDFC Bank,PhonePe,Android,18-25,142,0,2,SUCCESS,0,Not fraud,
259304873276,2025-08-05 11:59:24,500.0,P2M,Grocery & Supermarkets,Karnataka,Other,Google Pay,iOS,18-25,835,0,6,SUCCESS,0,Not fraud,
976924970967,2025-08-05 12:09:43,6810.0,P2P,Not applicable,Andhra Pradesh,Other,PhonePe,iOS,26-35,74,1,2,SUCCESS,0,Not fraud,
789308852795,2025-08-05 20:27:09,830.0,P2P,Not applicable,West Bengal,HDFC Bank,Google Pay,Android,18-25,585,0,6,SUCCESS,0,Not fraud,
899993819635,2025-08-06 08:41:41,1000.0,P2M,Grocery & Supermarkets,Chhattisgarh,State Bank of India,Google Pay,Android,36-45,135,0,4,SUCCESS,0,Not fraud,
432629469798,2025-08-06 14:23:02,229.44,P2P,Not applicable,Uttar Pradesh,Punjab National Bank,Google Pay,Android,36-45,163,0,5,SUCCESS,0,Not fraud,
550915258201,2025-08-06 15:44:16,575.5,P2M,Grocery & Supermarkets,Kerala,HDFC Bank,BHIM,iOS,36-45,503,0,3,SUCCESS,0,Not fraud,
644812866803,2025-08-06 20:05:13,602.49,P2M,Grocery & Supermarkets,Haryana,Punjab National Bank,PhonePe,Android,26-35,1454,0,3,SUCCESS,0,Not fraud,
124298015073,2025-08-06 21:56:39,1062.45,P2M,Financial Services,Telangana,State Bank of India,PhonePe,Android,36-45,977,0,7,SUCCESS,0,Not fraud,
947964585946,2025-08-07 13:48:50,63.27,P2M,Food & Dining,Madhya Pradesh,IndusInd Bank,Google Pay,Android,26-35,1937,1,4,FAILED,0,Not fraud,
386151412810,2025-08-07 20:05:23,100.0,P2M,Utilities,Maharashtra,HDFC Bank,PhonePe,Android,26-35,770,0,7,SUCCESS,0,Not fraud,
843441830046,2025-08-08 10:15:03,400.0,Collect Request,Not applicable,Gujarat,Other,Other,Android,18-25,1329,1,2,SUCCESS,0,Not fraud,
741587072713,2025-08-08 10:41:55,1718.25,P2M,Healthcare,Telangana,State Bank of India,Google Pay,Android,36-45,2069,0,2,SUCCESS,0,Not fraud,
866049510640,2025-08-08 13:08:43,1325.37,P2M,Grocery & Supermarkets,Rajasthan,Axis Bank,Google Pay,Android,26-35,6000,0,6,SUCCESS,0,Not fraud,
436592871426,2025-08-08 14:26:03,200.0,Autopay/Mandate,Financial Services,Haryana,Kotak Mahindra Bank,Google Pay,iOS,26-35,597,0,2,SUCCESS,0,Not fraud,
988297056351,2025-08-08 18:59:08,2520.0,P2P,Not applicable,Karnataka,State Bank of India,Paytm,Android,26-35,267,0,2,SUCCESS,0,Not fraud,
618492771585,2025-08-09 15:07:58,645.25,P2P,Not applicable,Uttar Pradesh,State Bank of India,PhonePe,iOS,26-35,1130,0,3,SUCCESS,0,Not fraud,
947410876114,2025-08-09 19:41:39,286.24,P2M,Grocery & Supermarkets,Goa,Canara Bank,Google Pay,Android,26-35,848,0,5,SUCCESS,0,Not fraud,
141985540804,2025-08-09 22:47:04,1040.0,P2P,Not applicable,Uttar Pradesh,State Bank of India,Google Pay,iOS,60+,508,0,3,SUCCESS,0,Not fraud,
156419190773,2025-08-10 00:51:36,500.0,P2M,Food & Dining,Chhattisgarh,State Bank of India,Other,iOS,26-35,90,1,8,SUCCESS,0,Not fraud,
260604670889,2025-08-10 12:39:59,1180.0,P2P,Not applicable,Gujarat,Bank of Baroda,Google Pay,Android,36-45,82,1,2,SUCCESS,0,Not fraud,
366452733317,2025-08-10 23:01:51,760.0,P2M,Travel & Transport,Uttar Pradesh,Other,PhonePe,Android,46-59,6000,0,5,SUCCESS,0,Not fraud,
397160460572,2025-08-10 23:49:31,60.0,Autopay/Mandate,Utilities,Kerala,Kotak Mahindra Bank,Google Pay,iOS,26-35,1616,0,3,SUCCESS,0,Not fraud,
593853937152,2025-08-11 09:28:14,236.63,Bill Payment,Education,Uttar Pradesh,Axis Bank,PhonePe,Android,26-35,196,0,4,SUCCESS,0,Not fraud,
931661883904,2025-08-11 11:59:15,1520.0,Collect Request,Not applicable,Andhra Pradesh,IndusInd Bank,PhonePe,iOS,36-45,1029,1,2,SUCCESS,0,Not fraud,
366601659263,2025-08-11 14:14:55,364.55,P2P,Not applicable,Maharashtra,Canara Bank,PhonePe,Android,26-35,215,0,2,SUCCESS,0,Not fraud,
453416876370,2025-08-11 16:59:38,7900.0,Bill Payment,Education,Haryana,State Bank of India,PhonePe,Android,26-35,1072,0,3,SUCCESS,0,Not fraud,
997410884089,2025-08-11 18:48:21,180.0,P2P,Not applicable,Bihar,Kotak Mahindra Bank,PhonePe,Android,26-35,189,0,4,SUCCESS,0,Not fraud,
321890507537,2025-08-11 19:42:07,1270.0,P2M,E-commerce,Uttar Pradesh,Axis Bank,PhonePe,Android,18-25,428,0,2,SUCCESS,0,Not fraud,
716784985235,2025-08-12 04:43:26,200.0,P2M,E-commerce,Maharashtra,ICICI Bank,Google Pay,Android,26-35,309,0,3,SUCCESS,0,Not fraud,
177204743998,2025-08-12 05:45:14,1336.34,Collect Request,Not applicable,West Bengal,Bank of India,PhonePe,Android,18-25,3691,1,5,SUCCESS,0,Not fraud,
743161807811,2025-08-12 10:37:26,1700.0,P2P,Not applicable,Andhra Pradesh,Yes Bank,PhonePe,Android,26-35,113,0,3,SUCCESS,0,Not fraud,
236511219761,2025-08-12 11:30:02,677.42,P2M,Grocery & Supermarkets,Rajasthan,ICICI Bank,PhonePe,Android,18-25,374,0,4,SUCCESS,0,Not fraud,
616337060719,2025-08-12 12:19:42,340.15,P2M,Food & Dining,Odisha,Kotak Mahindra Bank,Google Pay,iOS,26-35,2267,0,6,SUCCESS,0,Not fraud,
196527603929,2025-08-13 14:18:37,134.17,P2M,Telecom & Recharge,Tamil Nadu,Kotak Mahindra Bank,PhonePe,iOS,26-35,1524,0,4,SUCCESS,0,Not fraud,
932734454569,2025-08-13 15:53:13,2862.48,P2M,E-commerce,Tamil Nadu,Other,Google Pay,Android,26-35,192,0,3,SUCCESS,0,Not fraud,
707826204051,2025-08-13 16:54:25,1220.0,P2P,Not applicable,Maharashtra,Bank of India,PhonePe,Android,36-45,822,0,2,SUCCESS,0,Not fraud,
807611346845,2025-08-13 19:43:37,658.65,Collect Request,Not applicable,Telangana,Punjab National Bank,Paytm,Android,26-35,793,0,1,FAILED,0,Not fraud,
236972050587,2025-08-14 08:29:01,100.0,Autopay/Mandate,Telecom & Recharge,Uttar Pradesh,Other,Google Pay,iOS,36-45,647,0,2,SUCCESS,0,Not fraud,
756379894730,2025-08-14 08:39:15,1210.52,P2P,Not applicable,Jharkhand,Other,Google Pay,iOS,18-25,416,0,4,SUCCESS,0,Not fraud,
240465570290,2025-08-14 10:49:38,321.68,P2M,Healthcare,Odisha,Canara Bank,Google Pay,iOS,26-35,1015,1,5,SUCCESS,0,Not fraud,
621914348194,2025-08-14 10:52:16,34.83,P2M,Telecom & Recharge,Bihar,Other,PhonePe,Android,46-59,554,0,5,SUCCESS,0,Not fraud,
274287419266,2025-08-14 17:02:04,210.0,P2M,Grocery & Supermarkets,Chhattisgarh,ICICI Bank,PhonePe,Android,46-59,348,1,4,SUCCESS,0,Not fraud,
779688329391,2025-08-14 19:47:38,30.0,P2M,Food & Dining,Karnataka,Canara Bank,PhonePe,Android,36-45,185,0,5,SUCCESS,0,Not fraud,
554953155211,2025-08-14 20:45:40,2076.06,P2P,Not applicable,Maharashtra,Other,Google Pay,Android,26-35,1264,0,3,FAILED,0,Not fraud,
618519460587,2025-08-15 08:38:15,640.0,Bill Payment,Utilities,Uttar Pradesh,Punjab National Bank,PhonePe,Feature Phone (USSD),26-35,173,0,3,SUCCESS,0,Not fraud,
667784288185,2025-08-15 11:40:31,180.0,Collect Request,Not applicable,Andhra Pradesh,State Bank of India,Paytm,Android,18-25,102,1,3,SUCCESS,0,Not fraud,
690203517134,2025-08-15 16:31:44,4600.0,P2M,Healthcare,Madhya Pradesh,HDFC Bank,Amazon Pay,Android,26-35,171,0,3,DEEMED,0,Not fraud,
861456578525,2025-08-16 11:50:16,353.32,P2P,Not applicable,Bihar,State Bank of India,Google Pay,Android,18-25,1669,0,1,SUCCESS,0,Not fraud,
927716977560,2025-08-17 06:56:59,556.95,P2M,Telecom & Recharge,Uttar Pradesh,State Bank of India,BHIM,Android,18-25,1242,0,3,SUCCESS,0,Not fraud,
515857505399,2025-08-17 10:24:36,1000.0,P2P,Not applicable,Delhi,Other,Other,Android,26-35,480,1,1,SUCCESS,0,Not fraud,
487494939822,2025-08-17 12:16:48,2190.0,P2M,Fuel,Uttar Pradesh,State Bank of India,PhonePe,Android,26-35,396,0,3,SUCCESS,0,Not fraud,
447926950035,2025-08-17 15:53:47,200.0,Autopay/Mandate,Financial Services,Madhya Pradesh,State Bank of India,PhonePe,Android,36-45,160,0,3,SUCCESS,0,Not fraud,
877328825500,2025-08-17 19:06:15,1200.0,P2P,Not applicable,Andhra Pradesh,HDFC Bank,PhonePe,iOS,36-45,165,0,5,SUCCESS,0,Not fraud,
409512737040,2025-08-18 00:38:27,1526.87,P2P,Not applicable,Karnataka,ICICI Bank,Google Pay,Android,46-59,232,1,4,SUCCESS,1,Fake Customer Care,8.5
184849922487,2025-08-18 09:35:53,840.21,P2M,Healthcare,Maharashtra,State Bank of India,PhonePe,Android,26-35,1233,0,4,SUCCESS,0,Not fraud,
724786656027,2025-08-19 04:09:35,920.0,Bill Payment,Education,Maharashtra,Punjab National Bank,Google Pay,Android,36-45,3486,0,3,SUCCESS,0,Not fraud,
702039091015,2025-08-19 08:24:24,1588.6,Autopay/Mandate,Financial Services,Delhi,Other,Google Pay,iOS,36-45,493,0,1,SUCCESS,0,Not fraud,
924322971260,2025-08-19 12:45:05,795.87,P2M,Telecom & Recharge,Punjab,Other,Other,iOS,26-35,3078,0,3,SUCCESS,0,Not fraud,
381655863013,2025-08-19 14:03:04,1200.0,P2M,Fuel,Kerala,Yes Bank,Google Pay,Android,18-25,250,0,4,SUCCESS,0,Not fraud,
676513467741,2025-08-19 19:52:27,400.0,P2M,Fuel,Tamil Nadu,IndusInd Bank,PhonePe,iOS,18-25,6000,0,2,SUCCESS,0,Not fraud,
220747625242,2025-08-20 08:24:43,2093.95,P2P,Not applicable,Karnataka,HDFC Bank,PhonePe,Android,18-25,1717,0,2,SUCCESS,0,Not fraud,
409390905626,2025-08-20 08:40:26,240.65,P2M,Entertainment & OTT,West Bengal,Other,PhonePe,Android,26-35,323,0,8,SUCCESS,0,Not fraud,
893629036839,2025-08-20 08:43:10,187.29,Autopay/Mandate,Utilities,West Bengal,Canara Bank,Google Pay,iOS,26-35,6000,0,1,SUCCESS,0,Not fraud,
606494128280,2025-08-20 09:10:19,1954.64,Bill Payment,Utilities,Rajasthan,State Bank of India,Paytm,Android,26-35,1743,0,3,SUCCESS,0,Not fraud,
130238231617,2025-08-20 09:14:27,118.59,P2M,Grocery & Supermarkets,Uttar Pradesh,Kotak Mahindra Bank,Paytm,Android,18-25,206,1,4,SUCCESS,0,Not fraud,
118782193128,2025-08-20 09:51:07,1190.0,P2M,E-commerce,Punjab,State Bank of India,Google Pay,Android,18-25,580,0,1,SUCCESS,0,Not fraud,
894880675702,2025-08-20 15:21:06,1.0,P2M,Financial Services,Gujarat,Punjab National Bank,Google Pay,Android,26-35,539,0,3,FAILED,0,Not fraud,
798626773497,2025-08-21 13:39:09,1060.0,P2M,Fuel,Maharashtra,Bank of Baroda,PhonePe,Android,46-59,365,0,9,DEEMED,0,Not fraud,
756994193102,2025-08-21 18:19:19,1602.91,P2M,Fuel,Karnataka,Axis Bank,PhonePe,Android,46-59,592,0,1,SUCCESS,0,Not fraud,
312421540898,2025-08-21 19:07:08,290.0,P2M,Food & Dining,Kerala,State Bank of India,PhonePe,Android,46-59,309,0,4,SUCCESS,0,Not fraud,
156314000996,2025-08-22 19:23:13,2835.65,Collect Request,Not applicable,Bihar,State Bank of India,Google Pay,Android,46-59,117,1,2,SUCCESS,0,Not fraud,
847076262573,2025-08-22 21:56:42,1500.0,P2M,Food & Dining,Maharashtra,State Bank of India,PhonePe,iOS,36-45,92,0,6,SUCCESS,0,Not fraud,
424715977852,2025-08-22 23:19:50,840.0,P2M,Healthcare,Karnataka,Axis Bank,BHIM,Android,18-25,1154,0,5,SUCCESS,0,Not fraud,
174267408761,2025-08-23 08:12:26,1220.0,P2P,Not applicable,Maharashtra,Bank of India,PhonePe,Android,18-25,487,0,1,SUCCESS,0,Not fraud,
147868069084,2025-08-23 12:47:19,760.0,P2M,E-commerce,Maharashtra,Union Bank of India,Amazon Pay,Android,26-35,6000,0,3,DEEMED,0,Not fraud,
481146113905,2025-08-24 00:06:17,473.88,P2M,Financial Services,Haryana,Other,PhonePe,Android,18-25,313,0,2,SUCCESS,0,Not fraud,
220811358085,2025-08-24 00:29:41,1600.0,Bill Payment,Telecom & Recharge,Rajasthan,Other,Google Pay,Android,26-35,753,0,3,SUCCESS,0,Not fraud,
524163578499,2025-08-24 13:04:27,1600.0,P2M,E-commerce,Andhra Pradesh,Union Bank of India,Google Pay,Android,36-45,322,0,6,SUCCESS,0,Not fraud,
629804494568,2025-08-24 13:04:35,800.0,Bill Payment,Education,Andhra Pradesh,Kotak Mahindra Bank,PhonePe,Android,18-25,36,0,3,SUCCESS,0,Not fraud,
681719422977,2025-08-24 17:20:30,700.0,P2M,Fuel,Telangana,State Bank of India,Google Pay,Android,26-35,407,1,3,SUCCESS,0,Not fraud,
303293333827,2025-08-24 18:46:14,110.0,P2M,Food & Dining,West Bengal,State Bank of India,PhonePe,Android,18-25,610,0,4,SUCCESS,0,Not fraud,
309578784766,2025-08-25 11:11:34,1243.31,P2M,Food & Dining,Delhi,Punjab National Bank,PhonePe,iOS,36-45,3471,0,4,SUCCESS,0,Not fraud,
801562680571,2025-08-25 13:19:21,720.78,P2P,Not applicable,Karnataka,Other,PhonePe,Android,46-59,3985,1,3,SUCCESS,0,Not fraud,
691264378381,2025-08-25 13:43:00,122.07,P2M,Utilities,Uttar Pradesh,State Bank of India,Google Pay,Android,18-25,216,0,7,SUCCESS,0,Not fraud,
108629521830,2025-08-25 13:54:09,259.6,P2P,Not applicable,Karnataka,Canara Bank,Google Pay,Android,18-25,336,0,3,SUCCESS,0,Not fraud,
501766205274,2025-08-25 17:19:00,2870.0,P2P,Not applicable,Uttar Pradesh,Union Bank of India,PhonePe,Android,18-25,5724,0,2,SUCCESS,0,Not fraud,
541978134544,2025-08-26 09:13:44,1640.0,P2M,Grocery & Supermarkets,Tamil Nadu,Canara Bank,Paytm,Android,36-45,714,1,4,SUCCESS,0,Not fraud,
771412949685,2025-08-26 11:38:55,700.0,P2P,Not applicable,Gujarat,Axis Bank,Paytm,Android,26-35,811,0,3,SUCCESS,0,Not fraud,
892564981020,2025-08-26 11:40:53,2193.91,P2M,Financial Services,Telangana,Other,Google Pay,iOS,46-59,1177,0,8,SUCCESS,0,Not fraud,
750790671672,2025-08-26 14:47:35,783.56,Collect Request,Not applicable,Delhi,State Bank of India,PhonePe,Android,18-25,1841,0,1,SUCCESS,0,Not fraud,
653383808980,2025-08-26 14:52:44,680.0,P2M,Food & Dining,Kerala,Other,Google Pay,Android,18-25,2442,0,3,SUCCESS,0,Not fraud,
777803841688,2025-08-26 15:25:50,8300.0,Collect Request,Not applicable,Himachal Pradesh,HDFC Bank,PhonePe,Android,46-59,146,1,2,SUCCESS,1,Fake Customer Care,206.0
190095022787,2025-08-26 16:55:09,292.43,P2M,Food & Dining,Madhya Pradesh,State Bank of India,Google Pay,Android,46-59,4072,0,6,SUCCESS,0,Not fraud,
429479467684,2025-08-26 19:05:39,188.81,P2M,E-commerce,Maharashtra,HDFC Bank,BHIM,Android,26-35,3566,0,5,SUCCESS,0,Not fraud,
100905352422,2025-08-26 19:56:12,190.0,P2M,Food & Dining,Madhya Pradesh,Canara Bank,PhonePe,Android,18-25,2078,0,5,SUCCESS,0,Not fraud,
475948750031,2025-08-26 21:45:36,2935.82,P2M,Financial Services,Uttar Pradesh,ICICI Bank,PhonePe,Android,26-35,479,1,3,SUCCESS,0,Not fraud,
821431272670,2025-08-27 10:23:32,200.0,P2M,Entertainment & OTT,Gujarat,HDFC Bank,Google Pay,Android,36-45,193,0,4,SUCCESS,0,Not fraud,
798636278641,2025-08-27 11:47:19,183.9,P2M,Food & Dining,Uttar Pradesh,ICICI Bank,PhonePe,Android,26-35,439,1,5,SUCCESS,0,Not fraud,
165220308901,2025-08-27 16:37:53,500.0,Collect Request,Not applicable,Maharashtra,Yes Bank,PhonePe,Android,60+,449,1,3,SUCCESS,0,Not fraud,
231051261071,2025-08-27 19:29:03,120.0,P2P,Not applicable,Uttar Pradesh,State Bank of India,PhonePe,Android,26-35,306,1,2,SUCCESS,0,Not fraud,
298427692596,2025-08-27 20:00:35,250.39,Autopay/Mandate,Utilities,Maharashtra,State Bank of India,PhonePe,Android,26-35,1467,0,1,SUCCESS,0,Not fraud,
632784149287,2025-08-27 22:22:07,390.0,P2P,Not applicable,Rajasthan,Bank of Baroda,PhonePe,Android,26-35,3672,0,2,SUCCESS,0,Not fraud,
530142399485,2025-08-28 08:44:16,112.23,P2M,Healthcare,Maharashtra,HDFC Bank,PhonePe,Android,46-59,217,0,4,SUCCESS,0,Not fraud,
108672945321,2025-08-28 17:41:15,972.59,P2M,Grocery & Supermarkets,Madhya Pradesh,Axis Bank,CRED,iOS,18-25,256,0,2,SUCCESS,0,Not fraud,
761755449746,2025-08-28 21:36:08,7000.0,P2M,E-commerce,Bihar,Union Bank of India,Google Pay,Android,18-25,279,0,4,SUCCESS,0,Not fraud,
172942458680,2025-08-29 11:16:02,3500.0,Bill Payment,Utilities,Andhra Pradesh,ICICI Bank,Google Pay,Android,18-25,1384,0,2,SUCCESS,0,Not fraud,
706623008679,2025-08-29 14:08:35,3396.65,P2M,Travel & Transport,Maharashtra,Other,PhonePe,Android,26-35,1490,0,5,SUCCESS,1,Merchant Impersonation,12.4
550182020877,2025-08-29 14:54:33,1694.8,P2P,Not applicable,Karnataka,Bank of Baroda,Google Pay,Android,60+,177,1,3,SUCCESS,0,Not fraud,
197404530632,2025-08-29 16:27:24,1210.0,P2M,Entertainment & OTT,Telangana,Canara Bank,PhonePe,Android,36-45,1581,0,6,SUCCESS,0,Not fraud,
772546164016,2025-08-29 17:28:53,1900.0,P2M,Grocery & Supermarkets,Karnataka,Canara Bank,Google Pay,Android,36-45,450,0,5,SUCCESS,0,Not fraud,
212415563529,2025-08-29 20:23:50,330.0,P2M,Food & Dining,Maharashtra,Canara Bank,PhonePe,Android,18-25,554,0,3,SUCCESS,0,Not fraud,
793921829295,2025-08-29 23:30:14,480.0,Bill Payment,Financial Services,Telangana,Punjab National Bank,PhonePe,Android,26-35,4693,0,2,SUCCESS,0,Not fraud,
415075874979,2025-08-30 12:42:52,324.13,P2M,Utilities,Haryana,Canara Bank,PhonePe,Android,18-25,1258,0,3,SUCCESS,0,Not fraud,
673078575708,2025-08-30 17:18:26,769.64,P2P,Not applicable,Haryana,Other,Google Pay,iOS,60+,1252,0,1,SUCCESS,0,Not fraud,
645406448589,2025-08-30 19:05:31,820.0,Bill Payment,Education,Madhya Pradesh,Other,Google Pay,Feature Phone (USSD),36-45,1523,1,3,SUCCESS,0,Not fraud,
600240387915,2025-08-30 23:08:02,10700.0,P2M,Food & Dining,Assam,IDFC FIRST Bank,PhonePe,Android,36-45,98,1,1,SUCCESS,1,Phishing/Vishing,4.4
405281828643,2025-08-31 01:36:16,590.0,P2P,Not applicable,Himachal Pradesh,State Bank of India,BHIM,Android,36-45,640,0,1,SUCCESS,0,Not fraud,
555408097349,2025-08-31 11:17:40,820.0,P2M,Grocery & Supermarkets,Uttar Pradesh,Kotak Mahindra Bank,PhonePe,Android,26-35,83,0,3,SUCCESS,0,Not fraud,
866166385195,2025-08-31 12:11:15,5690.0,P2P,Not applicable,Odisha,HDFC Bank,Google Pay,Android,36-45,1340,1,2,SUCCESS,0,Not fraud,
220955306611,2025-08-31 14:57:41,427.9,P2M,Telecom & Recharge,Chhattisgarh,State Bank of India,Google Pay,Android,26-35,210,0,3,SUCCESS,0,Not fraud,
524033411088,2025-08-31 19:25:55,480.0,P2M,Telecom & Recharge,Maharashtra,HDFC Bank,Google Pay,Android,36-45,745,0,2,SUCCESS,0,Not fraud,
672546987923,2025-08-31 21:01:22,766.05,P2P,Not applicable,Assam,Other,PhonePe,Android,18-25,1149,1,3,SUCCESS,0,Not fraud,
184267989759,2025-09-01 09:03:23,640.44,Collect Request,Not applicable,Assam,HDFC Bank,Google Pay,Android,46-59,118,1,2,SUCCESS,0,Not fraud,
869820314243,2025-09-01 09:20:40,3320.0,P2P,Not applicable,Madhya Pradesh,Canara Bank,PhonePe,Android,36-45,109,0,4,SUCCESS,0,Not fraud,
213938798192,2025-09-01 09:40:53,440.0,P2P,Not applicable,Tamil Nadu,Canara Bank,PhonePe,iOS,18-25,144,1,3,SUCCESS,0,Not fraud,
257763976658,2025-09-01 10:58:01,4800.0,Bill Payment,Financial Services,Kerala,Punjab National Bank,PhonePe,Android,46-59,221,0,2,SUCCESS,0,Not fraud,
345443558543,2025-09-01 12:05:44,1900.69,P2M,Education,Tamil Nadu,Punjab National Bank,PhonePe,Android,26-35,222,0,7,SUCCESS,0,Not fraud,
387069037368,2025-09-01 13:59:44,56.64,P2M,Utilities,Rajasthan,State Bank of India,PhonePe,Android,18-25,931,0,6,SUCCESS,0,Not fraud,
821606177791,2025-09-01 17:42:01,180.43,P2M,Telecom & Recharge,Bihar,Axis Bank,Google Pay,Android,18-25,1439,0,4,SUCCESS,0,Not fraud,
697459421645,2025-09-01 18:15:11,400.0,P2M,Fuel,Delhi,Bank of Baroda,Google Pay,Android,26-35,154,0,6,SUCCESS,0,Not fraud,
515239707566,2025-09-01 19:32:08,530.0,P2P,Not applicable,Telangana,Bank of Baroda,PhonePe,Android,26-35,1044,0,3,SUCCESS,0,Not fraud,
722572689198,2025-09-01 23:52:24,1614.34,Collect Request,Not applicable,Uttar Pradesh,Other,Google Pay,Android,26-35,522,1,2,SUCCESS,1,Fake Collect Request,10.2
980256839910,2025-09-02 01:06:55,261.58,P2M,Grocery & Supermarkets,Maharashtra,Bank of Baroda,PhonePe,Android,18-25,372,0,3,SUCCESS,0,Not fraud,
679895390143,2025-09-02 12:25:00,1163.93,P2P,Not applicable,Punjab,HDFC Bank,PhonePe,Android,26-35,714,1,2,FAILED,0,Not fraud,
623160826417,2025-09-02 16:27:48,510.0,Autopay/Mandate,Financial Services,Karnataka,Other,Google Pay,Android,26-35,386,0,4,SUCCESS,0,Not fraud,
278823600601,2025-09-02 21:50:16,3055.58,Collect Request,Not applicable,Karnataka,ICICI Bank,PhonePe,Android,26-35,2192,0,5,SUCCESS,1,Fake Customer Care,4.4
655961782037,2025-09-03 07:06:19,100.0,P2M,Food & Dining,Odisha,HDFC Bank,Google Pay,Android,26-35,373,0,9,SUCCESS,0,Not fraud,
451638282982,2025-09-03 10:23:24,2308.13,P2P,Not applicable,Delhi,Axis Bank,Google Pay,iOS,18-25,6000,1,2,SUCCESS,0,Not fraud,
952350357686,2025-09-03 12:09:03,3300.0,P2P,Not applicable,Uttar Pradesh,ICICI Bank,PhonePe,iOS,36-45,678,0,2,SUCCESS,1,Fake Customer Care,75.3
289387077290,2025-09-03 16:38:48,3040.94,P2M,Healthcare,Bihar,Bank of India,PhonePe,Android,60+,781,0,4,SUCCESS,0,Not fraud,
300941483713,2025-09-03 17:03:11,750.0,P2M,Grocery & Supermarkets,Tamil Nadu,State Bank of India,PhonePe,Android,46-59,1325,0,2,SUCCESS,0,Not fraud,
709475603539,2025-09-03 19:07:17,150.0,P2M,Food & Dining,Odisha,Union Bank of India,PhonePe,Android,18-25,945,0,2,SUCCESS,0,Not fraud,
574187063359,2025-09-03 21:13:29,217.16,P2M,Healthcare,Tamil Nadu,Axis Bank,PhonePe,Android,46-59,956,0,5,SUCCESS,0,Not fraud,
618933078229,2025-09-04 10:23:29,200.0,P2M,Travel & Transport,Kerala,Indian Bank,Google Pay,Android,46-59,3676,0,3,SUCCESS,0,Not fraud,
751382889406,2025-09-04 18:08:33,112.34,P2M,Grocery & Supermarkets,Maharashtra,ICICI Bank,Google Pay,Android,18-25,654,0,6,SUCCESS,0,Not fraud,
856173338913,2025-09-04 18:28:08,20400.0,P2P,Not applicable,Uttar Pradesh,State Bank of India,Amazon Pay,Android,36-45,845,1,2,SUCCESS,1,Investment/Task Scam,69.7
289030816058,2025-09-04 19:04:44,1780.0,P2M,Travel & Transport,Andhra Pradesh,State Bank of India,Paytm,Android,18-25,406,0,7,SUCCESS,0,Not fraud,
939070924300,2025-09-04 19:10:39,372.28,P2M,Others,Chhattisgarh,Bank of Baroda,PhonePe,Android,36-45,187,1,4,SUCCESS,0,Not fraud,
724630958522,2025-09-04 20:22:21,558.39,P2P,Not applicable,Rajasthan,ICICI Bank,Google Pay,Android,46-59,632,0,2,SUCCESS,0,Not fraud,
144209722942,2025-09-04 20:27:01,18160.0,P2P,Not applicable,Telangana,Other,Google Pay,Android,26-35,583,1,6,SUCCESS,1,SIM Swap/Account Takeover,31.2
329706540897,2025-09-04 20:32:41,30.0,P2M,Food & Dining,Karnataka,Punjab National Bank,Paytm,Android,18-25,1959,0,3,SUCCESS,0,Not fraud,
620052672169,2025-09-04 22:43:41,150.0,P2M,Food & Dining,Delhi,ICICI Bank,PhonePe,Android,36-45,393,0,4,SUCCESS,0,Not fraud,
881263400308,2025-09-05 07:06:52,12500.0,P2P,Not applicable,Tripura,Other,PhonePe,Android,36-45,814,1,3,SUCCESS,1,Investment/Task Scam,28.4
319909496346,2025-09-05 11:50:20,137.74,P2M,E-commerce,Maharashtra,State Bank of India,Other,iOS,36-45,1310,0,4,PENDING,0,Not fraud,
971632021167,2025-09-05 13:47:11,1030.0,P2M,Food & Dining,Kerala,Indian Bank,Google Pay,iOS,26-35,1838,0,3,SUCCESS,0,Not fraud,
426865017833,2025-09-05 14:34:59,107.68,P2M,Grocery & Supermarkets,Tamil Nadu,Canara Bank,Google Pay,Android,36-45,461,0,4,SUCCESS,0,Not fraud,
615380319833,2025-09-05 20:49:45,900.0,Bill Payment,Education,Punjab,Bank of Baroda,PhonePe,Android,26-35,1056,0,1,SUCCESS,0,Not fraud,
707855515909,2025-09-05 20:58:38,131.05,P2M,Grocery & Supermarkets,Rajasthan,Other,PhonePe,Android,36-45,1992,0,5,SUCCESS,0,Not fraud,
388673722685,2025-09-06 06:51:37,1280.0,P2P,Not applicable,Bihar,Canara Bank,Google Pay,Android,18-25,3637,0,2,SUCCESS,0,Not fraud,
179629057308,2025-09-06 09:05:14,591.75,P2P,Not applicable,Maharashtra,Bank of India,Google Pay,Android,18-25,99,1,4,SUCCESS,0,Not fraud,
556343515072,2025-09-06 14:45:00,331.8,P2P,Not applicable,Karnataka,Kotak Mahindra Bank,Paytm,Android,18-25,132,1,2,SUCCESS,0,Not fraud,
635238845877,2025-09-06 17:52:40,570.17,P2P,Not applicable,Andhra Pradesh,Other,PhonePe,Android,26-35,4447,0,4,SUCCESS,0,Not fraud,
579713894324,2025-09-06 19:30:03,200.0,P2M,Food & Dining,Tamil Nadu,Bank of Baroda,Paytm,Android,18-25,582,0,4,SUCCESS,0,Not fraud,
980017884394,2025-09-06 23:36:30,2355.7,P2P,Not applicable,Maharashtra,ICICI Bank,Google Pay,Android,18-25,600,0,1,SUCCESS,0,Not fraud,
241046558565,2025-09-07 12:10:45,701.99,P2P,Not applicable,Telangana,Other,PhonePe,Android,26-35,1505,1,2,PENDING,0,Not fraud,
503101751363,2025-09-07 22:16:35,3255.53,Bill Payment,Utilities,Odisha,Punjab National Bank,BHIM,Android,26-35,641,0,2,SUCCESS,0,Not fraud,
520276563143,2025-09-08 10:24:31,1300.0,P2P,Not applicable,Bihar,Other,PhonePe,Android,36-45,149,0,3,SUCCESS,0,Not fraud,
595040338271,2025-09-08 12:22:03,200.0,P2M,Grocery & Supermarkets,Punjab,HDFC Bank,Google Pay,iOS,46-59,397,0,6,SUCCESS,0,Not fraud,
954520672286,2025-09-08 13:59:41,1679.05,Collect Request,Not applicable,Delhi,State Bank of India,Google Pay,Android,18-25,537,1,5,SUCCESS,0,Not fraud,
645056779096,2025-09-08 18:56:06,3020.0,P2M,Grocery & Supermarkets,Delhi,HDFC Bank,PhonePe,Android,18-25,113,0,5,SUCCESS,1,QR Code Scam,3.7
399672419893,2025-09-09 09:48:18,459.91,P2M,Grocery & Supermarkets,Karnataka,Other,Google Pay,iOS,26-35,263,1,2,SUCCESS,0,Not fraud,
555905576943,2025-09-09 13:55:35,650.0,P2M,Grocery & Supermarkets,Bihar,HDFC Bank,PhonePe,Android,26-35,4625,0,6,SUCCESS,0,Not fraud,
619199825529,2025-09-09 16:48:56,360.0,P2M,Telecom & Recharge,Karnataka,State Bank of India,BHIM,Android,26-35,2404,1,5,SUCCESS,0,Not fraud,
962158368293,2025-09-09 21:34:07,830.0,P2M,Financial Services,Delhi,State Bank of India,PhonePe,Android,36-45,1116,0,5,SUCCESS,0,Not fraud,
660068049267,2025-09-10 08:58:18,400.0,P2M,Travel & Transport,Andhra Pradesh,Axis Bank,Google Pay,Android,36-45,250,0,6,SUCCESS,0,Not fraud,
859457190634,2025-09-10 12:40:08,730.0,P2P,Not applicable,Odisha,State Bank of India,PhonePe,Android,26-35,87,1,4,SUCCESS,0,Not fraud,
534510525711,2025-09-10 14:17:51,1240.0,P2M,Grocery & Supermarkets,Telangana,Bank of India,Other,Android,26-35,1024,0,2,SUCCESS,0,Not fraud,
682926171103,2025-09-10 16:58:41,600.0,P2P,Not applicable,Karnataka,State Bank of India,Google Pay,Android,26-35,4271,0,5,SUCCESS,0,Not fraud,
404758105426,2025-09-10 18:55:09,219.87,P2M,Grocery & Supermarkets,Assam,IDFC FIRST Bank,Google Pay,Feature Phone (USSD),46-59,346,0,5,SUCCESS,0,Not fraud,
430054752014,2025-09-10 19:06:24,190.0,Autopay/Mandate,Financial Services,Jharkhand,State Bank of India,PhonePe,iOS,18-25,20,0,5,SUCCESS,0,Not fraud,
131086128279,2025-09-11 12:06:38,490.0,Bill Payment,Telecom & Recharge,Karnataka,State Bank of India,PhonePe,Android,26-35,662,0,5,SUCCESS,0,Not fraud,
392101885501,2025-09-11 16:01:19,910.0,P2M,Grocery & Supermarkets,Tamil Nadu,ICICI Bank,PhonePe,Android,60+,418,0,4,SUCCESS,1,QR Code Scam,7.5
780133895808,2025-09-12 11:49:26,4810.0,Autopay/Mandate,Financial Services,West Bengal,Punjab National Bank,PhonePe,iOS,18-25,43,1,4,SUCCESS,0,Not fraud,
407870381999,2025-09-12 19:19:44,324.88,P2P,Not applicable,Kerala,Union Bank of India,Google Pay,Android,26-35,1890,0,1,SUCCESS,0,Not fraud,
335169820554,2025-09-13 02:41:34,573.51,P2M,E-commerce,Karnataka,State Bank of India,Google Pay,Android,26-35,1292,0,5,SUCCESS,0,Not fraud,
249654058953,2025-09-13 12:02:54,147.5,P2M,Food & Dining,Gujarat,State Bank of India,PhonePe,Android,26-35,418,0,3,SUCCESS,0,Not fraud,
460036343367,2025-09-13 16:07:10,395.56,P2M,E-commerce,Karnataka,State Bank of India,Google Pay,Android,36-45,348,0,7,SUCCESS,0,Not fraud,
520972513437,2025-09-13 20:52:07,1242.61,P2M,Travel & Transport,Maharashtra,Union Bank of India,PhonePe,Android,36-45,6000,0,3,SUCCESS,0,Not fraud,
540246098076,2025-09-14 11:13:28,100.0,P2P,Not applicable,Haryana,Bank of Baroda,PhonePe,Android,60+,360,0,6,SUCCESS,0,Not fraud,
322771690246,2025-09-14 13:49:43,172.6,P2M,Food & Dining,Telangana,Bank of Baroda,PhonePe,iOS,36-45,4494,0,4,SUCCESS,0,Not fraud,
830451858461,2025-09-14 18:06:41,620.0,P2M,Food & Dining,Andhra Pradesh,Union Bank of India,Paytm,Android,36-45,62,0,4,SUCCESS,0,Not fraud,
534824264845,2025-09-14 20:22:17,2400.0,P2M,Healthcare,Maharashtra,Canara Bank,PhonePe,Android,26-35,1156,0,7,SUCCESS,0,Not fraud,
870941449900,2025-09-14 20:32:34,2360.0,Autopay/Mandate,Financial Services,Jharkhand,HDFC Bank,PhonePe,iOS,26-35,72,0,4,SUCCESS,0,Not fraud,
356897939774,2025-09-14 22:52:19,2200.0,P2M,Education,Odisha,Punjab National Bank,Google Pay,Android,36-45,135,0,4,SUCCESS,1,QR Code Scam,27.6
288103470510,2025-09-15 09:23:57,400.0,P2M,Grocery & Supermarkets,Karnataka,Axis Bank,Google Pay,Android,46-59,567,0,7,SUCCESS,0,Not fraud,
891591880332,2025-09-15 12:14:35,1458.75,P2P,Not applicable,Maharashtra,ICICI Bank,BHIM,Android,36-45,173,0,2,SUCCESS,0,Not fraud,
754626198325,2025-09-15 17:46:25,2580.0,Bill Payment,Utilities,Odisha,Bank of Baroda,Google Pay,Android,18-25,6000,0,1,SUCCESS,0,Not fraud,
261204813524,2025-09-15 22:41:11,528.94,P2M,Food & Dining,Gujarat,Punjab National Bank,PhonePe,Android,36-45,82,0,4,SUCCESS,0,Not fraud,
654375891788,2025-09-16 08:07:39,280.0,P2M,Grocery & Supermarkets,Chhattisgarh,HDFC Bank,PhonePe,Android,26-35,166,0,7,SUCCESS,0,Not fraud,
968630774778,2025-09-16 14:13:19,141.1,P2P,Not applicable,Karnataka,Bank of India,PhonePe,Android,36-45,422,1,1,SUCCESS,0,Not fraud,
752721387879,2025-09-16 15:31:51,1100.0,Collect Request,Not applicable,Jharkhand,Indian Bank,Google Pay,iOS,60+,690,1,2,SUCCESS,0,Not fraud,
257484090625,2025-09-16 16:59:46,3050.0,P2P,Not applicable,Karnataka,State Bank of India,Paytm,Android,26-35,292,0,2,SUCCESS,0,Not fraud,
922885308271,2025-09-17 12:53:04,1336.58,Bill Payment,Financial Services,Karnataka,State Bank of India,Google Pay,Android,18-25,1924,1,3,SUCCESS,0,Not fraud,
496028259092,2025-09-17 13:28:20,700.0,P2M,Financial Services,Maharashtra,State Bank of India,PhonePe,Android,18-25,36,0,5,SUCCESS,0,Not fraud,
537874867959,2025-09-17 21:23:12,300.0,P2P,Not applicable,Telangana,State Bank of India,Google Pay,iOS,36-45,333,0,2,SUCCESS,0,Not fraud,
257646948574,2025-09-18 07:01:49,360.0,P2M,Entertainment & OTT,Gujarat,State Bank of India,PhonePe,Android,26-35,1007,0,2,SUCCESS,0,Not fraud,
107469420536,2025-09-18 10:19:58,1280.0,Autopay/Mandate,Entertainment & OTT,Maharashtra,Indian Bank,Paytm,Android,26-35,282,0,4,SUCCESS,0,Not fraud,
921606202315,2025-09-18 11:47:51,710.61,P2M,Grocery & Supermarkets,Bihar,Canara Bank,PhonePe,Android,26-35,145,0,4,SUCCESS,0,Not fraud,
173136036572,2025-09-18 14:38:15,2853.74,P2P,Not applicable,Maharashtra,Other,PhonePe,iOS,60+,724,0,6,SUCCESS,0,Not fraud,
735950785875,2025-09-19 10:36:02,1000.0,P2M,Travel & Transport,Tamil Nadu,State Bank of India,PhonePe,Android,46-59,1336,0,2,SUCCESS,0,Not fraud,
532194761096,2025-09-19 11:33:22,550.0,P2M,Grocery & Supermarkets,Punjab,Punjab National Bank,Paytm,Android,46-59,494,0,4,SUCCESS,0,Not fraud,
957855900672,2025-09-19 14:17:08,411.43,Bill Payment,Education,Telangana,State Bank of India,Google Pay,Android,26-35,1407,0,2,SUCCESS,0,Not fraud,
134004920332,2025-09-19 19:24:56,1190.0,P2M,E-commerce,Tamil Nadu,ICICI Bank,PhonePe,Android,18-25,957,0,4,SUCCESS,0,Not fraud,
508002521754,2025-09-19 19:36:37,1600.0,P2M,Education,Assam,ICICI Bank,Google Pay,Android,60+,1691,0,3,SUCCESS,0,Not fraud,
335051254949,2025-09-20 17:32:53,2700.8,P2P,Not applicable,Karnataka,Punjab National Bank,PhonePe,Android,18-25,846,1,3,SUCCESS,0,Not fraud,
886183621763,2025-09-20 19:06:11,572.56,P2M,Grocery & Supermarkets,Telangana,Canara Bank,Google Pay,Android,26-35,659,0,2,SUCCESS,0,Not fraud,
248849290827,2025-09-21 13:45:44,1310.0,P2M,Grocery & Supermarkets,Delhi,HDFC Bank,Google Pay,Android,26-35,906,1,5,PENDING,0,Not fraud,
756768949783,2025-09-21 14:43:48,169.65,P2P,Not applicable,Maharashtra,HDFC Bank,Google Pay,Android,46-59,551,0,5,SUCCESS,0,Not fraud,
604911870489,2025-09-21 16:46:17,481.37,Autopay/Mandate,Financial Services,Rajasthan,Other,PhonePe,Android,18-25,444,0,5,SUCCESS,0,Not fraud,
301233497344,2025-09-21 21:06:58,560.0,P2M,Financial Services,Gujarat,HDFC Bank,Google Pay,iOS,26-35,371,0,2,SUCCESS,0,Not fraud,
952007923598,2025-09-22 10:33:21,395.37,P2M,Travel & Transport,Gujarat,HDFC Bank,Google Pay,Android,26-35,1096,0,4,SUCCESS,0,Not fraud,
297660160872,2025-09-22 23:12:23,570.61,P2M,Food & Dining,Rajasthan,State Bank of India,Google Pay,Android,36-45,754,0,4,SUCCESS,0,Not fraud,
355839599331,2025-09-23 11:56:57,1000.0,P2M,E-commerce,Tamil Nadu,Other,Other,Android,60+,858,0,2,SUCCESS,0,Not fraud,
421117633499,2025-09-23 15:00:22,800.0,P2P,Not applicable,Karnataka,Other,Google Pay,Android,36-45,1215,0,1,SUCCESS,0,Not fraud,
220072159503,2025-09-23 17:12:34,2000.0,P2M,Fuel,Tamil Nadu,ICICI Bank,Amazon Pay,Android,36-45,6000,0,5,SUCCESS,0,Not fraud,
292406271597,2025-09-23 18:54:00,2835.22,Collect Request,Not applicable,Madhya Pradesh,Canara Bank,PhonePe,Android,36-45,197,1,4,SUCCESS,0,Not fraud,
337025445195,2025-09-23 20:48:27,1200.0,P2P,Not applicable,Karnataka,Other,CRED,Android,60+,1029,0,2,SUCCESS,0,Not fraud,
468754870479,2025-09-24 09:37:00,370.0,P2M,E-commerce,Gujarat,State Bank of India,PhonePe,Android,46-59,2555,0,5,SUCCESS,0,Not fraud,
352773250421,2025-09-24 12:33:53,869.7,P2M,Healthcare,Uttar Pradesh,HDFC Bank,PhonePe,Android,36-45,229,0,3,SUCCESS,0,Not fraud,
385456547162,2025-09-24 16:02:09,108.75,P2M,Telecom & Recharge,Odisha,State Bank of India,Google Pay,Android,26-35,561,0,5,SUCCESS,0,Not fraud,
627350739454,2025-09-24 16:09:51,100.0,P2M,Food & Dining,Jharkhand,Axis Bank,PhonePe,iOS,36-45,101,0,4,SUCCESS,0,Not fraud,
460049729077,2025-09-24 17:58:24,160.37,Autopay/Mandate,Financial Services,Rajasthan,Indian Bank,PhonePe,Android,60+,63,0,4,SUCCESS,0,Not fraud,
683635990305,2025-09-24 20:45:49,200.0,P2M,Food & Dining,Madhya Pradesh,State Bank of India,PhonePe,Android,18-25,2879,0,5,SUCCESS,0,Not fraud,
525222080305,2025-09-24 23:57:01,330.0,Bill Payment,Education,Maharashtra,Indian Bank,PhonePe,iOS,18-25,4429,0,3,SUCCESS,0,Not fraud,
284140772504,2025-09-25 00:46:02,180.0,P2M,Telecom & Recharge,Maharashtra,Axis Bank,Google Pay,iOS,26-35,447,0,4,SUCCESS,0,Not fraud,
254536213804,2025-09-25 08:18:38,400.0,Collect Request,Not applicable,Bihar,Other,Google Pay,iOS,36-45,290,0,5,SUCCESS,0,Not fraud,
459256898350,2025-09-25 09:00:06,1705.14,P2P,Not applicable,Maharashtra,IDFC FIRST Bank,PhonePe,iOS,26-35,76,0,3,SUCCESS,0,Not fraud,
955148093244,2025-09-25 09:08:25,1000.0,Bill Payment,Financial Services,Delhi,State Bank of India,Paytm,Android,36-45,1679,0,4,SUCCESS,0,Not fraud,
833101669649,2025-09-25 18:04:13,150.0,P2M,Grocery & Supermarkets,Telangana,ICICI Bank,Other,Android,26-35,2585,0,2,SUCCESS,0,Not fraud,
291372611651,2025-09-25 18:21:55,4000.0,Autopay/Mandate,Financial Services,Kerala,State Bank of India,Google Pay,Android,46-59,514,0,1,SUCCESS,0,Not fraud,
476796069455,2025-09-26 03:40:21,500.0,Bill Payment,Financial Services,Telangana,Kotak Mahindra Bank,Paytm,Feature Phone (USSD),36-45,249,0,4,SUCCESS,0,Not fraud,
558526185955,2025-09-26 15:14:41,270.0,P2M,Entertainment & OTT,Madhya Pradesh,State Bank of India,Google Pay,iOS,26-35,428,0,4,SUCCESS,0,Not fraud,
572533710231,2025-09-26 15:17:27,580.0,P2P,Not applicable,Maharashtra,Axis Bank,Google Pay,iOS,60+,406,1,1,SUCCESS,0,Not fraud,
990780612768,2025-09-26 18:53:25,1100.0,P2M,E-commerce,Rajasthan,Other,Google Pay,Android,18-25,176,0,4,SUCCESS,0,Not fraud,
997010648355,2025-09-27 11:23:30,4400.0,P2M,Grocery & Supermarkets,Haryana,Indian Bank,Other,Android,18-25,3289,0,6,SUCCESS,0,Not fraud,
463341902059,2025-09-27 11:56:07,549.96,P2M,Grocery & Supermarkets,Andhra Pradesh,State Bank of India,PhonePe,Android,18-25,1002,0,5,SUCCESS,0,Not fraud,
946030651581,2025-09-27 18:13:35,2220.0,P2P,Not applicable,Telangana,Other,Google Pay,Android,36-45,253,0,3,SUCCESS,0,Not fraud,
650782899589,2025-09-27 21:47:15,290.0,P2M,Utilities,Tamil Nadu,State Bank of India,PhonePe,iOS,46-59,1733,0,2,SUCCESS,0,Not fraud,
178002555310,2025-09-28 00:46:01,596.55,Bill Payment,Telecom & Recharge,Kerala,Union Bank of India,PhonePe,Android,46-59,1209,0,1,SUCCESS,0,Not fraud,
407009903254,2025-09-28 12:22:55,120.0,P2M,Grocery & Supermarkets,Tamil Nadu,Other,PhonePe,iOS,60+,492,0,5,SUCCESS,0,Not fraud,
445030184026,2025-09-28 15:03:37,440.0,P2M,Grocery & Supermarkets,Karnataka,State Bank of India,PhonePe,Android,36-45,717,0,7,SUCCESS,0,Not fraud,
350657261058,2025-09-28 16:36:21,2060.0,P2M,E-commerce,Rajasthan,Other,PhonePe,Android,26-35,103,0,5,SUCCESS,0,Not fraud,
735262100484,2025-09-29 00:25:49,2534.28,P2M,Fuel,Haryana,ICICI Bank,Google Pay,iOS,26-35,50,0,8,SUCCESS,0,Not fraud,
374300000173,2025-09-29 09:00:14,200.0,P2M,Utilities,Maharashtra,Other,Paytm,iOS,36-45,6000,0,5,SUCCESS,0,Not fraud,
332822497963,2025-09-29 09:38:35,700.0,P2P,Not applicable,Madhya Pradesh,Bank of Baroda,Google Pay,Android,36-45,1738,0,2,SUCCESS,0,Not fraud,
198801592207,2025-09-29 14:52:16,459.36,P2M,Grocery & Supermarkets,Maharashtra,HDFC Bank,PhonePe,Android,18-25,234,0,2,SUCCESS,0,Not fraud,
800726807592,2025-09-29 14:54:59,500.0,Collect Request,Not applicable,Maharashtra,State Bank of India,PhonePe,Android,46-59,6000,1,3,SUCCESS,0,Not fraud,
909835931543,2025-09-29 15:26:30,1852.05,P2M,E-commerce,Uttar Pradesh,HDFC Bank,Google Pay,Android,18-25,1974,1,4,SUCCESS,0,Not fraud,
175673799170,2025-09-29 20:29:59,687.97,Collect Request,Not applicable,Haryana,State Bank of India,PhonePe,Android,46-59,903,1,5,SUCCESS,0,Not fraud,
472688621619,2025-09-30 10:09:32,3644.67,P2P,Not applicable,Maharashtra,Punjab National Bank,PhonePe,Android,18-25,6000,0,4,SUCCESS,0,Not fraud,
756871143958,2025-09-30 14:29:59,693.99,P2M,Grocery & Supermarkets,Tamil Nadu,Kotak Mahindra Bank,PhonePe,Android,26-35,1869,0,1,SUCCESS,0,Not fraud,
686056954179,2025-09-30 18:31:50,2300.0,P2P,Not applicable,Delhi,Axis Bank,PhonePe,Android,18-25,142,0,2,SUCCESS,1,QR Code Scam,44.4
661653864745,2025-09-30 19:57:06,1445.66,P2M,Fuel,Bihar,Other,Google Pay,iOS,18-25,221,0,5,SUCCESS,0,Not fraud,
361716089749,2025-10-01 10:07:48,138.15,P2M,Others,Madhya Pradesh,Axis Bank,PhonePe,Android,26-35,856,0,2,SUCCESS,0,Not fraud,
998644305481,2025-10-01 10:51:36,580.0,P2M,E-commerce,Tamil Nadu,Union Bank of India,PhonePe,Android,60+,845,0,7,SUCCESS,0,Not fraud,
324506406685,2025-10-01 11:42:59,6870.0,Collect Request,Not applicable,Tamil Nadu,HDFC Bank,Other,Android,26-35,83,0,1,SUCCESS,0,Not fraud,
644527047783,2025-10-01 11:48:18,600.0,P2M,Education,Kerala,Kotak Mahindra Bank,Google Pay,iOS,18-25,118,0,6,SUCCESS,0,Not fraud,
137113407347,2025-10-01 15:26:01,1040.0,P2M,Grocery & Supermarkets,Karnataka,ICICI Bank,Google Pay,Android,60+,234,0,2,SUCCESS,0,Not fraud,
362529392987,2025-10-01 18:49:41,4245.52,Collect Request,Not applicable,Jammu & Kashmir,Other,Google Pay,Android,26-35,502,1,2,SUCCESS,0,Not fraud,
778517452513,2025-10-01 18:54:16,500.0,P2M,Grocery & Supermarkets,Tamil Nadu,HDFC Bank,PhonePe,Android,26-35,6000,1,3,SUCCESS,0,Not fraud,
498942876842,2025-10-01 22:42:51,1558.28,P2P,Not applicable,West Bengal,HDFC Bank,PhonePe,Android,46-59,1856,1,4,SUCCESS,0,Not fraud,
942417729880,2025-10-02 07:53:28,2540.0,P2M,Education,Tamil Nadu,Punjab National Bank,Paytm,iOS,46-59,109,0,6,SUCCESS,0,Not fraud,
691128660243,2025-10-02 13:16:54,420.0,P2M,Financial Services,Maharashtra,State Bank of India,PhonePe,Android,36-45,292,0,6,SUCCESS,0,Not fraud,
974452099572,2025-10-02 17:58:40,6600.0,P2P,Not applicable,Tamil Nadu,Punjab National Bank,PhonePe,Android,36-45,1380,1,2,SUCCESS,0,Not fraud,
327621649655,2025-10-02 18:48:55,1470.0,P2P,Not applicable,Uttar Pradesh,Other,Google Pay,Android,26-35,114,0,2,SUCCESS,0,Not fraud,
282669257775,2025-10-02 22:35:59,660.0,P2M,Utilities,Maharashtra,Other,CRED,Android,18-25,147,0,6,SUCCESS,0,Not fraud,
164107154982,2025-10-03 04:20:39,429.13,Bill Payment,Financial Services,Punjab,Other,Google Pay,iOS,26-35,1650,0,2,SUCCESS,0,Not fraud,
409869643912,2025-10-03 09:44:04,216.78,P2P,Not applicable,Bihar,HDFC Bank,PhonePe,Android,46-59,68,1,2,SUCCESS,0,Not fraud,
573615683858,2025-10-03 10:55:23,1598.24,P2P,Not applicable,Assam,Bank of Baroda,Google Pay,Android,18-25,1154,0,2,SUCCESS,0,Not fraud,
246961752423,2025-10-03 11:14:45,598.07,P2M,E-commerce,Maharashtra,Kotak Mahindra Bank,Google Pay,Android,46-59,3278,0,2,SUCCESS,0,Not fraud,
872468639536,2025-10-03 12:10:53,1930.0,P2P,Not applicable,Andhra Pradesh,State Bank of India,Google Pay,Android,26-35,868,0,3,SUCCESS,0,Not fraud,
665314261324,2025-10-03 12:19:23,806.92,P2M,Grocery & Supermarkets,Bihar,HDFC Bank,Other,Android,36-45,1400,0,3,SUCCESS,0,Not fraud,
562844611907,2025-10-03 13:56:33,7900.0,P2M,E-commerce,Rajasthan,IDFC FIRST Bank,PhonePe,Android,36-45,1321,0,7,SUCCESS,0,Not fraud,
863939232310,2025-10-03 17:42:10,1340.0,P2M,Telecom & Recharge,Gujarat,Axis Bank,Paytm,Android,26-35,1127,1,1,SUCCESS,0,Not fraud,
312495011452,2025-10-03 19:13:48,200.0,P2M,Grocery & Supermarkets,Madhya Pradesh,Other,Amazon Pay,Android,18-25,74,0,5,SUCCESS,0,Not fraud,
742827504100,2025-10-03 21:10:15,2050.0,P2M,Financial Services,Uttar Pradesh,Axis Bank,Google Pay,Android,18-25,639,0,6,SUCCESS,1,Merchant Impersonation,39.2
484795307327,2025-10-03 22:12:52,360.0,P2M,Healthcare,Kerala,Punjab National Bank,Other,Android,26-35,1093,0,2,SUCCESS,0,Not fraud,
390949800687,2025-10-03 23:26:41,916.99,P2P,Not applicable,Andhra Pradesh,Other,PhonePe,Android,18-25,661,0,1,SUCCESS,0,Not fraud,
738074503560,2025-10-04 02:47:45,1430.0,P2P,Not applicable,Tamil Nadu,State Bank of India,PhonePe,Android,26-35,128,0,2,SUCCESS,0,Not fraud,
624881381687,2025-10-04 10:44:19,61.43,P2M,Grocery & Supermarkets,Maharashtra,State Bank of India,CRED,Android,36-45,476,0,5,SUCCESS,0,Not fraud,
428196044445,2025-10-04 11:18:07,3139.99,Collect Request,Not applicable,Karnataka,ICICI Bank,Google Pay,Android,36-45,90,1,3,SUCCESS,0,Not fraud,
631474603614,2025-10-04 12:22:13,220.0,P2M,Travel & Transport,Kerala,Yes Bank,Google Pay,Android,26-35,741,0,4,SUCCESS,0,Not fraud,
941730432959,2025-10-04 13:09:00,840.0,P2P,Not applicable,Manipur,Other,BHIM,Android,36-45,446,0,1,SUCCESS,0,Not fraud,
833662019114,2025-10-04 16:47:53,2649.69,P2M,Travel & Transport,Telangana,Punjab National Bank,Paytm,Android,46-59,186,0,5,SUCCESS,0,Not fraud,
133267872166,2025-10-04 22:03:45,2268.48,P2P,Not applicable,Punjab,Kotak Mahindra Bank,Google Pay,Android,36-45,458,0,5,SUCCESS,0,Not fraud,
359139770652,2025-10-05 09:36:13,755.97,P2P,Not applicable,Kerala,Axis Bank,Google Pay,Android,26-35,137,0,8,SUCCESS,0,Not fraud,
170271870879,2025-10-05 11:43:37,160.0,Collect Request,Not applicable,Tamil Nadu,ICICI Bank,Other,Android,26-35,6000,1,2,SUCCESS,0,Not fraud,
896709872877,2025-10-05 17:24:07,10.0,P2M,Food & Dining,Haryana,HDFC Bank,Google Pay,iOS,26-35,4164,0,4,SUCCESS,0,Not fraud,
970396296513,2025-10-06 14:34:33,710.0,P2P,Not applicable,Gujarat,State Bank of India,Google Pay,Android,36-45,1485,0,5,SUCCESS,0,Not fraud,
640716453431,2025-10-06 15:09:12,455.27,Autopay/Mandate,Financial Services,Haryana,Yes Bank,Google Pay,iOS,18-25,494,0,1,SUCCESS,0,Not fraud,
772484099028,2025-10-06 18:08:19,100.0,P2M,Grocery & Supermarkets,Chhattisgarh,Axis Bank,PhonePe,iOS,26-35,2154,0,3,SUCCESS,0,Not fraud,
227305394811,2025-10-06 19:45:10,620.0,P2P,Not applicable,Manipur,Bank of Baroda,PhonePe,Android,26-35,739,0,7,SUCCESS,0,Not fraud,
977791693452,2025-10-06 21:33:06,31.0,P2M,Utilities,Tamil Nadu,Bank of Baroda,Google Pay,Android,36-45,1057,0,6,SUCCESS,0,Not fraud,
575429729635,2025-10-07 08:45:27,140.0,P2M,Food & Dining,Madhya Pradesh,State Bank of India,Google Pay,iOS,36-45,623,0,2,SUCCESS,0,Not fraud,
139918959018,2025-10-07 13:44:40,19500.0,P2M,Entertainment & OTT,Madhya Pradesh,Bank of India,PhonePe,Android,26-35,294,0,10,SUCCESS,1,Investment/Task Scam,28.4
246781778293,2025-10-07 18:50:05,683.4,P2M,Telecom & Recharge,Maharashtra,Canara Bank,PhonePe,iOS,46-59,1734,0,6,SUCCESS,0,Not fraud,
666081006658,2025-10-08 00:58:15,1050.0,P2P,Not applicable,Assam,Other,Google Pay,Android,46-59,1026,0,2,SUCCESS,0,Not fraud,
600801314236,2025-10-08 12:39:18,549.52,Bill Payment,Financial Services,Odisha,State Bank of India,Paytm,Android,26-35,297,0,3,SUCCESS,0,Not fraud,
708921162262,2025-10-08 16:42:52,4334.19,P2M,Fuel,Uttar Pradesh,HDFC Bank,Google Pay,Android,36-45,1639,0,9,SUCCESS,0,Not fraud,
663550338222,2025-10-08 19:04:28,96.58,P2M,Grocery & Supermarkets,Assam,Bank of India,PhonePe,Android,26-35,170,0,4,FAILED,0,Not fraud,
732391919453,2025-10-08 22:32:22,2420.0,P2M,Travel & Transport,Delhi,HDFC Bank,Other,Android,36-45,3285,0,6,SUCCESS,1,QR Code Scam,13.4
239878254788,2025-10-09 10:33:26,1022.06,P2M,Education,Maharashtra,Bank of Baroda,Google Pay,Android,46-59,764,0,3,SUCCESS,1,Merchant Impersonation,5.3
491134464903,2025-10-09 19:39:33,1200.0,P2M,Fuel,Rajasthan,Indian Bank,PhonePe,Android,26-35,654,0,3,SUCCESS,0,Not fraud,
184884903908,2025-10-09 21:04:51,1600.0,P2M,Grocery & Supermarkets,Maharashtra,ICICI Bank,Google Pay,Android,36-45,912,0,5,SUCCESS,0,Not fraud,
499587542057,2025-10-10 17:15:01,290.0,P2M,Entertainment & OTT,Gujarat,HDFC Bank,Other,Android,18-25,1015,0,4,SUCCESS,0,Not fraud,
544226062075,2025-10-10 18:38:53,1400.0,P2M,Financial Services,Andhra Pradesh,State Bank of India,PhonePe,Android,60+,309,0,6,SUCCESS,0,Not fraud,
983147211044,2025-10-11 05:15:10,1465.84,P2P,Not applicable,Maharashtra,State Bank of India,PhonePe,Android,36-45,1996,0,1,SUCCESS,0,Not fraud,
359549856994,2025-10-11 06:23:35,2223.11,P2P,Not applicable,Tamil Nadu,Kotak Mahindra Bank,PhonePe,Android,26-35,324,0,4,SUCCESS,0,Not fraud,
242193658143,2025-10-11 08:25:17,980.0,P2M,Fuel,Uttar Pradesh,State Bank of India,PhonePe,iOS,26-35,658,0,4,SUCCESS,0,Not fraud,
878032769277,2025-10-11 10:01:06,501.11,P2M,Entertainment & OTT,Kerala,Punjab National Bank,PhonePe,Android,36-45,345,0,3,SUCCESS,0,Not fraud,
503410880904,2025-10-11 10:43:14,1520.0,P2P,Not applicable,Rajasthan,State Bank of India,Google Pay,Android,18-25,133,0,5,SUCCESS,0,Not fraud,
110916286687,2025-10-11 10:45:46,896.61,P2M,Fuel,Goa,State Bank of India,PhonePe,Android,36-45,2326,0,2,SUCCESS,0,Not fraud,
570293921525,2025-10-11 11:19:53,60.0,P2M,Telecom & Recharge,Maharashtra,Other,PhonePe,Android,26-35,188,0,3,SUCCESS,0,Not fraud,
247157912022,2025-10-11 13:26:42,312.39,P2M,Grocery & Supermarkets,Rajasthan,Union Bank of India,Paytm,Android,26-35,2791,0,3,SUCCESS,0,Not fraud,
819674506798,2025-10-11 13:44:12,1343.05,Bill Payment,Telecom & Recharge,Uttarakhand,State Bank of India,Amazon Pay,Android,26-35,497,0,2,SUCCESS,0,Not fraud,
731991988095,2025-10-11 20:36:25,404.0,P2M,Utilities,Telangana,HDFC Bank,PhonePe,iOS,26-35,539,0,6,SUCCESS,0,Not fraud,
887745692611,2025-10-11 21:43:32,2890.0,P2M,Food & Dining,Assam,Canara Bank,PhonePe,iOS,46-59,1904,0,8,SUCCESS,0,Not fraud,
872081448891,2025-10-12 12:36:21,1591.77,P2P,Not applicable,Rajasthan,Other,PhonePe,Android,18-25,2355,1,5,SUCCESS,0,Not fraud,
676059883697,2025-10-12 16:50:50,1326.71,P2M,Others,Assam,Bank of India,Google Pay,Android,18-25,249,0,5,SUCCESS,0,Not fraud,
595709068231,2025-10-13 12:13:20,690.0,P2M,Grocery & Supermarkets,Kerala,HDFC Bank,Google Pay,Android,26-35,2971,0,6,PENDING,0,Not fraud,
555124553447,2025-10-13 20:13:56,100.0,P2M,Utilities,Karnataka,Punjab National Bank,PhonePe,Android,26-35,151,0,4,SUCCESS,0,Not fraud,
783541698645,2025-10-13 21:25:14,330.61,Collect Request,Not applicable,Assam,Canara Bank,PhonePe,Android,46-59,1415,1,3,SUCCESS,0,Not fraud,
143041381904,2025-10-13 22:30:21,2430.0,P2P,Not applicable,Punjab,State Bank of India,PhonePe,Android,60+,6000,0,1,SUCCESS,0,Not fraud,
173806826734,2025-10-15 14:16:16,600.0,P2M,E-commerce,Madhya Pradesh,Punjab National Bank,Google Pay,Android,26-35,319,0,3,SUCCESS,0,Not fraud,
925245839320,2025-10-15 16:04:53,320.0,P2M,Telecom & Recharge,Uttar Pradesh,ICICI Bank,Google Pay,Android,18-25,549,1,3,SUCCESS,0,Not fraud,
627183514489,2025-10-15 16:41:11,446.44,P2P,Not applicable,Uttar Pradesh,State Bank of India,PhonePe,Android,18-25,1069,1,3,SUCCESS,0,Not fraud,
512929498104,2025-10-15 17:01:20,15640.0,Collect Request,Not applicable,Maharashtra,ICICI Bank,PhonePe,iOS,26-35,2070,1,3,SUCCESS,1,Phishing/Vishing,4.8
733919887371,2025-10-15 17:47:17,5093.11,Bill Payment,Telecom & Recharge,Meghalaya,Other,PhonePe,iOS,46-59,909,0,5,SUCCESS,0,Not fraud,
968479588430,2025-10-15 18:20:52,200.0,P2M,Telecom & Recharge,Telangana,State Bank of India,Google Pay,iOS,26-35,1991,0,7,SUCCESS,0,Not fraud,
994808736774,2025-10-16 11:05:22,270.0,P2M,Grocery & Supermarkets,Haryana,Axis Bank,Google Pay,Android,18-25,357,0,3,SUCCESS,0,Not fraud,
359025037974,2025-10-16 12:18:05,500.0,P2M,Travel & Transport,Delhi,State Bank of India,PhonePe,Feature Phone (USSD),26-35,6000,0,6,SUCCESS,0,Not fraud,
590802301343,2025-10-16 17:46:56,212.96,P2M,Grocery & Supermarkets,Telangana,Kotak Mahindra Bank,PhonePe,Android,18-25,843,1,6,SUCCESS,0,Not fraud,
218643769664,2025-10-16 19:35:07,506.12,P2P,Not applicable,Delhi,Axis Bank,PhonePe,Android,26-35,672,0,2,SUCCESS,0,Not fraud,
253749336985,2025-10-16 20:07:18,490.0,P2M,Utilities,West Bengal,Axis Bank,PhonePe,Android,60+,1971,0,4,SUCCESS,0,Not fraud,
368389128016,2025-10-17 01:19:45,400.0,P2M,Grocery & Supermarkets,Himachal Pradesh,State Bank of India,PhonePe,Android,46-59,105,0,4,SUCCESS,0,Not fraud,
693304466733,2025-10-17 08:51:02,809.81,P2P,Not applicable,Uttar Pradesh,Axis Bank,Google Pay,Android,46-59,736,0,2,SUCCESS,0,Not fraud,
320434719289,2025-10-17 11:10:38,599.21,P2M,Grocery & Supermarkets,Maharashtra,Punjab National Bank,PhonePe,Android,36-45,1399,0,3,SUCCESS,0,Not fraud,
194588627805,2025-10-17 11:37:37,320.0,P2P,Not applicable,Bihar,HDFC Bank,PhonePe,Android,46-59,1319,0,3,FAILED,0,Not fraud,
989331125037,2025-10-17 16:49:17,312.64,Bill Payment,Utilities,Uttar Pradesh,Union Bank of India,Paytm,Feature Phone (USSD),36-45,117,0,3,SUCCESS,0,Not fraud,
216932054719,2025-10-17 19:06:36,740.0,P2M,E-commerce,Telangana,Bank of Baroda,Amazon Pay,Android,26-35,4986,0,4,SUCCESS,0,Not fraud,
490826146617,2025-10-18 09:26:57,252.51,P2M,Grocery & Supermarkets,West Bengal,Bank of India,Google Pay,iOS,26-35,418,0,1,SUCCESS,0,Not fraud,
298018784758,2025-10-18 16:57:37,190.0,Autopay/Mandate,Financial Services,Maharashtra,ICICI Bank,PhonePe,Android,18-25,77,0,4,SUCCESS,0,Not fraud,
776379422421,2025-10-18 17:51:07,6300.0,P2P,Not applicable,Haryana,State Bank of India,PhonePe,Android,26-35,449,0,6,SUCCESS,0,Not fraud,
467544403092,2025-10-18 21:21:50,210.0,P2M,Grocery & Supermarkets,Delhi,Bank of Baroda,PhonePe,Android,26-35,47,0,3,SUCCESS,0,Not fraud,
246267355257,2025-10-19 14:24:53,210.0,P2P,Not applicable,Uttarakhand,HDFC Bank,Google Pay,Android,36-45,170,0,4,SUCCESS,0,Not fraud,
719139793755,2025-10-19 20:14:39,1010.0,Bill Payment,Education,Goa,IndusInd Bank,PhonePe,Android,26-35,1433,0,3,SUCCESS,0,Not fraud,
698444559304,2025-10-20 01:15:29,410.0,P2M,Food & Dining,Himachal Pradesh,HDFC Bank,Google Pay,Android,18-25,2852,0,2,DEEMED,0,Not fraud,
471803288694,2025-10-20 12:14:15,150.0,Autopay/Mandate,Utilities,Rajasthan,Other,PhonePe,Android,18-25,500,0,1,SUCCESS,0,Not fraud,
438392025082,2025-10-20 18:45:49,400.0,P2M,Grocery & Supermarkets,Andhra Pradesh,Bank of Baroda,Google Pay,Android,26-35,281,0,4,FAILED,0,Not fraud,
636480004458,2025-10-20 19:37:26,884.16,Collect Request,Not applicable,West Bengal,Other,PhonePe,Android,26-35,701,1,3,SUCCESS,0,Not fraud,
688890257348,2025-10-20 20:16:15,188.57,P2M,Food & Dining,Maharashtra,IDFC FIRST Bank,PhonePe,Android,36-45,1030,0,2,SUCCESS,0,Not fraud,
321342281093,2025-10-21 08:42:08,120.49,P2M,Grocery & Supermarkets,Uttar Pradesh,Union Bank of India,Google Pay,iOS,36-45,1222,0,3,SUCCESS,0,Not fraud,
673134362275,2025-10-21 14:35:17,3243.82,Bill Payment,Utilities,Delhi,State Bank of India,PhonePe,Android,18-25,1838,0,2,SUCCESS,0,Not fraud,
473283130160,2025-10-21 15:39:02,561.56,P2M,Grocery & Supermarkets,Tamil Nadu,State Bank of India,PhonePe,Android,36-45,329,0,6,SUCCESS,0,Not fraud,
577056273090,2025-10-21 18:18:15,964.46,P2M,Grocery & Supermarkets,Delhi,Canara Bank,Google Pay,Android,46-59,234,0,1,SUCCESS,0,Not fraud,
495892783516,2025-10-21 20:31:32,390.0,P2M,Grocery & Supermarkets,Rajasthan,HDFC Bank,Google Pay,Android,46-59,789,0,3,SUCCESS,0,Not fraud,
990363136600,2025-10-21 22:30:58,1106.45,P2M,Fuel,Kerala,HDFC Bank,PhonePe,Android,18-25,321,0,3,SUCCESS,0,Not fraud,
805422380481,2025-10-22 02:55:44,783.73,P2P,Not applicable,Gujarat,State Bank of India,PhonePe,Android,18-25,1562,1,1,SUCCESS,0,Not fraud,
848560369450,2025-10-22 16:19:26,110.0,P2M,Fuel,Tamil Nadu,Union Bank of India,PhonePe,Android,26-35,872,0,5,SUCCESS,0,Not fraud,
783489818680,2025-10-22 21:51:29,460.0,P2M,Grocery & Supermarkets,Telangana,Axis Bank,PhonePe,Android,26-35,343,0,2,SUCCESS,0,Not fraud,
899952965111,2025-10-22 22:58:54,2590.0,P2M,Food & Dining,Maharashtra,ICICI Bank,Paytm,Android,26-35,413,0,7,SUCCESS,0,Not fraud,
289488118769,2025-10-23 09:10:37,3884.16,P2P,Not applicable,Karnataka,State Bank of India,Google Pay,iOS,26-35,854,0,4,SUCCESS,0,Not fraud,
583619266874,2025-10-23 12:01:12,6500.0,P2M,Travel & Transport,Chhattisgarh,State Bank of India,PhonePe,Android,36-45,583,0,2,SUCCESS,0,Not fraud,
187864453961,2025-10-23 13:20:04,1129.14,P2P,Not applicable,Odisha,HDFC Bank,PhonePe,iOS,26-35,1003,0,4,SUCCESS,0,Not fraud,
916612326258,2025-10-23 13:39:36,98.5,P2M,Grocery & Supermarkets,Maharashtra,Kotak Mahindra Bank,Google Pay,Android,26-35,92,0,3,SUCCESS,0,Not fraud,
107110971051,2025-10-23 14:38:49,700.0,Autopay/Mandate,Financial Services,Karnataka,State Bank of India,Paytm,iOS,18-25,2203,0,3,SUCCESS,0,Not fraud,
399814905684,2025-10-23 19:24:52,357.06,P2P,Not applicable,Jammu & Kashmir,HDFC Bank,Other,Android,36-45,1142,0,2,SUCCESS,0,Not fraud,
496139636659,2025-10-23 19:44:50,2002.64,P2P,Not applicable,Andhra Pradesh,IDFC FIRST Bank,Google Pay,Android,18-25,2761,1,5,SUCCESS,0,Not fraud,
505637953720,2025-10-23 21:46:42,15642.97,P2P,Not applicable,Tamil Nadu,Other,PhonePe,Android,46-59,475,0,3,SUCCESS,1,Investment/Task Scam,16.4
518739790651,2025-10-24 09:09:01,468.39,P2M,Travel & Transport,Maharashtra,HDFC Bank,Google Pay,Android,36-45,765,0,3,SUCCESS,0,Not fraud,
329351755903,2025-10-24 11:37:11,1460.0,P2P,Not applicable,Gujarat,HDFC Bank,Google Pay,Android,36-45,409,0,1,SUCCESS,0,Not fraud,
631196360053,2025-10-24 19:30:28,856.53,P2M,Financial Services,Maharashtra,State Bank of India,PhonePe,Android,18-25,3629,0,4,SUCCESS,0,Not fraud,
187941805102,2025-10-25 14:07:20,883.83,P2M,E-commerce,Tamil Nadu,State Bank of India,PhonePe,Android,18-25,214,1,3,PENDING,0,Not fraud,
895443925680,2025-10-25 15:04:17,1790.0,P2P,Not applicable,Jammu & Kashmir,Bank of Baroda,Google Pay,iOS,18-25,2137,1,1,SUCCESS,0,Not fraud,
310717662721,2025-10-25 23:26:04,1400.0,P2M,Grocery & Supermarkets,Maharashtra,State Bank of India,PhonePe,Android,18-25,144,0,3,SUCCESS,0,Not fraud,
885345257574,2025-10-26 04:40:50,2881.16,P2P,Not applicable,Maharashtra,HDFC Bank,Google Pay,iOS,26-35,405,1,2,SUCCESS,0,Not fraud,
417146907897,2025-10-26 09:51:23,170.0,P2M,Utilities,Karnataka,Bank of Baroda,Google Pay,Android,26-35,810,0,2,SUCCESS,0,Not fraud,
836430706247,2025-10-26 13:16:39,140.0,P2M,Financial Services,Kerala,ICICI Bank,PhonePe,Android,36-45,929,0,1,SUCCESS,0,Not fraud,
958936750498,2025-10-26 14:00:20,1590.0,Bill Payment,Utilities,Tamil Nadu,Other,Paytm,Android,46-59,1829,0,3,SUCCESS,0,Not fraud,
302715249630,2025-10-26 21:15:45,1140.0,P2M,E-commerce,Telangana,Canara Bank,PhonePe,iOS,36-45,3379,0,3,SUCCESS,0,Not fraud,
128781083432,2025-10-27 09:35:08,417.6,P2M,Telecom & Recharge,Tamil Nadu,State Bank of India,PhonePe,Android,18-25,716,0,4,SUCCESS,0,Not fraud,
870520536443,2025-10-27 19:05:36,1327.83,P2M,Food & Dining,Andhra Pradesh,IDFC FIRST Bank,BHIM,Android,18-25,558,0,3,SUCCESS,0,Not fraud,
515739764737,2025-10-28 00:43:15,737.71,P2P,Not applicable,Odisha,Other,Paytm,Android,46-59,2303,1,3,SUCCESS,0,Not fraud,
567188494000,2025-10-28 09:02:11,600.0,P2M,Fuel,Assam,HDFC Bank,Other,Android,26-35,3161,0,5,SUCCESS,0,Not fraud,
310665982932,2025-10-28 13:06:46,6976.18,Collect Request,Not applicable,Uttar Pradesh,State Bank of India,Google Pay,Android,18-25,1044,1,4,SUCCESS,1,Fake Collect Request,6.6
741655179281,2025-10-28 16:00:03,256.53,P2M,Food & Dining,West Bengal,Union Bank of India,PhonePe,Android,26-35,143,0,2,SUCCESS,0,Not fraud,
228566579473,2025-10-28 17:01:43,540.0,P2M,Food & Dining,Bihar,Axis Bank,PhonePe,Android,26-35,174,0,5,SUCCESS,0,Not fraud,
731590342750,2025-10-28 18:42:13,5480.6,Bill Payment,Utilities,West Bengal,State Bank of India,PhonePe,Android,26-35,96,0,1,SUCCESS,0,Not fraud,
494666059472,2025-10-28 18:56:03,1400.0,P2M,Education,Karnataka,Other,Google Pay,Android,18-25,1442,0,6,SUCCESS,0,Not fraud,
755444761290,2025-10-28 19:05:43,2379.22,P2P,Not applicable,Uttar Pradesh,State Bank of India,Paytm,Android,18-25,960,0,1,SUCCESS,0,Not fraud,
128427342018,2025-10-29 14:49:14,4400.0,P2P,Not applicable,Tamil Nadu,Punjab National Bank,Google Pay,Android,46-59,438,0,1,SUCCESS,0,Not fraud,
444714313231,2025-10-29 20:35:37,2910.0,P2P,Not applicable,Gujarat,State Bank of India,Google Pay,Android,26-35,27,0,3,SUCCESS,0,Not fraud,
960088414935,2025-10-30 10:16:03,645.84,P2M,Education,Maharashtra,Axis Bank,PhonePe,Android,46-59,2388,1,3,SUCCESS,0,Not fraud,
769650276273,2025-10-30 11:08:16,566.2,P2M,Fuel,Maharashtra,ICICI Bank,Google Pay,Android,60+,2187,0,6,SUCCESS,0,Not fraud,
375721096203,2025-10-30 14:00:49,100.0,P2M,E-commerce,Maharashtra,Union Bank of India,Other,Android,26-35,6000,0,5,SUCCESS,0,Not fraud,
516127181104,2025-10-30 14:07:21,34.87,P2M,Telecom & Recharge,Telangana,Kotak Mahindra Bank,PhonePe,Android,36-45,483,0,4,SUCCESS,0,Not fraud,
899551119219,2025-10-30 19:41:10,175.2,P2M,Entertainment & OTT,Goa,State Bank of India,Paytm,Android,18-25,3620,0,5,SUCCESS,0,Not fraud,
552106567096,2025-10-31 00:58:18,1655.15,Autopay/Mandate,Entertainment & OTT,Andhra Pradesh,Other,Other,iOS,26-35,598,0,2,SUCCESS,0,Not fraud,
879173133573,2025-10-31 04:15:27,1790.0,Collect Request,Not applicable,Assam,Axis Bank,Google Pay,Android,26-35,64,1,3,SUCCESS,1,Fake Collect Request,90.9
879027156807,2025-10-31 10:46:46,300.0,P2P,Not applicable,West Bengal,Indian Bank,PhonePe,Android,18-25,257,0,6,SUCCESS,0,Not fraud,
150820362973,2025-10-31 10:47:28,19959.96,P2P,Not applicable,Delhi,Bank of India,Google Pay,iOS,36-45,1794,0,2,SUCCESS,0,Not fraud,
636116658245,2025-10-31 14:17:26,135.57,P2M,Grocery & Supermarkets,Maharashtra,Bank of Baroda,PhonePe,Android,36-45,332,0,4,SUCCESS,0,Not fraud,
946168143354,2025-10-31 19:42:44,356.33,P2M,E-commerce,Chhattisgarh,Other,BHIM,iOS,60+,1469,0,3,SUCCESS,0,Not fraud,
539526245037,2025-11-01 09:07:27,190.99,P2M,Food & Dining,Bihar,Canara Bank,Amazon Pay,Feature Phone (USSD),26-35,520,1,4,SUCCESS,0,Not fraud,
102877402637,2025-11-01 09:46:25,3492.49,P2P,Not applicable,Andhra Pradesh,ICICI Bank,PhonePe,Android,18-25,2793,1,4,SUCCESS,0,Not fraud,
734078904755,2025-11-01 15:10:28,1838.75,P2P,Not applicable,Gujarat,Bank of Baroda,PhonePe,iOS,36-45,260,0,1,SUCCESS,0,Not fraud,
781185591138,2025-11-01 17:14:05,330.0,Bill Payment,Financial Services,Uttar Pradesh,Other,PhonePe,iOS,26-35,769,0,2,SUCCESS,0,Not fraud,
854678153691,2025-11-01 19:02:32,996.12,P2P,Not applicable,Rajasthan,ICICI Bank,Google Pay,Android,46-59,460,0,3,SUCCESS,0,Not fraud,
422921239720,2025-11-01 19:44:03,300.0,P2M,Telecom & Recharge,Haryana,Bank of Baroda,Google Pay,Android,26-35,1223,0,6,SUCCESS,0,Not fraud,
284280728751,2025-11-01 19:50:45,330.77,P2M,Entertainment & OTT,Uttar Pradesh,Kotak Mahindra Bank,Google Pay,Android,26-35,3695,0,4,SUCCESS,0,Not fraud,
274738420740,2025-11-01 20:33:18,310.0,P2M,Financial Services,Telangana,State Bank of India,Paytm,iOS,46-59,552,0,7,SUCCESS,0,Not fraud,
585330443491,2025-11-01 21:16:56,1080.0,P2M,Education,Maharashtra,ICICI Bank,Paytm,iOS,26-35,874,0,4,SUCCESS,0,Not fraud,
695644892587,2025-11-01 21:36:15,286.78,P2P,Not applicable,Jammu & Kashmir,IDFC FIRST Bank,PhonePe,Android,26-35,265,0,1,SUCCESS,0,Not fraud,
503016420793,2025-11-01 22:30:17,7190.0,Collect Request,Not applicable,Delhi,HDFC Bank,Other,Android,46-59,4044,1,3,SUCCESS,1,Fake Collect Request,53.0
509821036730,2025-11-02 06:37:54,2430.2,Bill Payment,Utilities,Telangana,ICICI Bank,PhonePe,Android,26-35,949,0,4,SUCCESS,0,Not fraud,
303433802979,2025-11-02 10:47:11,3210.0,P2M,E-commerce,Karnataka,State Bank of India,Google Pay,iOS,36-45,2620,0,4,SUCCESS,0,Not fraud,
303177783241,2025-11-02 20:50:40,1503.58,P2P,Not applicable,Uttar Pradesh,Axis Bank,Google Pay,Android,36-45,1612,0,2,SUCCESS,0,Not fraud,
623402357460,2025-11-02 22:34:31,190.0,P2M,Financial Services,Madhya Pradesh,State Bank of India,Google Pay,Android,26-35,574,1,8,DEEMED,0,Not fraud,
471684980771,2025-11-03 02:10:36,1327.01,P2M,Fuel,Chhattisgarh,State Bank of India,PhonePe,Android,36-45,5569,0,1,SUCCESS,0,Not fraud,
834137119158,2025-11-03 08:12:21,400.0,P2M,Grocery & Supermarkets,Rajasthan,State Bank of India,PhonePe,iOS,18-25,639,0,6,SUCCESS,0,Not fraud,
303705554489,2025-11-03 10:29:39,320.0,P2M,Food & Dining,Karnataka,State Bank of India,Paytm,Android,36-45,812,0,2,SUCCESS,0,Not fraud,
709437296778,2025-11-03 10:45:47,223.34,P2M,Grocery & Supermarkets,Manipur,Axis Bank,PhonePe,Android,46-59,1319,0,3,SUCCESS,0,Not fraud,
709687533087,2025-11-03 10:54:09,285.41,P2M,Entertainment & OTT,Rajasthan,HDFC Bank,PhonePe,Android,36-45,97,0,3,SUCCESS,0,Not fraud,
831479471204,2025-11-03 12:46:35,920.0,P2P,Not applicable,Tamil Nadu,State Bank of India,PhonePe,Android,26-35,358,0,4,SUCCESS,0,Not fraud,
639060264060,2025-11-03 13:27:16,576.13,P2M,Grocery & Supermarkets,Delhi,Other,PhonePe,iOS,46-59,1970,0,4,SUCCESS,0,Not fraud,
294848557934,2025-11-03 18:31:09,600.0,P2P,Not applicable,Maharashtra,Punjab National Bank,PhonePe,Android,36-45,121,0,1,SUCCESS,0,Not fraud,
844727161123,2025-11-03 18:43:33,1700.0,Bill Payment,Telecom & Recharge,Madhya Pradesh,Union Bank of India,Google Pay,Android,46-59,104,0,1,SUCCESS,0,Not fraud,
935652700079,2025-11-03 19:08:23,950.0,P2M,Travel & Transport,Maharashtra,Other,PhonePe,Android,26-35,51,0,5,SUCCESS,0,Not fraud,
325731251367,2025-11-03 19:23:30,235.14,P2M,E-commerce,Gujarat,HDFC Bank,Amazon Pay,Android,26-35,492,0,3,SUCCESS,0,Not fraud,
888525246482,2025-11-03 19:32:27,740.0,Bill Payment,Education,Telangana,State Bank of India,PhonePe,Android,26-35,322,0,3,SUCCESS,0,Not fraud,
380636834594,2025-11-03 22:14:03,3720.0,P2P,Not applicable,Karnataka,Other,PhonePe,Android,46-59,2368,0,2,SUCCESS,0,Not fraud,
831292179856,2025-11-03 22:52:50,14056.26,P2M,Education,West Bengal,Punjab National Bank,PhonePe,Android,46-59,209,0,9,SUCCESS,0,Not fraud,
919479042655,2025-11-03 23:14:54,5320.0,P2P,Not applicable,Uttar Pradesh,State Bank of India,Paytm,Android,46-59,338,0,4,SUCCESS,0,Not fraud,
147475002404,2025-11-04 10:14:51,4000.0,P2P,Not applicable,Odisha,State Bank of India,PhonePe,iOS,26-35,883,0,2,SUCCESS,1,Phishing/Vishing,26.4
616145706859,2025-11-04 16:37:18,6300.0,P2P,Not applicable,West Bengal,Bank of Baroda,PhonePe,Android,26-35,278,0,5,SUCCESS,0,Not fraud,
292348233320,2025-11-04 17:31:43,1600.0,P2P,Not applicable,Telangana,Punjab National Bank,Google Pay,iOS,46-59,4944,0,4,SUCCESS,0,Not fraud,
350457259990,2025-11-04 19:46:27,200.0,P2M,Grocery & Supermarkets,Bihar,Punjab National Bank,Google Pay,iOS,46-59,1858,0,3,SUCCESS,0,Not fraud,
944074829892,2025-11-04 21:30:23,1923.02,Autopay/Mandate,Entertainment & OTT,Tamil Nadu,Canara Bank,Google Pay,Android,36-45,2582,0,2,SUCCESS,0,Not fraud,
228422252133,2025-11-05 09:32:04,5990.0,P2M,Grocery & Supermarkets,Odisha,Axis Bank,PhonePe,Android,26-35,365,0,6,SUCCESS,0,Not fraud,
135349205072,2025-11-05 13:01:12,1548.61,P2P,Not applicable,Karnataka,State Bank of India,BHIM,Android,26-35,6000,0,1,SUCCESS,0,Not fraud,
145500461811,2025-11-05 13:16:06,1100.0,Collect Request,Not applicable,West Bengal,ICICI Bank,PhonePe,Android,36-45,58,1,2,SUCCESS,0,Not fraud,
406494362245,2025-11-05 14:00:59,1791.88,P2P,Not applicable,Karnataka,HDFC Bank,PhonePe,iOS,18-25,1768,0,3,SUCCESS,0,Not fraud,
157119684144,2025-11-05 16:25:50,1300.0,P2M,Entertainment & OTT,Andhra Pradesh,Axis Bank,PhonePe,Android,26-35,352,0,7,FAILED,0,Not fraud,
474898287412,2025-11-05 17:18:05,159.08,P2M,Telecom & Recharge,Chhattisgarh,IDFC FIRST Bank,PhonePe,Android,36-45,1480,0,6,SUCCESS,0,Not fraud,
574304299808,2025-11-05 17:39:47,1030.0,P2P,Not applicable,Tamil Nadu,Other,PhonePe,Android,18-25,368,1,3,SUCCESS,0,Not fraud,
300136019802,2025-11-05 19:23:54,260.0,P2P,Not applicable,Andhra Pradesh,Canara Bank,Google Pay,Android,18-25,505,0,3,SUCCESS,0,Not fraud,
185249224726,2025-11-05 20:18:27,556.86,P2P,Not applicable,Bihar,Bank of Baroda,Google Pay,Android,18-25,232,0,4,SUCCESS,0,Not fraud,
190488067553,2025-11-06 16:52:11,640.0,P2P,Not applicable,Odisha,Other,PhonePe,iOS,60+,4051,0,4,SUCCESS,0,Not fraud,
350296870435,2025-11-06 18:31:39,2600.0,Bill Payment,Utilities,Haryana,State Bank of India,Other,iOS,18-25,172,0,4,SUCCESS,0,Not fraud,
402008852462,2025-11-06 20:25:08,620.51,P2M,Fuel,Rajasthan,Punjab National Bank,Google Pay,Android,26-35,3440,0,3,SUCCESS,0,Not fraud,
719382272939,2025-11-07 09:54:59,5310.5,Autopay/Mandate,Entertainment & OTT,Jammu & Kashmir,HDFC Bank,Google Pay,Android,36-45,302,0,4,SUCCESS,0,Not fraud,
584193527407,2025-11-07 10:07:00,1995.2,P2M,Food & Dining,Uttar Pradesh,Bank of Baroda,PhonePe,Android,36-45,155,0,4,SUCCESS,0,Not fraud,
291628059601,2025-11-07 17:25:35,310.0,P2M,Utilities,Bihar,ICICI Bank,PhonePe,Android,36-45,2821,0,7,SUCCESS,0,Not fraud,
394627229607,2025-11-07 17:28:39,350.0,P2P,Not applicable,Chhattisgarh,Union Bank of India,PhonePe,Android,18-25,233,0,2,SUCCESS,0,Not fraud,
925231348302,2025-11-07 18:21:15,1316.05,P2M,Grocery & Supermarkets,Karnataka,Indian Bank,Google Pay,Android,36-45,289,0,4,SUCCESS,0,Not fraud,
790105538952,2025-11-07 18:35:27,148.9,P2M,Telecom & Recharge,Kerala,State Bank of India,Google Pay,Android,36-45,361,0,5,FAILED,0,Not fraud,
967256669766,2025-11-07 19:19:34,480.0,P2P,Not applicable,Karnataka,Axis Bank,Google Pay,Android,36-45,790,0,2,SUCCESS,0,Not fraud,
118364556896,2025-11-07 19:49:04,90.0,P2M,Utilities,Assam,Bank of Baroda,Google Pay,Android,26-35,3665,0,2,SUCCESS,0,Not fraud,
504912548124,2025-11-07 20:35:11,1050.82,P2M,Food & Dining,Telangana,HDFC Bank,Google Pay,iOS,36-45,1410,0,6,SUCCESS,0,Not fraud,
733922352943,2025-11-08 10:31:08,67.14,Bill Payment,Utilities,Haryana,ICICI Bank,PhonePe,Android,36-45,1494,0,2,SUCCESS,0,Not fraud,
324415344013,2025-11-08 15:21:58,2010.0,P2P,Not applicable,Maharashtra,State Bank of India,PhonePe,Android,46-59,2569,0,1,SUCCESS,0,Not fraud,
156821412673,2025-11-08 20:01:13,1756.53,P2M,Fuel,Odisha,HDFC Bank,Google Pay,Android,26-35,4521,0,4,SUCCESS,0,Not fraud,
884296677715,2025-11-09 13:05:42,497.04,P2P,Not applicable,Karnataka,HDFC Bank,Google Pay,Android,18-25,4002,1,2,SUCCESS,0,Not fraud,
994520507474,2025-11-09 20:51:10,582.09,P2P,Not applicable,Bihar,ICICI Bank,Google Pay,Android,18-25,144,0,1,SUCCESS,0,Not fraud,
301535113002,2025-11-10 08:58:14,1260.0,Autopay/Mandate,Financial Services,Assam,State Bank of India,Google Pay,Android,36-45,1852,0,2,SUCCESS,0,Not fraud,
657468415577,2025-11-10 15:07:54,1210.0,P2P,Not applicable,Delhi,Other,PhonePe,Android,26-35,567,0,1,SUCCESS,0,Not fraud,
531302599154,2025-11-10 17:22:35,900.0,P2M,Education,Uttar Pradesh,State Bank of India,Google Pay,Android,26-35,289,0,2,SUCCESS,0,Not fraud,
164416641145,2025-11-10 17:48:13,80.0,P2M,Entertainment & OTT,Tamil Nadu,State Bank of India,Google Pay,Android,26-35,324,0,7,SUCCESS,0,Not fraud,
732724859269,2025-11-10 19:31:41,300.0,P2M,Grocery & Supermarkets,Maharashtra,State Bank of India,Paytm,Android,36-45,456,0,1,SUCCESS,0,Not fraud,
166432927917,2025-11-10 19:35:21,2900.0,Bill Payment,Telecom & Recharge,Uttar Pradesh,Other,Google Pay,Android,26-35,860,1,3,SUCCESS,0,Not fraud,
459506532593,2025-11-11 10:29:41,1799.18,P2M,Financial Services,Rajasthan,Bank of Baroda,PhonePe,Android,26-35,4953,0,4,SUCCESS,0,Not fraud,
510619220922,2025-11-11 14:37:14,760.0,P2M,Grocery & Supermarkets,Bihar,HDFC Bank,PhonePe,Android,18-25,358,0,6,SUCCESS,0,Not fraud,
973144147774,2025-11-11 18:16:56,3710.0,P2P,Not applicable,Uttar Pradesh,HDFC Bank,Google Pay,Android,26-35,726,1,3,SUCCESS,0,Not fraud,
981997405048,2025-11-11 18:44:16,180.0,P2M,Food & Dining,Telangana,State Bank of India,Google Pay,iOS,26-35,94,0,5,SUCCESS,0,Not fraud,
858089318390,2025-11-12 08:36:26,250.0,P2M,Grocery & Supermarkets,Maharashtra,HDFC Bank,Google Pay,Android,46-59,566,0,4,SUCCESS,0,Not fraud,
913734664167,2025-11-12 11:46:12,3300.0,P2M,Education,Telangana,State Bank of India,PhonePe,Android,26-35,276,1,5,SUCCESS,0,Not fraud,
549019098314,2025-11-12 15:13:55,360.0,P2M,Grocery & Supermarkets,Tamil Nadu,Other,PhonePe,Android,46-59,1223,0,6,SUCCESS,0,Not fraud,
484276023653,2025-11-12 15:27:29,1800.0,P2P,Not applicable,Bihar,Bank of India,Paytm,Android,18-25,171,1,4,SUCCESS,0,Not fraud,
630111987983,2025-11-12 18:44:46,2607.94,P2P,Not applicable,Gujarat,Kotak Mahindra Bank,Paytm,iOS,46-59,2184,0,3,SUCCESS,0,Not fraud,
167454321926,2025-11-13 06:50:43,244.94,P2M,Healthcare,Jharkhand,Canara Bank,PhonePe,iOS,26-35,809,0,6,SUCCESS,0,Not fraud,
183778206696,2025-11-13 08:41:28,210.0,P2P,Not applicable,Kerala,Punjab National Bank,PhonePe,iOS,18-25,54,1,2,SUCCESS,0,Not fraud,
851055810028,2025-11-13 10:38:47,537.72,Collect Request,Not applicable,Rajasthan,Axis Bank,Google Pay,Android,26-35,740,1,1,SUCCESS,0,Not fraud,
710977526763,2025-11-13 16:11:38,6480.0,P2P,Not applicable,Bihar,HDFC Bank,Amazon Pay,Android,18-25,934,0,2,SUCCESS,0,Not fraud,
625197560801,2025-11-14 01:25:31,270.0,P2M,Grocery & Supermarkets,Maharashtra,State Bank of India,Google Pay,iOS,18-25,3227,0,6,SUCCESS,0,Not fraud,
610532529285,2025-11-14 09:16:36,700.0,P2M,Grocery & Supermarkets,Maharashtra,ICICI Bank,Google Pay,Android,60+,1368,0,6,SUCCESS,0,Not fraud,
361968902450,2025-11-14 11:03:30,3770.0,Bill Payment,Financial Services,Kerala,State Bank of India,PhonePe,Android,26-35,26,0,3,SUCCESS,0,Not fraud,
850996526778,2025-11-14 14:55:31,1640.0,P2P,Not applicable,West Bengal,Bank of Baroda,PhonePe,Android,18-25,919,1,3,SUCCESS,0,Not fraud,
549462937372,2025-11-15 10:06:47,894.43,Collect Request,Not applicable,Kerala,Kotak Mahindra Bank,Google Pay,Android,46-59,1055,1,2,SUCCESS,0,Not fraud,
731802004534,2025-11-15 10:33:14,130.0,P2M,Food & Dining,Bihar,IDFC FIRST Bank,PhonePe,iOS,36-45,572,0,2,SUCCESS,0,Not fraud,
554142798178,2025-11-15 13:20:51,254.87,P2M,Food & Dining,Karnataka,Kotak Mahindra Bank,Google Pay,Android,18-25,127,0,7,SUCCESS,0,Not fraud,
337972495591,2025-11-15 14:28:47,1940.0,P2M,Telecom & Recharge,Rajasthan,Axis Bank,PhonePe,Android,18-25,6000,0,4,SUCCESS,0,Not fraud,
621384855712,2025-11-15 15:45:21,2541.95,Bill Payment,Education,Uttar Pradesh,Axis Bank,Google Pay,iOS,26-35,4223,0,2,SUCCESS,0,Not fraud,
386163270097,2025-11-16 13:16:38,320.68,P2M,Entertainment & OTT,Uttar Pradesh,State Bank of India,PhonePe,Android,36-45,995,0,4,SUCCESS,0,Not fraud,
422662714329,2025-11-16 13:36:16,3022.29,P2P,Not applicable,Andhra Pradesh,Other,PhonePe,Android,26-35,69,0,1,SUCCESS,0,Not fraud,
219442767815,2025-11-16 17:38:53,5780.0,P2P,Not applicable,Maharashtra,Punjab National Bank,PhonePe,Android,18-25,50,1,5,SUCCESS,0,Not fraud,
735317929480,2025-11-16 17:57:17,200.0,P2M,Grocery & Supermarkets,Rajasthan,State Bank of India,BHIM,Android,26-35,2202,0,5,SUCCESS,0,Not fraud,
464764354649,2025-11-16 17:57:20,1480.0,P2M,Others,Uttar Pradesh,Union Bank of India,Google Pay,Android,26-35,3016,0,5,SUCCESS,0,Not fraud,
594765661439,2025-11-16 18:57:14,2257.89,P2M,Telecom & Recharge,West Bengal,Other,PhonePe,Android,46-59,534,0,2,SUCCESS,1,QR Code Scam,16.0
950254217172,2025-11-17 12:57:16,260.0,Collect Request,Not applicable,Odisha,Canara Bank,Google Pay,Android,26-35,403,1,1,SUCCESS,0,Not fraud,
443524275229,2025-11-17 15:20:57,1090.0,P2M,Travel & Transport,Bihar,IDFC FIRST Bank,PhonePe,Android,46-59,1746,0,3,SUCCESS,0,Not fraud,
593583919700,2025-11-17 21:05:37,400.0,P2M,Entertainment & OTT,Maharashtra,State Bank of India,Google Pay,Android,36-45,1318,1,4,FAILED,0,Not fraud,
865372005414,2025-11-17 21:08:57,780.89,P2M,Grocery & Supermarkets,Odisha,Other,Google Pay,iOS,36-45,828,0,2,SUCCESS,0,Not fraud,
724866367910,2025-11-18 09:21:37,2600.0,Collect Request,Not applicable,Jammu & Kashmir,Punjab National Bank,Google Pay,iOS,26-35,6000,1,3,SUCCESS,0,Not fraud,
110563311254,2025-11-18 10:32:08,251.39,P2P,Not applicable,Uttar Pradesh,Canara Bank,CRED,Android,60+,856,0,3,SUCCESS,0,Not fraud,
591774024219,2025-11-18 18:21:36,3980.0,P2P,Not applicable,Bihar,Other,Google Pay,Android,26-35,2657,0,4,SUCCESS,0,Not fraud,
513351150011,2025-11-18 19:43:45,2230.0,Bill Payment,Telecom & Recharge,Karnataka,HDFC Bank,Google Pay,iOS,36-45,690,0,1,SUCCESS,0,Not fraud,
471457712851,2025-11-19 11:46:40,270.0,P2M,Food & Dining,Assam,Axis Bank,PhonePe,Android,26-35,6000,0,4,SUCCESS,0,Not fraud,
864224784586,2025-11-19 12:11:10,206.58,P2M,Food & Dining,Rajasthan,State Bank of India,PhonePe,Android,18-25,95,0,4,FAILED,0,Not fraud,
837361741379,2025-11-19 16:04:05,2370.33,P2P,Not applicable,Uttarakhand,Yes Bank,BHIM,Android,36-45,437,1,2,SUCCESS,0,Not fraud,
628397675876,2025-11-19 17:21:02,1100.0,P2M,Entertainment & OTT,Tamil Nadu,State Bank of India,Paytm,iOS,26-35,628,0,5,SUCCESS,0,Not fraud,
572422634441,2025-11-19 19:02:30,200.0,P2M,Grocery & Supermarkets,Andhra Pradesh,Other,PhonePe,Android,46-59,1947,1,4,SUCCESS,0,Not fraud,
238823587293,2025-11-19 21:26:23,100.0,P2M,Others,Tamil Nadu,Canara Bank,Paytm,Android,36-45,1653,0,3,SUCCESS,0,Not fraud,
149366184698,2025-11-19 22:53:35,1400.0,P2M,Grocery & Supermarkets,Gujarat,Bank of Baroda,PhonePe,Android,18-25,105,0,2,SUCCESS,0,Not fraud,
161530953950,2025-11-20 08:53:48,2820.0,Bill Payment,Utilities,Madhya Pradesh,HDFC Bank,PhonePe,Android,26-35,105,0,3,SUCCESS,0,Not fraud,
613024543649,2025-11-20 12:18:09,403.84,P2M,Food & Dining,Andhra Pradesh,Union Bank of India,PhonePe,iOS,18-25,5992,0,4,SUCCESS,0,Not fraud,
304474458894,2025-11-20 13:50:15,800.0,P2M,Education,Andhra Pradesh,Canara Bank,PhonePe,Android,46-59,655,0,4,SUCCESS,0,Not fraud,
197107375145,2025-11-20 19:47:26,382.7,P2M,Grocery & Supermarkets,Maharashtra,Axis Bank,Google Pay,Android,26-35,445,0,5,SUCCESS,0,Not fraud,
118687791840,2025-11-20 21:32:38,500.0,P2M,Healthcare,Chhattisgarh,Bank of India,PhonePe,Android,36-45,118,0,2,SUCCESS,0,Not fraud,
250091280843,2025-11-21 10:42:37,900.0,P2P,Not applicable,Uttar Pradesh,HDFC Bank,Paytm,Android,26-35,792,0,2,SUCCESS,0,Not fraud,
324770689935,2025-11-21 22:21:53,500.0,P2M,Financial Services,West Bengal,Punjab National Bank,PhonePe,Android,46-59,100,0,1,SUCCESS,0,Not fraud,
702834436711,2025-11-22 13:13:29,1100.0,Bill Payment,Utilities,West Bengal,State Bank of India,PhonePe,Android,26-35,112,1,1,SUCCESS,0,Not fraud,
870620363472,2025-11-22 17:51:29,2100.0,P2P,Not applicable,Bihar,Bank of Baroda,Other,Android,36-45,634,0,1,SUCCESS,0,Not fraud,
918346027367,2025-11-22 18:10:06,200.0,P2M,Food & Dining,Haryana,HDFC Bank,Google Pay,Android,46-59,601,0,5,SUCCESS,0,Not fraud,
689809554593,2025-11-22 21:03:18,3473.09,P2P,Not applicable,Delhi,Kotak Mahindra Bank,BHIM,Android,18-25,132,1,5,SUCCESS,0,Not fraud,
526707719505,2025-11-22 23:36:25,114.75,P2M,Financial Services,Assam,HDFC Bank,PhonePe,Android,18-25,963,0,3,SUCCESS,0,Not fraud,
394698653912,2025-11-23 01:56:22,1800.0,P2M,Food & Dining,Assam,Union Bank of India,Google Pay,Android,46-59,1097,0,5,SUCCESS,0,Not fraud,
949605853086,2025-11-23 11:17:44,1530.0,P2M,Education,Assam,HDFC Bank,CRED,Android,26-35,975,1,1,SUCCESS,0,Not fraud,
230124293067,2025-11-23 21:31:32,757.71,P2P,Not applicable,Maharashtra,State Bank of India,Other,Android,26-35,106,0,2,SUCCESS,0,Not fraud,
289461357702,2025-11-24 04:45:57,2617.75,P2M,Travel & Transport,Maharashtra,Union Bank of India,Google Pay,iOS,18-25,414,1,5,SUCCESS,0,Not fraud,
587043427340,2025-11-24 07:55:42,3533.23,P2P,Not applicable,Telangana,Bank of India,PhonePe,Android,26-35,177,0,2,SUCCESS,0,Not fraud,
603379393546,2025-11-24 09:45:19,900.0,P2M,Entertainment & OTT,Karnataka,State Bank of India,PhonePe,Android,18-25,84,0,3,SUCCESS,0,Not fraud,
462521160088,2025-11-24 13:10:44,400.0,P2M,Grocery & Supermarkets,Andhra Pradesh,State Bank of India,Google Pay,Android,18-25,2170,0,7,SUCCESS,0,Not fraud,
997771055351,2025-11-24 14:15:44,2800.0,Collect Request,Not applicable,Karnataka,State Bank of India,PhonePe,iOS,18-25,1589,1,2,SUCCESS,0,Not fraud,
911545925173,2025-11-24 14:47:21,880.0,Collect Request,Not applicable,Rajasthan,State Bank of India,CRED,Android,18-25,378,1,2,SUCCESS,1,Fake Collect Request,65.0
652812768652,2025-11-24 15:58:18,241.32,P2M,Telecom & Recharge,Uttar Pradesh,State Bank of India,Google Pay,Android,26-35,463,1,2,SUCCESS,0,Not fraud,
538251489843,2025-11-24 19:37:54,132.22,P2M,Telecom & Recharge,Assam,Bank of Baroda,PhonePe,Android,26-35,471,0,4,SUCCESS,0,Not fraud,
606774155367,2025-11-24 21:12:13,990.0,P2M,Fuel,West Bengal,HDFC Bank,PhonePe,Android,46-59,4440,0,5,SUCCESS,0,Not fraud,
368266205385,2025-11-24 21:26:28,937.19,P2M,Financial Services,Uttar Pradesh,Bank of Baroda,PhonePe,Android,18-25,682,0,3,SUCCESS,0,Not fraud,
384949404951,2025-11-24 21:37:43,499.96,P2M,E-commerce,Delhi,Union Bank of India,Paytm,Android,26-35,326,0,3,SUCCESS,0,Not fraud,
225483969849,2025-11-25 07:42:53,270.53,P2P,Not applicable,Maharashtra,State Bank of India,Google Pay,Android,46-59,110,0,3,SUCCESS,0,Not fraud,
503350980207,2025-11-25 09:23:17,503.09,P2M,Grocery & Supermarkets,Tamil Nadu,Axis Bank,Google Pay,Android,26-35,955,0,5,SUCCESS,0,Not fraud,
725170898042,2025-11-25 15:57:09,50.0,P2M,Grocery & Supermarkets,Maharashtra,HDFC Bank,Google Pay,Android,18-25,869,0,3,SUCCESS,0,Not fraud,
549050823557,2025-11-25 19:49:13,2282.53,Collect Request,Not applicable,Maharashtra,Punjab National Bank,Google Pay,Android,36-45,233,1,1,SUCCESS,1,Fake Collect Request,14.1
497171666648,2025-11-26 10:08:41,80.0,P2M,Grocery & Supermarkets,Maharashtra,ICICI Bank,Google Pay,iOS,36-45,1454,0,5,SUCCESS,0,Not fraud,
512837473522,2025-11-26 15:57:03,1560.0,P2M,Healthcare,Delhi,State Bank of India,PhonePe,Android,18-25,191,0,6,SUCCESS,0,Not fraud,
899507920610,2025-11-26 17:02:18,620.0,Autopay/Mandate,Telecom & Recharge,Tripura,Other,PhonePe,Android,18-25,2550,0,5,SUCCESS,0,Not fraud,
264506677810,2025-11-27 10:33:45,312.8,P2P,Not applicable,Madhya Pradesh,ICICI Bank,PhonePe,Android,26-35,34,0,4,SUCCESS,0,Not fraud,
684043189443,2025-11-27 13:47:21,392.47,P2P,Not applicable,Punjab,Axis Bank,Google Pay,Android,60+,214,0,2,PENDING,0,Not fraud,
367521400998,2025-11-27 15:36:43,130.0,P2M,Telecom & Recharge,Gujarat,IDFC FIRST Bank,PhonePe,Android,26-35,88,1,7,SUCCESS,0,Not fraud,
728804784941,2025-11-27 16:03:19,1592.46,P2M,E-commerce,Maharashtra,ICICI Bank,Google Pay,iOS,26-35,765,1,3,SUCCESS,1,Merchant Impersonation,10.2
776567095360,2025-11-27 18:26:23,110.0,P2M,Telecom & Recharge,Tamil Nadu,Yes Bank,Google Pay,Android,26-35,299,0,4,SUCCESS,0,Not fraud,
375683764411,2025-11-27 19:44:08,210.1,P2M,Telecom & Recharge,Karnataka,State Bank of India,Paytm,Android,36-45,234,0,4,SUCCESS,0,Not fraud,
682350182889,2025-11-27 22:50:58,8552.63,P2P,Not applicable,Punjab,HDFC Bank,Google Pay,Android,36-45,920,0,2,SUCCESS,0,Not fraud,
918291346069,2025-11-28 06:32:03,613.86,P2M,Travel & Transport,Uttarakhand,ICICI Bank,Google Pay,Android,18-25,106,0,4,SUCCESS,0,Not fraud,
384837333964,2025-11-28 08:12:59,3610.0,Collect Request,Not applicable,Assam,State Bank of India,Paytm,Android,18-25,3605,1,4,SUCCESS,0,Not fraud,
410881611377,2025-11-28 12:38:24,1100.0,P2P,Not applicable,Karnataka,ICICI Bank,Other,Android,26-35,5121,0,3,SUCCESS,0,Not fraud,
109262405562,2025-11-28 12:46:12,260.0,Autopay/Mandate,Financial Services,Uttarakhand,HDFC Bank,Other,Android,18-25,1009,0,2,SUCCESS,0,Not fraud,
402198948901,2025-11-28 14:38:21,257.59,P2M,Food & Dining,Madhya Pradesh,Axis Bank,PhonePe,Android,26-35,6000,0,3,SUCCESS,0,Not fraud,
546854542813,2025-11-28 19:35:36,630.0,Bill Payment,Utilities,Jammu & Kashmir,Axis Bank,Paytm,iOS,60+,385,0,4,SUCCESS,0,Not fraud,
223899191718,2025-11-29 06:01:37,2636.62,P2P,Not applicable,Maharashtra,ICICI Bank,Google Pay,Android,46-59,1032,0,4,SUCCESS,0,Not fraud,
655508351427,2025-11-29 10:51:39,3350.0,P2P,Not applicable,Madhya Pradesh,ICICI Bank,PhonePe,Android,18-25,861,0,2,SUCCESS,0,Not fraud,
244290586610,2025-11-29 12:46:51,120.0,P2M,Telecom & Recharge,Delhi,Axis Bank,PhonePe,Android,26-35,229,0,7,SUCCESS,0,Not fraud,
391553661771,2025-11-29 15:43:48,2000.0,Bill Payment,Telecom & Recharge,Karnataka,Bank of Baroda,Other,Android,18-25,862,0,2,SUCCESS,0,Not fraud,
938955191858,2025-11-29 18:20:35,1500.0,P2M,Grocery & Supermarkets,Uttar Pradesh,ICICI Bank,PhonePe,Android,26-35,163,0,7,SUCCESS,0,Not fraud,
791110997215,2025-11-30 10:30:55,848.23,P2P,Not applicable,Uttar Pradesh,State Bank of India,Google Pay,Android,26-35,49,0,2,SUCCESS,0,Not fraud,
869031375351,2025-11-30 15:31:31,4200.0,Collect Request,Not applicable,Rajasthan,IndusInd Bank,PhonePe,Android,18-25,1028,1,2,SUCCESS,1,Fake Collect Request,22.9
106707514993,2025-11-30 18:50:27,300.0,Autopay/Mandate,Education,Maharashtra,IDFC FIRST Bank,PhonePe,iOS,36-45,1446,0,4,SUCCESS,0,Not fraud,
592333169991,2025-11-30 18:59:11,370.0,P2M,E-commerce,Telangana,ICICI Bank,PhonePe,Android,60+,939,0,3,SUCCESS,0,Not fraud,
954973515767,2025-11-30 20:26:25,5150.0,P2P,Not applicable,Tamil Nadu,State Bank of India,Paytm,Feature Phone (USSD),26-35,192,1,1,SUCCESS,0,Not fraud,
416586529888,2025-11-30 20:29:36,4598.68,P2P,Not applicable,Telangana,Punjab National Bank,PhonePe,Android,26-35,804,0,5,SUCCESS,0,Not fraud,
129323830259,2025-11-30 22:36:28,330.0,P2M,Telecom & Recharge,West Bengal,State Bank of India,Google Pay,Android,18-25,1207,0,5,SUCCESS,0,Not fraud,
646986838542,2025-11-30 22:36:54,950.0,P2P,Not applicable,Uttar Pradesh,Other,Paytm,Android,26-35,270,1,3,SUCCESS,0,Not fraud,
254207978302,2025-12-01 06:58:49,1187.86,P2P,Not applicable,Rajasthan,IDFC FIRST Bank,PhonePe,Android,26-35,1051,0,4,SUCCESS,0,Not fraud,
418800169015,2025-12-01 11:44:44,8147.16,P2P,Not applicable,Maharashtra,HDFC Bank,Amazon Pay,iOS,46-59,2241,1,2,SUCCESS,1,Investment/Task Scam,9.9
515893482204,2025-12-01 14:55:25,966.61,P2P,Not applicable,Karnataka,State Bank of India,PhonePe,Android,26-35,60,0,3,SUCCESS,0,Not fraud,
124624159384,2025-12-01 17:34:15,600.0,P2M,E-commerce,Karnataka,State Bank of India,Google Pay,Android,36-45,339,0,4,SUCCESS,0,Not fraud,
266374204656,2025-12-02 09:41:46,1835.79,Autopay/Mandate,Education,Maharashtra,HDFC Bank,Google Pay,Android,60+,3250,0,2,SUCCESS,0,Not fraud,
609198374740,2025-12-02 11:39:30,4193.01,P2P,Not applicable,Delhi,Other,Google Pay,Android,26-35,6000,0,2,SUCCESS,0,Not fraud,
319779111457,2025-12-02 14:09:12,3920.0,P2P,Not applicable,West Bengal,Kotak Mahindra Bank,PhonePe,Android,26-35,1496,1,2,SUCCESS,0,Not fraud,
198338429841,2025-12-02 20:37:11,2653.21,Autopay/Mandate,Education,Maharashtra,Punjab National Bank,Google Pay,Android,36-45,69,0,2,SUCCESS,0,Not fraud,
179178768929,2025-12-03 06:48:57,140.0,P2M,Fuel,Gujarat,Bank of Baroda,Other,iOS,36-45,467,0,6,SUCCESS,0,Not fraud,
677371270878,2025-12-03 11:34:35,1003.52,P2M,Grocery & Supermarkets,Maharashtra,State Bank of India,PhonePe,iOS,46-59,177,0,4,SUCCESS,0,Not fraud,
651269763772,2025-12-03 12:43:06,451.42,P2M,Food & Dining,Tamil Nadu,State Bank of India,BHIM,Android,60+,90,0,7,SUCCESS,0,Not fraud,
952556979702,2025-12-03 12:46:18,1200.0,Autopay/Mandate,Education,Jammu & Kashmir,State Bank of India,Google Pay,Android,36-45,3644,0,2,SUCCESS,0,Not fraud,
479854564567,2025-12-03 12:49:45,787.29,P2P,Not applicable,Uttar Pradesh,State Bank of India,Google Pay,Android,26-35,554,1,2,SUCCESS,0,Not fraud,
101781539135,2025-12-03 18:42:23,1151.2,P2P,Not applicable,Punjab,Bank of India,Paytm,Android,26-35,163,1,1,SUCCESS,0,Not fraud,
509549448814,2025-12-03 19:21:37,700.0,P2M,Others,Gujarat,Axis Bank,Google Pay,Android,18-25,576,0,4,PENDING,0,Not fraud,
961237346995,2025-12-03 20:40:28,1480.0,P2M,Grocery & Supermarkets,Gujarat,Canara Bank,BHIM,Android,26-35,708,0,4,SUCCESS,0,Not fraud,
383890410037,2025-12-04 10:51:52,1027.18,P2M,Grocery & Supermarkets,Chhattisgarh,HDFC Bank,PhonePe,iOS,46-59,1809,0,5,SUCCESS,0,Not fraud,
861647960586,2025-12-04 13:49:34,186.73,P2M,Healthcare,Chhattisgarh,Union Bank of India,PhonePe,Android,46-59,623,0,4,SUCCESS,0,Not fraud,
791952924856,2025-12-04 19:32:48,265.1,P2P,Not applicable,Karnataka,Axis Bank,PhonePe,iOS,36-45,261,0,3,SUCCESS,0,Not fraud,
260939532921,2025-12-04 21:25:17,714.66,P2P,Not applicable,Punjab,IDFC FIRST Bank,PhonePe,iOS,26-35,2466,1,6,SUCCESS,0,Not fraud,
781807871482,2025-12-04 22:47:15,141.71,P2M,Grocery & Supermarkets,Telangana,Kotak Mahindra Bank,PhonePe,Android,26-35,272,1,6,SUCCESS,0,Not fraud,
128535452974,2025-12-05 18:31:26,400.0,Bill Payment,Utilities,Karnataka,Axis Bank,Google Pay,Android,60+,552,0,1,SUCCESS,0,Not fraud,
585347330846,2025-12-05 19:13:48,1620.0,P2P,Not applicable,Uttar Pradesh,State Bank of India,PhonePe,Android,18-25,882,0,4,SUCCESS,0,Not fraud,
778542037743,2025-12-06 08:51:03,779.48,P2P,Not applicable,Uttar Pradesh,Axis Bank,PhonePe,Android,18-25,512,0,2,SUCCESS,0,Not fraud,
633743417813,2025-12-06 11:58:35,1077.39,Autopay/Mandate,Telecom & Recharge,Telangana,State Bank of India,PhonePe,Android,26-35,99,0,3,SUCCESS,0,Not fraud,
919134680794,2025-12-06 12:58:13,1720.0,P2P,Not applicable,Tamil Nadu,Other,Google Pay,Android,26-35,2407,0,3,SUCCESS,0,Not fraud,
988605951910,2025-12-06 19:43:21,1115.79,P2M,Financial Services,Uttar Pradesh,Bank of Baroda,PhonePe,Android,26-35,480,0,7,SUCCESS,0,Not fraud,
326380040458,2025-12-07 01:53:15,360.0,P2M,Food & Dining,Assam,State Bank of India,PhonePe,Android,18-25,3272,0,5,SUCCESS,0,Not fraud,
375806293382,2025-12-07 19:43:32,23885.19,Collect Request,Not applicable,Haryana,HDFC Bank,Amazon Pay,Android,18-25,392,0,3,SUCCESS,1,Fake Collect Request,14.6
401940917460,2025-12-08 07:56:58,417.17,P2P,Not applicable,Punjab,Bank of India,PhonePe,Android,26-35,2185,1,4,SUCCESS,0,Not fraud,
991660474170,2025-12-08 12:04:37,663.33,P2P,Not applicable,Punjab,Axis Bank,PhonePe,Android,18-25,133,0,2,SUCCESS,0,Not fraud,
552484696896,2025-12-08 12:19:02,230.0,P2M,Others,Gujarat,HDFC Bank,Google Pay,Android,18-25,209,0,5,SUCCESS,0,Not fraud,
671060052656,2025-12-08 12:31:05,3858.78,Collect Request,Not applicable,Odisha,HDFC Bank,PhonePe,Android,36-45,486,1,1,SUCCESS,0,Not fraud,
572376659724,2025-12-08 16:56:42,500.0,Bill Payment,Financial Services,Tamil Nadu,HDFC Bank,PhonePe,Android,18-25,2300,0,3,SUCCESS,0,Not fraud,
529905748412,2025-12-08 22:13:06,400.0,P2M,Food & Dining,Maharashtra,State Bank of India,PhonePe,Android,18-25,975,0,2,SUCCESS,0,Not fraud,
403400446552,2025-12-09 09:11:05,1000.0,P2M,Food & Dining,Odisha,Kotak Mahindra Bank,PhonePe,Android,26-35,41,0,4,SUCCESS,0,Not fraud,
198873768520,2025-12-09 11:43:01,400.0,P2M,Grocery & Supermarkets,Uttar Pradesh,State Bank of India,Google Pay,Android,26-35,63,0,4,SUCCESS,0,Not fraud,
109453820584,2025-12-09 15:18:10,1449.53,P2M,Food & Dining,Goa,Other,Google Pay,Android,36-45,231,0,6,SUCCESS,0,Not fraud,
798954565341,2025-12-09 16:51:26,994.17,P2P,Not applicable,Jammu & Kashmir,Other,Google Pay,Android,36-45,280,0,2,SUCCESS,0,Not fraud,
581725117777,2025-12-09 18:14:33,400.0,P2P,Not applicable,Chandigarh,Other,PhonePe,Android,26-35,1459,0,2,SUCCESS,0,Not fraud,
182818185175,2025-12-09 21:48:48,2480.0,P2M,Travel & Transport,Uttar Pradesh,Punjab National Bank,Google Pay,Android,46-59,182,1,2,SUCCESS,0,Not fraud,
227343722218,2025-12-09 22:05:09,687.76,P2P,Not applicable,Maharashtra,Bank of Baroda,Google Pay,Android,26-35,67,0,3,SUCCESS,0,Not fraud,
403373960223,2025-12-10 08:29:55,2480.0,P2P,Not applicable,Bihar,Axis Bank,PhonePe,Android,46-59,105,0,3,SUCCESS,0,Not fraud,
116559367980,2025-12-10 10:00:43,1332.8,P2M,Grocery & Supermarkets,Chhattisgarh,Other,Google Pay,Android,26-35,533,1,6,SUCCESS,0,Not fraud,
375388055327,2025-12-10 13:42:12,62.1,P2M,Food & Dining,Madhya Pradesh,Canara Bank,PhonePe,Feature Phone (USSD),36-45,90,0,4,SUCCESS,0,Not fraud,
104284624618,2025-12-10 13:56:33,50.0,P2P,Not applicable,Rajasthan,Other,PhonePe,Android,18-25,218,1,4,SUCCESS,0,Not fraud,
305610579978,2025-12-10 15:10:34,840.74,P2M,Telecom & Recharge,Uttar Pradesh,ICICI Bank,Paytm,Android,46-59,1436,0,2,SUCCESS,0,Not fraud,
672575518173,2025-12-10 19:10:30,142.74,P2M,Food & Dining,Odisha,Union Bank of India,Other,Android,36-45,759,0,3,SUCCESS,0,Not fraud,
220630525897,2025-12-10 19:21:38,800.0,P2P,Not applicable,Uttar Pradesh,ICICI Bank,PhonePe,iOS,18-25,550,0,2,SUCCESS,0,Not fraud,
212759834777,2025-12-11 09:38:14,600.0,P2P,Not applicable,Maharashtra,State Bank of India,PhonePe,iOS,26-35,951,1,3,SUCCESS,0,Not fraud,
352111951675,2025-12-11 09:49:02,230.0,Collect Request,Not applicable,Karnataka,Bank of Baroda,PhonePe,Android,18-25,47,1,2,SUCCESS,0,Not fraud,
753988922030,2025-12-11 16:16:43,837.8,P2M,Healthcare,Karnataka,HDFC Bank,PhonePe,iOS,18-25,308,0,5,SUCCESS,0,Not fraud,
168919746350,2025-12-11 16:30:18,700.0,P2M,Fuel,Uttar Pradesh,State Bank of India,PhonePe,Android,26-35,503,0,3,SUCCESS,0,Not fraud,
996424438014,2025-12-11 17:07:13,107.5,P2M,Telecom & Recharge,Maharashtra,Bank of Baroda,PhonePe,Android,46-59,902,0,4,FAILED,0,Not fraud,
877270582767,2025-12-11 17:45:14,4430.0,P2P,Not applicable,Tamil Nadu,Other,PhonePe,Android,36-45,588,1,3,SUCCESS,0,Not fraud,
963452112253,2025-12-11 19:40:46,1300.0,P2P,Not applicable,Tamil Nadu,HDFC Bank,Paytm,Android,26-35,252,0,1,SUCCESS,0,Not fraud,
578600955435,2025-12-12 09:42:51,237.82,P2M,Telecom & Recharge,Maharashtra,Axis Bank,PhonePe,Android,18-25,553,0,6,SUCCESS,0,Not fraud,
457002412099,2025-12-12 10:41:48,1390.0,P2P,Not applicable,Rajasthan,IDFC FIRST Bank,Amazon Pay,iOS,26-35,131,0,5,SUCCESS,0,Not fraud,
906874435645,2025-12-12 16:37:11,3748.38,Bill Payment,Utilities,Kerala,ICICI Bank,Paytm,iOS,46-59,396,0,6,SUCCESS,0,Not fraud,
405390101015,2025-12-12 17:30:01,613.37,P2P,Not applicable,Andhra Pradesh,State Bank of India,Google Pay,iOS,36-45,122,0,1,SUCCESS,0,Not fraud,
196231709493,2025-12-12 17:57:21,2060.0,P2M,Grocery & Supermarkets,Uttarakhand,IndusInd Bank,Google Pay,Android,36-45,6000,0,3,SUCCESS,0,Not fraud,
861159981650,2025-12-12 19:12:32,100.0,P2M,Food & Dining,Uttarakhand,Punjab National Bank,PhonePe,Android,36-45,219,0,6,SUCCESS,0,Not fraud,
621034049671,2025-12-13 01:03:43,7800.0,P2M,Grocery & Supermarkets,Haryana,Other,Google Pay,Android,26-35,4630,0,9,SUCCESS,1,Merchant Impersonation,8.9
990453882117,2025-12-13 12:36:02,50.0,P2M,Grocery & Supermarkets,Uttar Pradesh,Kotak Mahindra Bank,Google Pay,Android,46-59,155,0,6,SUCCESS,0,Not fraud,
988411959998,2025-12-13 12:52:33,7191.8,P2M,Travel & Transport,Maharashtra,Punjab National Bank,PhonePe,Android,60+,1795,1,2,SUCCESS,0,Not fraud,
566427142957,2025-12-13 14:04:11,5550.0,Collect Request,Not applicable,Maharashtra,Bank of India,PhonePe,iOS,46-59,557,1,3,SUCCESS,0,Not fraud,
433273546180,2025-12-13 14:18:30,1010.0,P2P,Not applicable,Telangana,Yes Bank,Other,Android,26-35,428,1,1,SUCCESS,0,Not fraud,
632982684367,2025-12-13 17:45:11,1961.64,Collect Request,Not applicable,Uttar Pradesh,Other,Google Pay,Android,26-35,764,1,6,SUCCESS,0,Not fraud,
989812367429,2025-12-13 17:47:14,800.0,Autopay/Mandate,Utilities,Delhi,Punjab National Bank,Google Pay,Android,36-45,309,0,2,SUCCESS,0,Not fraud,
863856047406,2025-12-13 20:18:09,693.86,P2M,Education,West Bengal,Axis Bank,Google Pay,iOS,46-59,1044,0,1,SUCCESS,0,Not fraud,
515048987478,2025-12-13 20:38:28,900.0,P2M,Financial Services,Maharashtra,HDFC Bank,PhonePe,Android,26-35,6000,0,5,SUCCESS,0,Not fraud,
396008635611,2025-12-13 22:59:08,2395.29,P2P,Not applicable,Uttar Pradesh,Axis Bank,Google Pay,Android,18-25,858,1,3,SUCCESS,0,Not fraud,
554361203894,2025-12-14 08:35:24,590.0,P2M,E-commerce,Andhra Pradesh,ICICI Bank,PhonePe,iOS,60+,256,1,5,SUCCESS,0,Not fraud,
550904250404,2025-12-14 15:28:31,1390.36,Autopay/Mandate,Financial Services,Haryana,Canara Bank,Other,Android,26-35,532,0,1,SUCCESS,0,Not fraud,
528537469519,2025-12-14 18:30:58,1000.0,P2M,Financial Services,Karnataka,State Bank of India,PhonePe,Android,26-35,972,0,4,SUCCESS,0,Not fraud,
490689875953,2025-12-14 18:42:43,5482.71,Bill Payment,Utilities,Telangana,HDFC Bank,PhonePe,Android,60+,883,0,4,SUCCESS,1,Fake Customer Care,86.4
279894577640,2025-12-14 20:44:30,2800.0,Collect Request,Not applicable,Madhya Pradesh,Kotak Mahindra Bank,Google Pay,iOS,18-25,1324,0,4,SUCCESS,0,Not fraud,
989011924977,2025-12-14 20:56:42,352.69,P2P,Not applicable,Karnataka,State Bank of India,Google Pay,Android,18-25,1435,1,1,SUCCESS,0,Not fraud,
442319649530,2025-12-14 23:36:58,600.0,Collect Request,Not applicable,West Bengal,Axis Bank,PhonePe,Android,46-59,2625,0,7,SUCCESS,0,Not fraud,
863973045640,2025-12-15 08:47:43,525.46,P2P,Not applicable,Haryana,ICICI Bank,PhonePe,Android,46-59,3290,0,1,SUCCESS,0,Not fraud,
572347479128,2025-12-15 11:39:05,700.62,Autopay/Mandate,Financial Services,West Bengal,Bank of Baroda,PhonePe,Android,36-45,823,1,2,SUCCESS,0,Not fraud,
861323516569,2025-12-15 12:07:55,350.0,P2P,Not applicable,Tamil Nadu,HDFC Bank,Paytm,Android,26-35,377,0,4,SUCCESS,0,Not fraud,
648293805076,2025-12-15 12:51:31,244.53,P2P,Not applicable,Telangana,ICICI Bank,PhonePe,Android,26-35,3470,0,5,SUCCESS,0,Not fraud,
782158310763,2025-12-15 18:27:14,1350.0,Collect Request,Not applicable,Tamil Nadu,Other,Google Pay,Android,26-35,4981,0,5,SUCCESS,0,Not fraud,
805331558844,2025-12-15 19:05:40,600.0,P2P,Not applicable,Uttar Pradesh,State Bank of India,PhonePe,Android,46-59,2284,1,4,SUCCESS,0,Not fraud,
449311455938,2025-12-16 05:19:25,1950.0,P2P,Not applicable,Chhattisgarh,Punjab National Bank,Google Pay,Android,36-45,523,0,3,SUCCESS,0,Not fraud,
781145419735,2025-12-16 13:56:45,1180.0,P2P,Not applicable,Maharashtra,Union Bank of India,Google Pay,iOS,36-45,1036,0,4,SUCCESS,0,Not fraud,
745777782177,2025-12-16 14:08:13,460.0,P2P,Not applicable,Chhattisgarh,Other,Paytm,Android,26-35,554,0,3,SUCCESS,0,Not fraud,
501436536081,2025-12-16 21:58:55,195.92,P2M,Utilities,Uttar Pradesh,HDFC Bank,PhonePe,Android,26-35,429,1,1,FAILED,0,Not fraud,
618503053634,2025-12-17 09:04:42,3046.6,P2M,Travel & Transport,Uttar Pradesh,State Bank of India,PhonePe,Android,18-25,54,0,4,SUCCESS,0,Not fraud,
929635654400,2025-12-17 12:05:50,4012.74,P2P,Not applicable,Maharashtra,Other,Paytm,Android,36-45,845,0,4,SUCCESS,0,Not fraud,
333632822224,2025-12-17 17:40:49,807.82,P2M,Grocery & Supermarkets,Chhattisgarh,Canara Bank,Google Pay,Feature Phone (USSD),18-25,299,0,3,SUCCESS,0,Not fraud,
942364695634,2025-12-17 18:20:56,60.0,P2M,Food & Dining,Delhi,HDFC Bank,Google Pay,Android,36-45,18,0,4,SUCCESS,0,Not fraud,
396867112789,2025-12-17 18:25:28,390.0,Autopay/Mandate,Financial Services,Kerala,State Bank of India,Google Pay,Android,36-45,375,0,3,SUCCESS,0,Not fraud,
186027029993,2025-12-17 21:32:51,350.0,P2P,Not applicable,Gujarat,Union Bank of India,PhonePe,iOS,36-45,141,1,2,SUCCESS,0,Not fraud,
324797904540,2025-12-18 01:48:09,472.74,P2M,Food & Dining,Uttar Pradesh,State Bank of India,Google Pay,Android,18-25,761,1,6,SUCCESS,1,QR Code Scam,5.7
896402235667,2025-12-18 10:18:33,100.0,P2P,Not applicable,Karnataka,State Bank of India,PhonePe,Android,36-45,45,0,1,SUCCESS,0,Not fraud,
611852184632,2025-12-18 11:04:46,650.0,P2M,Healthcare,Maharashtra,Punjab National Bank,PhonePe,Android,26-35,78,0,4,SUCCESS,0,Not fraud,
976701016662,2025-12-18 20:15:02,210.0,Autopay/Mandate,Entertainment & OTT,Tamil Nadu,IndusInd Bank,Other,Android,26-35,367,0,3,SUCCESS,0,Not fraud,
680057683679,2025-12-18 20:44:48,890.0,P2M,Fuel,Tamil Nadu,HDFC Bank,Google Pay,Android,18-25,1371,0,1,SUCCESS,0,Not fraud,
372132721218,2025-12-18 23:52:02,490.0,P2M,Food & Dining,Karnataka,Other,PhonePe,Android,36-45,134,0,10,SUCCESS,0,Not fraud,
736423869391,2025-12-19 18:39:30,600.0,Collect Request,Not applicable,Karnataka,Other,Google Pay,Android,18-25,1770,1,2,SUCCESS,0,Not fraud,
897972269846,2025-12-19 19:19:07,100.0,P2M,Telecom & Recharge,Karnataka,ICICI Bank,PhonePe,Android,36-45,1847,0,5,SUCCESS,0,Not fraud,
362933183415,2025-12-19 22:59:27,5625.67,P2P,Not applicable,West Bengal,State Bank of India,Other,Android,26-35,282,0,1,SUCCESS,0,Not fraud,
530752755989,2025-12-20 07:13:06,1420.0,P2M,Healthcare,Telangana,HDFC Bank,PhonePe,iOS,18-25,376,0,4,SUCCESS,0,Not fraud,
634685846525,2025-12-20 08:40:05,800.0,P2M,Education,Odisha,HDFC Bank,Google Pay,Android,36-45,1583,0,3,SUCCESS,0,Not fraud,
504623978840,2025-12-20 16:49:42,300.0,P2P,Not applicable,Uttar Pradesh,Bank of India,Google Pay,iOS,26-35,708,0,2,SUCCESS,0,Not fraud,
395995495744,2025-12-20 21:44:28,3775.79,P2P,Not applicable,Maharashtra,IDFC FIRST Bank,PhonePe,Android,26-35,1303,0,3,SUCCESS,0,Not fraud,
991328342550,2025-12-21 13:22:47,900.0,P2M,Financial Services,Telangana,ICICI Bank,Paytm,Android,26-35,418,1,3,SUCCESS,0,Not fraud,
965462329500,2025-12-21 17:39:35,40.0,P2M,Food & Dining,Odisha,State Bank of India,Paytm,Android,26-35,176,0,7,SUCCESS,0,Not fraud,
184337768959,2025-12-21 18:05:12,659.58,P2M,E-commerce,Andhra Pradesh,Axis Bank,Google Pay,Android,26-35,438,0,1,SUCCESS,0,Not fraud,
831602163137,2025-12-22 10:14:20,300.0,P2M,Food & Dining,Gujarat,State Bank of India,PhonePe,Android,18-25,932,0,6,SUCCESS,0,Not fraud,
172325374489,2025-12-22 10:57:23,1552.19,Bill Payment,Utilities,Himachal Pradesh,Canara Bank,PhonePe,iOS,36-45,122,0,4,SUCCESS,0,Not fraud,
854738130592,2025-12-22 14:23:26,532.01,P2M,Financial Services,Uttar Pradesh,IndusInd Bank,BHIM,Android,46-59,532,0,5,SUCCESS,0,Not fraud,
543256217512,2025-12-23 00:16:53,400.0,P2M,Food & Dining,Madhya Pradesh,Axis Bank,Google Pay,Android,60+,202,0,7,SUCCESS,0,Not fraud,
582050724415,2025-12-23 10:58:23,363.13,P2P,Not applicable,Bihar,Axis Bank,PhonePe,Android,26-35,195,1,4,SUCCESS,0,Not fraud,
836646122247,2025-12-23 20:58:47,300.0,P2M,Grocery & Supermarkets,Maharashtra,Bank of Baroda,PhonePe,Android,26-35,460,0,3,SUCCESS,0,Not fraud,
971712663248,2025-12-24 09:26:03,717.4,P2P,Not applicable,Rajasthan,HDFC Bank,Google Pay,Android,18-25,345,0,1,SUCCESS,0,Not fraud,
106951015563,2025-12-24 13:09:11,843.83,P2M,E-commerce,West Bengal,HDFC Bank,Google Pay,Android,18-25,1612,0,3,SUCCESS,0,Not fraud,
997540143122,2025-12-24 17:09:29,2600.0,P2P,Not applicable,Andhra Pradesh,HDFC Bank,Paytm,Android,18-25,259,0,3,SUCCESS,0,Not fraud,
718550000602,2025-12-24 18:57:48,340.0,P2M,Food & Dining,Delhi,HDFC Bank,Amazon Pay,Android,26-35,297,1,5,SUCCESS,0,Not fraud,
363368180817,2025-12-24 22:08:08,671.12,Autopay/Mandate,Telecom & Recharge,Madhya Pradesh,State Bank of India,Other,Android,26-35,1178,0,2,SUCCESS,0,Not fraud,
475832089898,2025-12-24 23:39:50,4810.0,Collect Request,Not applicable,Assam,Other,PhonePe,Android,26-35,1009,1,3,SUCCESS,1,Fake Collect Request,51.2
310061484980,2025-12-25 07:11:44,276.54,P2M,E-commerce,Maharashtra,State Bank of India,Google Pay,Android,26-35,844,0,2,SUCCESS,0,Not fraud,
233553872955,2025-12-25 09:44:45,1100.0,P2M,Telecom & Recharge,Tamil Nadu,Yes Bank,Google Pay,Android,26-35,3260,0,3,SUCCESS,0,Not fraud,
627452469846,2025-12-25 10:22:46,405.67,P2P,Not applicable,Karnataka,Other,PhonePe,Android,36-45,632,0,3,SUCCESS,0,Not fraud,
499820753367,2025-12-25 11:28:18,100.0,P2M,Grocery & Supermarkets,Uttarakhand,Axis Bank,Other,Android,26-35,184,1,5,SUCCESS,0,Not fraud,
264726461166,2025-12-25 13:52:47,568.03,P2M,Telecom & Recharge,Delhi,State Bank of India,Google Pay,Android,36-45,856,0,2,SUCCESS,0,Not fraud,
900429692027,2025-12-25 21:38:43,858.98,P2P,Not applicable,Maharashtra,State Bank of India,Google Pay,Android,46-59,431,0,1,SUCCESS,0,Not fraud,
404588233777,2025-12-26 11:09:04,709.68,P2M,Financial Services,Punjab,State Bank of India,PhonePe,Android,26-35,275,1,4,SUCCESS,0,Not fraud,
803393893759,2025-12-26 15:27:47,641.65,P2M,Healthcare,Maharashtra,State Bank of India,Google Pay,Android,18-25,52,0,5,SUCCESS,0,Not fraud,
197931082503,2025-12-26 16:55:54,1002.04,P2M,Fuel,Odisha,Bank of Baroda,PhonePe,Android,26-35,4739,1,4,SUCCESS,0,Not fraud,
549170988228,2025-12-26 19:10:11,6840.59,P2P,Not applicable,Uttar Pradesh,Punjab National Bank,Google Pay,Android,18-25,3006,0,2,DEEMED,0,Not fraud,
746535207338,2025-12-26 23:18:38,225.81,P2P,Not applicable,Telangana,Axis Bank,PhonePe,Android,46-59,991,1,2,SUCCESS,0,Not fraud,
732856014963,2025-12-27 13:16:37,245.96,P2M,Healthcare,Madhya Pradesh,IndusInd Bank,PhonePe,iOS,60+,879,0,5,SUCCESS,0,Not fraud,
195440998935,2025-12-27 17:08:30,80.0,P2M,Others,Telangana,Union Bank of India,PhonePe,Android,26-35,40,0,3,SUCCESS,0,Not fraud,
985428181483,2025-12-27 18:50:05,800.0,P2M,Healthcare,Madhya Pradesh,Union Bank of India,Google Pay,iOS,18-25,632,0,3,SUCCESS,0,Not fraud,
143139569652,2025-12-27 19:37:12,229.12,P2M,Others,Uttar Pradesh,Kotak Mahindra Bank,Google Pay,Android,26-35,379,0,5,SUCCESS,0,Not fraud,
692553683221,2025-12-27 20:03:10,750.0,P2P,Not applicable,Maharashtra,State Bank of India,PhonePe,Android,26-35,1616,0,2,SUCCESS,0,Not fraud,
954280297464,2025-12-28 09:29:08,900.0,P2M,Utilities,Andhra Pradesh,Bank of Baroda,PhonePe,Android,26-35,840,0,5,SUCCESS,0,Not fraud,
674931632494,2025-12-28 12:11:12,300.0,P2M,Grocery & Supermarkets,Chhattisgarh,HDFC Bank,PhonePe,Android,26-35,559,0,8,SUCCESS,0,Not fraud,
805399643062,2025-12-28 14:14:57,120.0,P2M,Utilities,Gujarat,Axis Bank,Google Pay,Android,26-35,1100,0,1,SUCCESS,0,Not fraud,
212752297526,2025-12-28 16:08:31,247.96,P2M,Utilities,Rajasthan,Other,PhonePe,Android,36-45,740,0,8,SUCCESS,0,Not fraud,
180776401907,2025-12-28 18:54:06,200.0,P2M,Telecom & Recharge,Andhra Pradesh,State Bank of India,Paytm,Android,36-45,290,0,5,DEEMED,0,Not fraud,
516586580448,2025-12-28 20:41:18,230.86,P2M,Telecom & Recharge,Andhra Pradesh,Bank of India,Google Pay,Android,26-35,1155,0,7,SUCCESS,0,Not fraud,
111941415922,2025-12-28 20:45:03,3080.0,P2P,Not applicable,Rajasthan,HDFC Bank,PhonePe,Android,26-35,605,1,2,FAILED,0,Not fraud,
129031013627,2025-12-28 21:28:11,800.0,P2M,Healthcare,Haryana,State Bank of India,PhonePe,Android,18-25,92,0,6,SUCCESS,0,Not fraud,
927976527399,2025-12-29 00:05:11,9428.75,P2P,Not applicable,Gujarat,Bank of Baroda,Google Pay,Android,18-25,392,0,5,SUCCESS,1,Fake Customer Care,22.2
469761295089,2025-12-29 09:39:38,139.34,P2M,Grocery & Supermarkets,Telangana,HDFC Bank,Google Pay,Android,18-25,4187,0,5,SUCCESS,0,Not fraud,
706578033726,2025-12-29 21:52:08,2600.0,P2P,Not applicable,Gujarat,ICICI Bank,CRED,Android,46-59,205,0,4,SUCCESS,0,Not fraud,
908087597602,2025-12-30 09:24:47,1120.0,P2M,Telecom & Recharge,Uttar Pradesh,State Bank of India,Paytm,Android,26-35,441,1,4,SUCCESS,0,Not fraud,
523435174284,2025-12-30 09:46:25,108.31,P2M,Grocery & Supermarkets,Rajasthan,State Bank of India,PhonePe,Android,26-35,245,0,4,SUCCESS,0,Not fraud,
727509495294,2025-12-30 10:12:37,600.0,P2M,Education,Maharashtra,Indian Bank,Google Pay,Android,26-35,2006,0,4,SUCCESS,0,Not fraud,
337457522938,2025-12-30 11:05:32,1520.0,P2M,Travel & Transport,Delhi,Axis Bank,PhonePe,Android,36-45,620,0,7,SUCCESS,0,Not fraud,
880781939907,2025-12-30 13:18:47,1200.0,P2M,E-commerce,Tamil Nadu,Kotak Mahindra Bank,PhonePe,Android,26-35,2491,0,4,SUCCESS,0,Not fraud,
541911730352,2025-12-30 17:02:18,300.0,P2M,E-commerce,Haryana,Indian Bank,Paytm,Android,18-25,1217,0,3,SUCCESS,0,Not fraud,
453575318116,2025-12-30 17:27:47,84.64,P2M,Utilities,Rajasthan,HDFC Bank,Google Pay,Android,26-35,4767,0,2,SUCCESS,0,Not fraud,
898061646693,2025-12-30 19:40:45,135.84,P2M,Others,Telangana,IndusInd Bank,Google Pay,iOS,18-25,18,1,4,SUCCESS,0,Not fraud,
567126058082,2025-12-31 08:51:43,710.0,Bill Payment,Telecom & Recharge,Assam,Canara Bank,PhonePe,Android,18-25,284,0,1,SUCCESS,0,Not fraud,
762010186565,2025-12-31 09:09:02,214.03,P2M,Utilities,Telangana,Bank of Baroda,Paytm,Android,26-35,276,0,2,SUCCESS,0,Not fraud,
643180569224,2025-12-31 14:25:09,1802.03,P2P,Not applicable,Andhra Pradesh,ICICI Bank,Google Pay,Android,18-25,539,0,2,SUCCESS,0,Not fraud,
263514240836,2025-12-31 18:25:10,747.69,P2M,E-commerce,Andhra Pradesh,HDFC Bank,Google Pay,Android,26-35,1072,0,3,SUCCESS,0,Not fraud,
765235605956,2025-12-31 19:22:49,1740.0,P2P,Not applicable,Karnataka,Other,PhonePe,Android,36-45,1514,0,3,SUCCESS,0,Not fraud,
996371938550,2025-12-31 21:09:07,2200.0,P2P,Not applicable,Rajasthan,IDFC FIRST Bank,Google Pay,iOS,36-45,555,0,2,SUCCESS,0,Not fraud,
436908890052,2025-12-31 21:34:46,6378.5,P2M,Healthcare,Gujarat,Other,PhonePe,Android,18-25,544,0,3,SUCCESS,0,Not fraud,
